EmployeeID,Age,Gender,MaritalStatus,Department,JobRole,Education,EducationField,BusinessTravel,DistanceFromHome,MonthlyIncome,PercentSalaryHike,StockOptionLevel,OverTime,TotalWorkingYears,YearsAtCompany,YearsInCurrentRole,YearsSinceLastPromotion,NumCompaniesWorked,TrainingTimesLastYear,JobSatisfaction,EnvironmentSatisfaction,WorkLifeBalance,JobInvolvement,PerformanceRating,HireDate,Attrition,TenureBucket,AgeGroup,SalaryBand,AttritionFlag,EducationLevel,AttritionRiskScore,RiskTier,TenureMonths
E00001,41,Male,Married,Research & Development,Research Scientist,2,Marketing,Travel_Rarely,28,6946.0,15,0,No,10,10,2,1,2,0,2,2,2,3,3,2014-09-01,No,6-10 yrs,35-44,Mid-High,0,College,30,Medium Risk,124.0
E00002,30,Female,Married,Sales,Manager,1,Life Sciences,Non-Travel,1,6668.0,22,2,No,12,12,4,0,1,1,4,2,3,2,3,2012-10-01,No,10+ yrs,25-34,Mid-High,0,Below College,0,Low Risk,147.0
E00003,28,Male,Married,IT,Data Analyst,5,Human Resources,Non-Travel,2,8479.0,11,2,No,3,2,0,2,4,6,4,1,4,3,3,2022-02-01,No,2-3 yrs,25-34,High,0,Doctorate,0,Low Risk,35.0
E00004,34,Male,Married,Sales,Manager,4,Business,Travel_Rarely,11,7925.0,21,1,No,13,10,1,0,2,3,3,1,2,1,3,2014-04-01,No,6-10 yrs,25-34,High,0,Master,0,Low Risk,129.0
E00005,29,Female,Divorced,Marketing,Manager,3,Business,Travel_Rarely,3,5538.0,11,0,Yes,9,3,0,0,0,2,4,2,3,1,3,2021-12-01,Yes,2-3 yrs,25-34,Low,1,Bachelor,40,Medium Risk,37.0
E00006,40,Male,Married,Sales,Manager,4,Life Sciences,Travel_Frequently,29,5117.0,16,1,Yes,3,0,0,0,3,4,3,1,2,3,3,2024-06-01,Yes,0-1 yrs,35-44,Low,1,Master,65,High Risk,7.0
E00007,36,Female,Married,Research & Development,Research Director,2,Marketing,Travel_Rarely,1,6075.0,11,0,No,4,1,0,1,3,0,3,2,3,3,4,2023-04-01,No,0-1 yrs,35-44,Mid-Low,0,College,15,Low Risk,21.0
E00008,43,Female,Divorced,Research & Development,Laboratory Technician,3,Marketing,Travel_Frequently,17,5873.0,19,0,No,6,1,0,1,0,0,4,4,3,3,4,2023-06-01,No,0-1 yrs,35-44,Mid-Low,0,Bachelor,15,Low Risk,19.0
E00009,43,Male,Married,Research & Development,Research Scientist,4,Other,Travel_Rarely,8,6420.0,11,0,Yes,8,6,0,1,2,0,4,3,4,3,3,2018-01-01,No,6-10 yrs,35-44,Mid-Low,0,Master,25,Medium Risk,84.0
E00010,45,Female,Divorced,Marketing,Marketing Analyst,3,Life Sciences,Travel_Rarely,2,7295.0,12,2,No,17,15,1,1,2,6,3,4,4,1,3,2009-01-01,No,10+ yrs,45-54,Mid-High,0,Bachelor,0,Low Risk,192.0
E00011,24,Female,Divorced,Sales,Sales Representative,4,Human Resources,Non-Travel,1,4955.0,13,0,No,0,0,0,0,2,2,4,1,3,3,3,2024-06-01,No,0-1 yrs,18-24,Low,0,Master,30,Medium Risk,7.0
E00012,37,Male,Married,Research & Development,Research Scientist,2,Human Resources,Travel_Rarely,1,5551.0,16,0,No,4,3,3,0,4,1,1,3,3,3,3,2021-06-01,No,2-3 yrs,35-44,Low,0,College,35,Medium Risk,43.0
E00013,40,Female,Married,Finance,Financial Analyst,2,Marketing,Travel_Rarely,1,8746.0,15,1,No,7,7,0,0,1,5,3,1,3,3,3,2017-08-01,No,6-10 yrs,35-44,High,0,College,0,Low Risk,89.0
E00014,43,Male,Married,Marketing,Marketing Analyst,5,Technical Degree,Non-Travel,25,6173.0,17,0,No,4,2,2,0,3,0,1,1,1,1,3,2022-10-01,No,2-3 yrs,35-44,Mid-Low,0,Doctorate,45,Medium Risk,27.0
E00015,41,Male,Married,Human Resources,HR Executive,3,Marketing,Travel_Frequently,3,9019.0,16,1,No,23,23,1,0,2,5,3,4,3,2,4,2005-10-01,No,10+ yrs,35-44,High,0,Bachelor,0,Low Risk,231.0
E00016,35,Male,Married,Human Resources,HR Executive,3,Human Resources,Travel_Frequently,6,5400.0,14,0,No,6,6,3,2,2,4,3,1,2,3,3,2018-02-01,No,6-10 yrs,35-44,Low,0,Bachelor,15,Low Risk,83.0
E00017,41,Female,Divorced,Sales,Sales Executive,2,Other,Travel_Rarely,12,7764.0,12,0,No,21,21,3,0,5,1,4,1,3,1,3,2005-05-01,No,10+ yrs,35-44,High,0,College,0,Low Risk,236.0
E00018,18,Female,Single,Marketing,Marketing Executive,4,Business,Travel_Rarely,29,5068.0,11,1,No,0,0,0,0,1,3,4,4,4,1,3,2024-12-01,No,0-1 yrs,18-24,Low,0,Master,40,Medium Risk,1.0
E00019,25,Male,Single,Research & Development,Research Director,3,Human Resources,Travel_Rarely,13,6515.0,12,2,No,7,7,2,0,4,6,3,3,4,4,2,2017-01-01,No,6-10 yrs,25-34,Mid-Low,0,Bachelor,0,Low Risk,96.0
E00020,49,Male,Single,Research & Development,Manufacturing Director,2,Technical Degree,Travel_Frequently,4,6734.0,17,1,Yes,10,8,8,8,5,6,3,2,3,3,3,2016-09-01,No,6-10 yrs,45-54,Mid-High,0,College,25,Medium Risk,100.0
E00021,50,Male,Single,Research & Development,Manufacturing Director,1,Business,Travel_Rarely,10,6960.0,14,0,No,4,4,2,1,3,1,4,2,3,3,3,2020-11-01,No,4-5 yrs,45-54,Mid-High,0,Below College,0,Low Risk,50.0
E00022,40,Male,Married,Sales,Sales Executive,3,Technical Degree,Non-Travel,1,4842.0,17,0,Yes,2,1,1,1,2,1,2,2,1,2,3,2023-09-01,Yes,0-1 yrs,35-44,Low,1,Bachelor,90,High Risk,16.0
E00023,33,Male,Divorced,Human Resources,HR Specialist,2,Marketing,Travel_Rarely,7,3926.0,13,0,No,2,1,0,0,1,5,4,1,2,3,4,2023-07-01,Yes,0-1 yrs,25-34,Low,1,College,30,Medium Risk,18.0
E00024,45,Male,Divorced,Research & Development,Laboratory Technician,2,Business,Travel_Rarely,1,5692.0,20,0,No,3,0,0,0,2,1,4,3,2,2,3,2024-05-01,No,0-1 yrs,45-54,Mid-Low,0,College,15,Low Risk,8.0
E00025,35,Female,Single,Sales,Sales Representative,4,Other,Travel_Rarely,29,5369.0,12,0,No,12,9,0,0,4,5,4,1,4,3,3,2015-01-01,No,6-10 yrs,35-44,Low,0,Master,25,Medium Risk,120.0
E00026,27,Female,Single,Research & Development,Research Scientist,3,Marketing,Travel_Rarely,6,9430.0,11,1,Yes,9,9,0,1,5,5,1,1,1,2,3,2015-12-01,No,6-10 yrs,25-34,High,0,Bachelor,60,High Risk,109.0
E00027,41,Female,Single,Research & Development,Research Scientist,4,Business,Travel_Rarely,8,9062.0,14,1,No,8,8,4,0,3,4,3,4,3,3,4,2016-03-01,No,6-10 yrs,35-44,High,0,Master,0,Low Risk,106.0
E00028,44,Female,Married,Research & Development,Laboratory Technician,3,Technical Degree,Travel_Rarely,2,6771.0,16,1,Yes,13,7,2,1,3,5,1,3,3,4,3,2017-04-01,No,6-10 yrs,35-44,Mid-High,0,Bachelor,45,Medium Risk,93.0
E00029,37,Male,Married,Finance,Accountant,3,Technical Degree,Non-Travel,4,6308.0,12,0,No,2,1,1,1,2,3,3,3,3,1,4,2023-08-01,Yes,0-1 yrs,35-44,Mid-Low,1,Bachelor,15,Low Risk,17.0
E00030,48,Male,Single,IT,IT Support,5,Business,Travel_Rarely,3,7713.0,11,0,No,2,1,1,0,3,5,4,3,2,3,4,2023-03-01,No,0-1 yrs,45-54,High,0,Doctorate,15,Low Risk,22.0
E00031,18,Female,Married,Sales,Sales Executive,3,Business,Travel_Frequently,4,5501.0,25,0,No,0,0,0,0,2,2,3,2,2,2,3,2024-02-01,No,0-1 yrs,18-24,Low,0,Bachelor,30,Medium Risk,11.0
E00032,27,Male,Married,Research & Development,Research Director,4,Technical Degree,Non-Travel,4,7129.0,11,2,Yes,2,1,1,1,3,2,4,4,1,2,3,2023-08-01,No,0-1 yrs,25-34,Mid-High,0,Master,55,High Risk,17.0
E00033,48,Female,Divorced,Sales,Sales Representative,2,Business,Non-Travel,1,5858.0,13,1,Yes,1,1,1,0,2,1,3,3,4,4,3,2023-05-01,No,0-1 yrs,45-54,Mid-Low,0,College,40,Medium Risk,20.0
E00034,46,Female,Single,Sales,Sales Representative,4,Marketing,Non-Travel,8,8057.0,11,0,Yes,11,11,4,0,4,2,4,4,3,2,3,2013-12-01,No,10+ yrs,45-54,High,0,Master,25,Medium Risk,133.0
E00035,33,Male,Married,Sales,Sales Representative,2,Human Resources,Non-Travel,3,5618.0,11,1,No,6,5,0,3,6,4,2,4,1,3,3,2019-04-01,Yes,4-5 yrs,25-34,Low,1,College,50,High Risk,69.0
E00036,35,Female,Single,Sales,Sales Representative,3,Medical,Travel_Rarely,2,4985.0,22,3,No,2,0,0,0,4,2,4,2,3,3,2,2024-05-01,No,0-1 yrs,35-44,Low,0,Bachelor,30,Medium Risk,8.0
E00037,44,Male,Married,Finance,Financial Analyst,2,Medical,Travel_Rarely,29,6413.0,11,0,No,2,0,0,0,6,2,2,1,3,2,2,2024-05-01,Yes,0-1 yrs,35-44,Mid-Low,1,College,45,Medium Risk,8.0
E00038,41,Female,Single,Research & Development,Laboratory Technician,3,Life Sciences,Travel_Frequently,4,7399.0,14,1,No,5,3,2,2,3,5,1,2,3,4,2,2021-09-01,No,2-3 yrs,35-44,High,0,Bachelor,20,Low Risk,40.0
E00039,39,Female,Single,Finance,Financial Analyst,3,Business,Non-Travel,19,5993.0,15,1,Yes,9,9,3,1,5,3,3,1,4,3,3,2015-10-01,No,6-10 yrs,35-44,Mid-Low,0,Bachelor,25,Medium Risk,111.0
E00040,41,Male,Single,Sales,Sales Executive,4,Business,Travel_Rarely,2,7808.0,24,2,No,10,8,2,0,2,0,4,4,3,3,3,2016-12-01,No,6-10 yrs,35-44,High,0,Master,0,Low Risk,97.0
E00041,41,Male,Single,Research & Development,Manufacturing Director,3,Other,Travel_Frequently,26,6925.0,15,1,Yes,2,0,0,0,3,2,4,1,4,3,4,2024-11-01,No,0-1 yrs,35-44,Mid-High,0,Bachelor,50,High Risk,2.0
E00042,39,Female,Married,Sales,Sales Executive,4,Other,Travel_Rarely,1,7816.0,14,1,No,15,6,0,3,4,1,4,1,3,3,3,2018-03-01,No,6-10 yrs,35-44,High,0,Master,0,Low Risk,82.0
E00043,39,Female,Married,Sales,Manager,3,Business,Travel_Rarely,23,8229.0,14,1,Yes,11,7,3,0,4,5,4,3,1,1,4,2017-10-01,No,6-10 yrs,35-44,High,0,Bachelor,50,High Risk,87.0
E00044,18,Female,Married,Sales,Sales Representative,3,Other,Travel_Frequently,1,4898.0,17,0,No,0,0,0,0,4,2,1,4,4,4,4,2024-09-01,Yes,0-1 yrs,18-24,Low,1,Bachelor,50,High Risk,4.0
E00045,36,Female,Single,Finance,Accountant,4,Human Resources,Travel_Frequently,12,7505.0,12,1,Yes,0,0,0,0,2,5,4,2,3,1,3,2024-08-01,Yes,0-1 yrs,35-44,High,1,Master,40,Medium Risk,5.0
E00046,36,Male,Single,Research & Development,Research Director,2,Medical,Non-Travel,1,6574.0,16,1,No,6,3,2,0,3,3,2,4,2,3,3,2021-01-01,No,2-3 yrs,35-44,Mid-High,0,College,20,Low Risk,48.0
E00047,27,Male,Married,IT,Data Analyst,4,Medical,Travel_Rarely,18,6547.0,15,2,No,0,0,0,0,2,3,3,2,4,4,3,2024-03-01,No,0-1 yrs,25-34,Mid-High,0,Master,15,Low Risk,10.0
E00048,45,Male,Married,Sales,Sales Representative,3,Technical Degree,Travel_Rarely,12,4621.0,12,0,No,11,0,0,0,0,2,3,4,2,4,4,2024-06-01,No,0-1 yrs,45-54,Low,0,Bachelor,30,Medium Risk,7.0
E00049,33,Female,Married,Sales,Sales Executive,4,Human Resources,Travel_Rarely,16,6476.0,19,0,No,2,2,1,2,3,1,4,3,4,4,3,2022-04-01,No,2-3 yrs,25-34,Mid-Low,0,Master,0,Low Risk,33.0
E00050,35,Female,Married,IT,IT Support,3,Human Resources,Non-Travel,3,8864.0,11,0,No,15,9,1,0,2,3,3,4,2,3,3,2015-10-01,No,6-10 yrs,35-44,High,0,Bachelor,0,Low Risk,111.0
E00051,34,Male,Married,Research & Development,Research Director,4,Business,Travel_Frequently,5,7310.0,15,0,No,3,0,0,0,1,1,3,4,2,2,3,2024-11-01,No,0-1 yrs,25-34,Mid-High,0,Master,15,Low Risk,2.0
E00052,32,Male,Married,Sales,Sales Executive,3,Medical,Travel_Rarely,5,7949.0,19,1,No,14,14,0,4,1,6,1,1,2,3,3,2010-06-01,Yes,10+ yrs,25-34,High,1,Bachelor,20,Low Risk,175.0
E00053,44,Female,Married,IT,Data Analyst,1,Medical,Travel_Rarely,21,5672.0,13,0,No,4,4,4,1,2,3,2,4,3,3,2,2020-02-01,Yes,4-5 yrs,35-44,Mid-Low,1,Below College,30,Medium Risk,59.0
E00054,38,Female,Married,Research & Development,Laboratory Technician,4,Human Resources,Travel_Rarely,3,7304.0,15,1,No,7,7,1,2,0,3,4,3,3,2,3,2017-10-01,No,6-10 yrs,35-44,Mid-High,0,Master,0,Low Risk,87.0
E00055,45,Male,Married,Finance,Financial Analyst,1,Medical,Travel_Rarely,5,5457.0,15,0,No,0,0,0,0,0,6,4,4,3,4,3,2024-06-01,No,0-1 yrs,45-54,Low,0,Below College,30,Medium Risk,7.0
E00056,40,Male,Single,Sales,Sales Representative,3,Marketing,Travel_Rarely,29,7244.0,21,2,No,13,13,1,1,3,0,1,4,3,2,3,2011-08-01,No,10+ yrs,35-44,Mid-High,0,Bachelor,30,Medium Risk,161.0
E00057,38,Female,Divorced,Research & Development,Manufacturing Director,2,Life Sciences,Travel_Rarely,11,7088.0,17,0,No,12,5,0,0,3,2,2,4,4,3,4,2019-05-01,Yes,4-5 yrs,35-44,Mid-High,1,College,20,Low Risk,68.0
E00058,40,Male,Single,Human Resources,Manager,3,Human Resources,Non-Travel,4,4393.0,22,0,No,2,0,0,0,0,4,2,4,3,2,4,2024-03-01,No,0-1 yrs,35-44,Low,0,Bachelor,50,High Risk,10.0
E00059,31,Male,Married,Research & Development,Research Scientist,2,Human Resources,Travel_Rarely,9,4598.0,17,0,Yes,2,0,0,0,1,6,2,1,3,3,4,2024-09-01,No,0-1 yrs,25-34,Low,0,College,75,High Risk,4.0
E00060,37,Male,Married,Sales,Sales Representative,4,Life Sciences,Travel_Rarely,8,5302.0,18,0,Yes,2,1,1,0,0,4,4,4,3,3,3,2023-02-01,Yes,0-1 yrs,35-44,Low,1,Master,55,High Risk,23.0
E00061,37,Male,Married,Research & Development,Laboratory Technician,3,Technical Degree,Travel_Rarely,6,8387.0,11,1,No,12,10,0,2,3,5,3,3,3,3,3,2014-04-01,No,6-10 yrs,35-44,High,0,Bachelor,0,Low Risk,129.0
E00062,33,Female,Single,Research & Development,Laboratory Technician,4,Technical Degree,Non-Travel,13,7178.0,14,0,No,9,4,0,3,2,3,3,3,2,1,3,2020-11-01,No,4-5 yrs,25-34,Mid-High,0,Master,0,Low Risk,50.0
E00063,25,Male,Single,Research & Development,Research Director,2,Business,Non-Travel,2,5553.0,12,1,Yes,7,7,0,1,1,6,2,1,3,1,3,2017-02-01,No,6-10 yrs,25-34,Low,0,College,60,High Risk,94.9
E00064,32,Male,Single,Sales,Manager,3,Technical Degree,Travel_Rarely,4,5579.0,13,1,No,12,3,0,0,4,4,4,2,3,2,4,2021-04-01,No,2-3 yrs,25-34,Low,0,Bachelor,15,Low Risk,45.0
E00065,26,Male,Married,Sales,Sales Executive,3,Life Sciences,Travel_Rarely,1,6233.0,16,1,Yes,8,4,4,0,4,3,4,4,1,2,4,2020-05-01,No,4-5 yrs,25-34,Mid-Low,0,Bachelor,40,Medium Risk,56.0
E00066,34,Male,Single,Finance,Financial Analyst,1,Other,Travel_Rarely,3,5617.0,11,0,No,6,6,0,0,0,1,2,2,1,3,3,2018-08-01,No,6-10 yrs,25-34,Low,0,Below College,50,High Risk,77.0
E00067,35,Female,Married,Finance,Financial Analyst,4,Medical,Travel_Frequently,6,7834.0,12,2,No,10,8,0,5,2,0,4,1,2,4,3,2016-03-01,No,6-10 yrs,35-44,High,0,Master,0,Low Risk,106.0
E00068,30,Female,Married,IT,IT Manager,3,Other,Travel_Rarely,10,9262.0,14,0,No,12,9,6,0,1,1,2,3,4,4,2,2015-03-01,No,6-10 yrs,25-34,High,0,Bachelor,20,Low Risk,118.0
E00069,50,Female,Married,Sales,Sales Executive,2,Other,Non-Travel,1,5753.0,11,1,No,9,5,5,1,4,1,2,4,4,1,3,2019-10-01,No,4-5 yrs,45-54,Mid-Low,0,College,20,Low Risk,63.0
E00070,50,Female,Single,Finance,Accountant,4,Human Resources,Travel_Rarely,10,6124.0,11,0,No,3,2,0,0,1,3,3,3,3,1,3,2022-03-01,No,2-3 yrs,45-54,Mid-Low,0,Master,0,Low Risk,34.0
E00071,53,Female,Married,Sales,Sales Representative,4,Other,Travel_Frequently,9,7497.0,16,1,No,0,0,0,0,1,0,2,4,3,3,2,2024-12-01,No,0-1 yrs,45-54,High,0,Master,35,Medium Risk,1.0
E00072,24,Male,Married,Sales,Sales Executive,4,Marketing,Travel_Rarely,1,7020.0,15,2,No,6,5,5,2,3,2,3,4,4,3,2,2019-05-01,No,4-5 yrs,18-24,Mid-High,0,Master,0,Low Risk,68.0
E00073,38,Male,Married,Finance,Accountant,4,Business,Non-Travel,20,6159.0,13,1,No,1,0,0,0,1,5,2,1,1,2,3,2024-04-01,Yes,0-1 yrs,35-44,Mid-Low,1,Master,50,High Risk,9.0
E00074,51,Female,Single,Sales,Sales Representative,3,Life Sciences,Travel_Frequently,17,5853.0,15,3,No,10,7,0,0,2,6,4,3,3,4,2,2017-09-01,No,6-10 yrs,45-54,Mid-Low,0,Bachelor,0,Low Risk,88.0
E00075,33,Male,Divorced,Sales,Sales Executive,3,Life Sciences,Travel_Rarely,12,7762.0,15,2,No,15,15,0,0,4,0,2,4,3,2,3,2009-03-01,No,10+ yrs,25-34,High,0,Bachelor,20,Low Risk,190.0
E00076,30,Female,Married,Finance,Finance Manager,4,Technical Degree,Travel_Rarely,4,6715.0,17,0,No,9,3,0,3,3,3,1,1,3,4,3,2021-11-01,No,2-3 yrs,25-34,Mid-High,0,Master,20,Low Risk,38.0
E00077,34,Female,Single,Sales,Sales Representative,3,Life Sciences,Travel_Rarely,9,5253.0,20,2,No,2,2,2,1,0,0,4,4,2,4,2,2022-06-01,No,2-3 yrs,25-34,Low,0,Bachelor,15,Low Risk,31.0
E00078,29,Female,Divorced,Marketing,Manager,3,Life Sciences,Travel_Rarely,1,4739.0,13,1,No,5,2,2,1,2,4,4,4,1,3,3,2022-02-01,No,2-3 yrs,25-34,Low,0,Bachelor,30,Medium Risk,35.0
E00079,27,Female,Divorced,IT,IT Manager,3,Human Resources,Non-Travel,18,5794.0,11,1,No,1,0,0,0,2,5,3,3,3,3,4,2024-07-01,Yes,0-1 yrs,25-34,Mid-Low,1,Bachelor,15,Low Risk,6.0
E00080,47,Female,Single,Sales,Sales Executive,3,Technical Degree,Travel_Rarely,11,6100.0,20,0,No,10,10,0,0,1,2,4,3,4,3,4,2014-04-01,No,6-10 yrs,45-54,Mid-Low,0,Bachelor,0,Low Risk,129.0
E00081,39,Male,Married,Research & Development,Laboratory Technician,1,Business,Travel_Frequently,19,7552.0,11,2,No,13,12,0,2,2,3,1,4,3,2,4,2012-09-01,Yes,10+ yrs,35-44,High,1,Below College,20,Low Risk,148.0
E00082,41,Male,Single,Sales,Sales Representative,4,Medical,Travel_Rarely,12,6605.0,14,2,Yes,5,5,2,3,3,2,4,4,3,1,4,2019-01-01,Yes,4-5 yrs,35-44,Mid-High,1,Master,25,Medium Risk,72.0
E00083,20,Male,Married,Sales,Manager,3,Medical,Travel_Rarely,12,4930.0,15,2,No,1,0,0,0,3,1,1,2,3,4,3,2024-10-01,Yes,0-1 yrs,18-24,Low,1,Bachelor,50,High Risk,3.0
E00084,32,Male,Married,Marketing,Marketing Executive,3,Human Resources,Travel_Rarely,4,5553.0,18,1,No,8,3,2,1,1,0,3,1,2,4,3,2021-11-01,No,2-3 yrs,25-34,Low,0,Bachelor,15,Low Risk,38.0
E00085,33,Male,Married,Sales,Manager,3,Human Resources,Non-Travel,24,6042.0,19,2,No,11,6,2,0,4,1,3,1,2,1,3,2018-03-01,No,6-10 yrs,25-34,Mid-Low,0,Bachelor,10,Low Risk,82.0
E00086,56,Male,Married,Research & Development,Manufacturing Director,3,Marketing,Travel_Frequently,10,7527.0,16,0,Yes,11,4,0,1,1,2,1,3,2,1,3,2020-01-01,No,4-5 yrs,55+,High,0,Bachelor,45,Medium Risk,60.0
E00087,44,Female,Married,Sales,Sales Executive,3,Marketing,Travel_Rarely,2,6708.0,11,2,No,2,0,0,0,4,2,3,4,1,4,1,2024-04-01,No,0-1 yrs,35-44,Mid-High,0,Bachelor,30,Medium Risk,9.0
E00088,35,Female,Married,Research & Development,Laboratory Technician,3,Other,Non-Travel,6,8309.0,15,0,No,12,7,2,0,1,4,2,4,2,4,3,2017-10-01,No,6-10 yrs,35-44,High,0,Bachelor,20,Low Risk,87.0
E00089,34,Male,Divorced,Research & Development,Laboratory Technician,2,Medical,Travel_Rarely,6,7498.0,11,0,Yes,16,2,1,0,5,0,2,1,4,3,4,2022-12-01,No,2-3 yrs,25-34,High,0,College,45,Medium Risk,25.0
E00090,31,Male,Married,Sales,Manager,3,Human Resources,Travel_Rarely,7,6900.0,22,1,Yes,3,2,2,1,3,4,1,3,3,2,4,2022-05-01,No,2-3 yrs,25-34,Mid-High,0,Bachelor,45,Medium Risk,32.0
E00091,35,Female,Married,Finance,Financial Analyst,4,Other,Travel_Frequently,4,5624.0,14,2,No,3,1,1,1,4,6,3,4,4,3,3,2023-03-01,No,0-1 yrs,35-44,Low,0,Master,30,Medium Risk,22.0
E00092,47,Male,Married,Sales,Manager,3,Other,Travel_Frequently,8,6701.0,19,1,No,6,6,3,3,3,1,2,4,3,3,4,2018-01-01,No,6-10 yrs,45-54,Mid-High,0,Bachelor,20,Low Risk,84.0
E00093,44,Female,Married,Sales,Sales Executive,4,Medical,Travel_Rarely,9,6478.0,20,1,Yes,0,0,0,0,2,2,3,3,3,3,1,2024-02-01,Yes,0-1 yrs,35-44,Mid-Low,1,Master,40,Medium Risk,11.0
E00094,37,Male,Divorced,Finance,Finance Manager,3,Other,Travel_Rarely,8,7203.0,14,1,No,14,13,1,3,4,5,3,3,2,4,3,2011-05-01,No,10+ yrs,35-44,Mid-High,0,Bachelor,0,Low Risk,164.0
E00095,27,Female,Married,Finance,Accountant,3,Other,Non-Travel,11,6580.0,15,2,No,1,1,0,1,3,1,3,1,2,3,2,2023-02-01,No,0-1 yrs,25-34,Mid-High,0,Bachelor,15,Low Risk,23.0
E00096,27,Male,Married,IT,Software Engineer,5,Marketing,Travel_Rarely,1,8330.0,18,3,Yes,1,0,0,0,2,5,4,4,3,4,3,2024-06-01,Yes,0-1 yrs,25-34,High,1,Doctorate,40,Medium Risk,7.0
E00097,28,Female,Married,Marketing,Marketing Executive,1,Other,Travel_Rarely,1,6154.0,13,1,No,10,7,1,2,3,6,4,2,3,3,3,2017-11-01,No,6-10 yrs,25-34,Mid-Low,0,Below College,0,Low Risk,86.0
E00098,54,Female,Married,Research & Development,Research Scientist,3,Other,Travel_Rarely,4,6738.0,11,0,No,10,9,0,0,2,3,1,3,4,3,3,2015-06-01,No,6-10 yrs,45-54,Mid-High,0,Bachelor,20,Low Risk,115.0
E00099,23,Male,Married,Sales,Manager,3,Life Sciences,Travel_Rarely,1,5231.0,16,1,Yes,5,5,1,0,1,0,4,4,1,4,3,2019-12-01,No,4-5 yrs,18-24,Low,0,Bachelor,55,High Risk,61.0
E00100,38,Male,Divorced,Research & Development,Laboratory Technician,2,Technical Degree,Travel_Rarely,1,5644.0,12,0,No,4,3,3,0,5,3,3,1,4,3,3,2021-10-01,No,2-3 yrs,35-44,Low,0,College,15,Low Risk,39.0
E00101,22,Male,Married,Sales,Sales Executive,3,Medical,Travel_Rarely,2,5715.0,21,0,No,1,1,1,1,4,3,3,3,1,2,3,2023-12-01,No,0-1 yrs,18-24,Mid-Low,0,Bachelor,30,Medium Risk,13.0
E00102,27,Female,Married,Marketing,Manager,2,Life Sciences,Travel_Frequently,9,6079.0,20,1,No,9,9,0,0,2,5,4,3,4,3,3,2015-06-01,No,6-10 yrs,25-34,Mid-Low,0,College,0,Low Risk,115.0
E00103,25,Male,Divorced,Research & Development,Research Scientist,4,Marketing,Non-Travel,1,6924.0,12,1,No,7,1,0,0,5,2,4,4,3,3,3,2023-04-01,No,0-1 yrs,25-34,Mid-High,0,Master,15,Low Risk,21.0
E00104,44,Male,Divorced,IT,Software Engineer,2,Medical,Travel_Rarely,2,8317.0,11,0,No,18,9,3,0,6,6,3,3,2,4,2,2015-09-01,No,6-10 yrs,35-44,High,0,College,0,Low Risk,112.0
E00105,37,Male,Single,Sales,Manager,4,Life Sciences,Travel_Rarely,9,5875.0,14,1,No,3,2,2,2,3,4,2,4,3,2,3,2022-07-01,Yes,2-3 yrs,35-44,Mid-Low,1,Master,20,Low Risk,30.0
E00106,32,Male,Divorced,Sales,Sales Executive,2,Technical Degree,Travel_Rarely,2,6100.0,19,0,No,14,14,0,1,3,6,4,2,3,4,4,2010-10-01,No,10+ yrs,25-34,Mid-Low,0,College,0,Low Risk,171.0
E00107,38,Male,Married,Finance,Finance Manager,3,Life Sciences,Travel_Rarely,1,5395.0,13,0,No,8,4,0,1,2,2,3,4,4,3,3,2020-09-01,Yes,4-5 yrs,35-44,Low,1,Bachelor,15,Low Risk,52.0
E00108,45,Female,Single,Research & Development,Laboratory Technician,2,Life Sciences,Travel_Rarely,12,5797.0,13,1,No,8,6,2,4,1,4,1,4,1,3,4,2018-01-01,No,6-10 yrs,45-54,Mid-Low,0,College,35,Medium Risk,84.0
E00109,20,Male,Single,Marketing,Manager,5,Business,Travel_Rarely,1,5720.0,11,0,No,2,2,1,0,4,2,4,4,3,2,3,2022-05-01,No,2-3 yrs,18-24,Mid-Low,0,Doctorate,0,Low Risk,32.0
E00110,33,Female,Single,Finance,Accountant,3,Medical,Travel_Rarely,8,7096.0,14,1,No,2,2,2,0,2,1,2,3,3,2,3,2022-02-01,No,2-3 yrs,25-34,Mid-High,0,Bachelor,20,Low Risk,35.0
E00111,37,Male,Married,Marketing,Marketing Executive,2,Life Sciences,Travel_Rarely,2,5900.0,23,1,Yes,3,2,0,0,3,2,4,3,1,1,4,2022-11-01,No,2-3 yrs,35-44,Mid-Low,0,College,40,Medium Risk,26.0
E00112,43,Female,Married,Human Resources,HR Executive,3,Marketing,Travel_Rarely,1,6166.0,16,0,No,4,4,4,4,4,3,4,3,1,3,3,2020-10-01,No,4-5 yrs,35-44,Mid-Low,0,Bachelor,15,Low Risk,51.0
E00113,43,Male,Divorced,Sales,Sales Representative,4,Technical Degree,Travel_Rarely,7,5869.0,11,0,No,4,2,2,0,0,6,4,1,2,4,3,2022-02-01,No,2-3 yrs,35-44,Mid-Low,0,Master,0,Low Risk,35.0
E00114,20,Female,Divorced,Research & Development,Manufacturing Director,4,Marketing,Travel_Rarely,4,7259.0,11,1,Yes,2,1,1,0,2,2,2,4,4,4,2,2023-04-01,Yes,0-1 yrs,18-24,Mid-High,1,Master,60,High Risk,21.0
E00115,32,Male,Single,Research & Development,Manufacturing Director,3,Other,Travel_Rarely,11,6723.0,14,1,No,0,0,0,0,5,4,2,2,2,1,3,2024-10-01,Yes,0-1 yrs,25-34,Mid-High,1,Bachelor,35,Medium Risk,3.0
E00116,44,Female,Single,IT,Software Engineer,4,Human Resources,Travel_Frequently,5,7938.0,11,1,Yes,9,1,1,1,2,5,4,4,4,3,3,2023-07-01,No,0-1 yrs,35-44,High,0,Master,40,Medium Risk,18.0
E00117,38,Male,Single,Research & Development,Manufacturing Director,1,Marketing,Travel_Rarely,6,8100.0,22,1,Yes,9,6,5,0,4,5,2,3,2,2,3,2018-02-01,Yes,6-10 yrs,35-44,High,1,Below College,45,Medium Risk,83.0
E00118,40,Female,Married,Research & Development,Research Scientist,3,Human Resources,Travel_Rarely,1,6738.0,16,0,No,6,5,1,4,4,2,4,4,3,3,4,2019-08-01,No,4-5 yrs,35-44,Mid-High,0,Bachelor,0,Low Risk,65.0
E00119,40,Male,Married,Finance,Financial Analyst,4,Business,Travel_Rarely,1,7344.0,12,0,No,4,3,3,0,2,6,1,2,2,1,3,2021-04-01,No,2-3 yrs,35-44,Mid-High,0,Master,20,Low Risk,45.0
E00120,38,Male,Married,Marketing,Manager,2,Business,Travel_Rarely,9,6367.0,20,1,Yes,3,2,0,0,0,6,4,3,1,4,3,2022-10-01,No,2-3 yrs,35-44,Mid-Low,0,College,40,Medium Risk,27.0
E00121,49,Female,Single,Finance,Financial Analyst,2,Technical Degree,Travel_Rarely,11,6063.0,11,1,No,12,6,0,0,3,1,3,4,4,3,3,2018-12-01,No,6-10 yrs,45-54,Mid-Low,0,College,0,Low Risk,73.0
E00122,40,Male,Single,Finance,Finance Manager,4,Technical Degree,Travel_Rarely,8,8327.0,24,0,No,3,2,1,2,5,6,3,4,3,2,3,2022-12-01,No,2-3 yrs,35-44,High,0,Master,0,Low Risk,25.0
E00123,21,Male,Divorced,Sales,Sales Executive,4,Technical Degree,Travel_Frequently,17,5566.0,18,2,No,3,0,0,0,2,5,4,4,4,2,3,2024-03-01,No,0-1 yrs,18-24,Low,0,Master,30,Medium Risk,10.0
E00124,42,Male,Single,Research & Development,Research Director,1,Marketing,Non-Travel,1,6141.0,19,1,No,9,9,1,0,4,4,4,3,3,3,2,2015-02-01,No,6-10 yrs,35-44,Mid-Low,0,Below College,0,Low Risk,119.0
E00125,32,Male,Married,Research & Development,Research Scientist,4,Medical,Travel_Rarely,8,9278.0,21,2,No,7,6,2,0,0,0,4,2,3,3,3,2018-08-01,No,6-10 yrs,25-34,High,0,Master,0,Low Risk,77.0
E00126,40,Male,Married,Finance,Accountant,5,Medical,Travel_Rarely,25,7123.0,16,1,No,3,0,0,0,1,1,3,2,3,2,4,2024-08-01,No,0-1 yrs,35-44,Mid-High,0,Doctorate,25,Medium Risk,5.0
E00127,45,Female,Married,Sales,Sales Executive,2,Human Resources,Travel_Rarely,17,8775.0,12,3,Yes,22,18,2,0,0,4,2,4,3,3,4,2006-10-01,No,10+ yrs,45-54,High,0,College,45,Medium Risk,219.0
E00128,35,Male,Married,IT,IT Support,3,Medical,Travel_Frequently,28,6499.0,14,2,No,1,1,1,0,0,5,3,2,3,2,3,2023-04-01,No,0-1 yrs,35-44,Mid-Low,0,Bachelor,25,Medium Risk,21.0
E00129,44,Male,Married,Human Resources,HR Executive,4,Business,Travel_Rarely,4,6730.0,13,0,No,7,1,0,0,4,1,4,2,3,2,3,2023-09-01,No,0-1 yrs,35-44,Mid-High,0,Master,15,Low Risk,16.0
E00130,44,Female,Married,Research & Development,Research Director,2,Medical,Travel_Frequently,10,5738.0,20,0,No,2,0,0,0,2,6,3,4,4,3,3,2024-02-01,No,0-1 yrs,35-44,Mid-Low,0,College,15,Low Risk,11.0
E00131,27,Male,Married,IT,IT Manager,3,Marketing,Travel_Rarely,29,7108.0,11,0,Yes,3,2,2,1,3,1,3,3,3,3,3,2022-02-01,No,2-3 yrs,25-34,Mid-High,0,Bachelor,35,Medium Risk,35.0
E00132,31,Male,Single,Marketing,Manager,2,Marketing,Travel_Frequently,5,7154.0,17,1,No,7,4,0,2,3,6,3,4,3,3,3,2020-04-01,No,4-5 yrs,25-34,Mid-High,0,College,0,Low Risk,57.0
E00133,47,Male,Single,Sales,Sales Executive,3,Life Sciences,Travel_Rarely,1,5713.0,15,1,No,9,2,1,2,4,0,3,2,1,3,3,2022-11-01,No,2-3 yrs,45-54,Mid-Low,0,Bachelor,15,Low Risk,26.0
E00134,48,Female,Married,Sales,Sales Executive,5,Technical Degree,Travel_Frequently,5,8014.0,21,0,No,5,4,2,0,3,3,2,3,3,3,3,2020-02-01,No,4-5 yrs,45-54,High,0,Doctorate,20,Low Risk,59.0
E00135,42,Male,Single,Marketing,Marketing Executive,2,Technical Degree,Non-Travel,1,5208.0,11,0,Yes,8,1,1,0,1,2,4,3,2,2,3,2023-04-01,No,0-1 yrs,35-44,Low,0,College,55,High Risk,21.0
E00136,52,Male,Single,Finance,Finance Manager,3,Medical,Travel_Rarely,6,6747.0,12,0,Yes,6,1,1,0,1,4,2,3,3,2,2,2023-11-01,Yes,0-1 yrs,45-54,Mid-High,1,Bachelor,60,High Risk,14.0
E00137,37,Female,Married,IT,IT Manager,3,Technical Degree,Non-Travel,6,7519.0,16,0,No,0,0,0,0,4,3,4,2,1,3,3,2024-09-01,No,0-1 yrs,35-44,High,0,Bachelor,30,Medium Risk,4.0
E00138,51,Male,Married,Sales,Sales Representative,2,Technical Degree,Travel_Rarely,9,4331.0,15,1,No,13,0,0,0,1,5,1,4,3,2,2,2024-06-01,No,0-1 yrs,45-54,Low,0,College,50,High Risk,7.0
E00139,47,Female,Married,Research & Development,Laboratory Technician,3,Human Resources,Travel_Frequently,4,5713.0,11,1,No,1,1,0,1,1,0,2,2,3,3,3,2023-12-01,No,0-1 yrs,45-54,Mid-Low,0,Bachelor,35,Medium Risk,13.0
E00140,35,Male,Married,Human Resources,Manager,3,Technical Degree,Travel_Rarely,4,6130.0,11,1,No,8,8,2,0,1,5,1,3,2,2,4,2016-03-01,No,6-10 yrs,35-44,Mid-Low,0,Bachelor,20,Low Risk,106.0
E00141,40,Female,Divorced,Sales,Manager,3,Life Sciences,Travel_Rarely,12,5499.0,24,0,No,1,1,0,0,3,3,4,4,1,4,3,2023-08-01,No,0-1 yrs,35-44,Low,0,Bachelor,45,Medium Risk,17.0
E00142,18,Female,Married,Sales,Manager,4,Other,Non-Travel,2,7012.0,13,2,No,0,0,0,0,0,6,3,4,3,2,4,2024-04-01,No,0-1 yrs,18-24,Mid-High,0,Master,15,Low Risk,9.0
E00143,32,Male,Married,Research & Development,Laboratory Technician,4,Medical,Non-Travel,8,6505.0,15,0,No,0,0,0,0,3,5,2,1,4,4,2,2024-10-01,Yes,0-1 yrs,25-34,Mid-Low,1,Master,35,Medium Risk,3.0
E00144,32,Female,Single,Marketing,Marketing Executive,1,Technical Degree,Travel_Rarely,11,7496.0,20,1,Yes,2,2,2,0,3,0,2,1,3,2,3,2022-12-01,Yes,2-3 yrs,25-34,High,1,Below College,45,Medium Risk,25.0
E00145,43,Male,Married,Sales,Manager,3,Marketing,Travel_Frequently,1,5392.0,14,1,Yes,3,3,2,1,0,1,3,4,2,3,2,2021-06-01,Yes,2-3 yrs,35-44,Low,1,Bachelor,40,Medium Risk,43.0
E00146,33,Male,Single,Sales,Sales Representative,2,Marketing,Travel_Rarely,4,6540.0,17,0,Yes,7,2,0,1,1,1,3,4,2,1,4,2022-03-01,No,2-3 yrs,25-34,Mid-High,0,College,25,Medium Risk,34.0
E00147,33,Male,Married,Research & Development,Research Scientist,4,Business,Travel_Rarely,1,7547.0,18,0,No,0,0,0,0,3,4,2,3,3,2,3,2024-01-01,No,0-1 yrs,25-34,High,0,Master,35,Medium Risk,12.0
E00148,41,Female,Married,Marketing,Marketing Executive,3,Business,Travel_Rarely,8,6494.0,11,0,Yes,8,0,0,0,2,1,2,1,3,2,4,2024-09-01,No,0-1 yrs,35-44,Mid-Low,0,Bachelor,60,High Risk,4.0
E00149,27,Male,Single,Sales,Manager,3,Other,Travel_Rarely,1,8710.0,22,2,Yes,9,8,1,2,2,5,3,4,2,4,4,2016-01-01,No,6-10 yrs,25-34,High,0,Bachelor,25,Medium Risk,108.0
E00150,39,Female,Single,IT,IT Manager,1,Marketing,Travel_Frequently,9,5542.0,14,0,No,0,0,0,0,1,3,1,1,4,4,3,2024-11-01,No,0-1 yrs,35-44,Low,0,Below College,50,High Risk,2.0
E00151,25,Male,Married,Sales,Manager,4,Marketing,Travel_Frequently,3,6377.0,11,1,No,7,7,5,1,7,6,2,3,3,2,2,2017-03-01,No,6-10 yrs,25-34,Mid-Low,0,Master,20,Low Risk,94.0
E00152,22,Male,Married,Research & Development,Research Director,4,Human Resources,Travel_Rarely,8,6486.0,14,1,No,4,1,1,0,1,1,3,4,2,2,3,2023-04-01,No,0-1 yrs,18-24,Mid-Low,0,Master,15,Low Risk,21.0
E00153,36,Male,Single,Human Resources,Manager,3,Marketing,Travel_Frequently,2,5347.0,12,3,No,0,0,0,0,6,4,4,3,3,3,3,2024-01-01,No,0-1 yrs,35-44,Low,0,Bachelor,30,Medium Risk,12.0
E00154,44,Male,Divorced,Human Resources,HR Specialist,2,Other,Travel_Rarely,1,4154.0,14,1,Yes,6,1,1,0,3,0,1,1,4,4,3,2023-07-01,Yes,0-1 yrs,35-44,Low,1,College,75,High Risk,18.0
E00155,40,Male,Married,Research & Development,Manufacturing Director,3,Human Resources,Travel_Rarely,9,6067.0,22,1,Yes,0,0,0,0,1,4,4,2,1,3,2,2024-12-01,Yes,0-1 yrs,35-44,Mid-Low,1,Bachelor,55,High Risk,1.0
E00156,40,Male,Married,Sales,Manager,3,Life Sciences,Travel_Rarely,12,5528.0,11,0,No,5,3,0,0,2,1,2,2,3,2,4,2021-05-01,No,2-3 yrs,35-44,Low,0,Bachelor,35,Medium Risk,44.0
E00157,49,Female,Single,Sales,Sales Representative,5,Human Resources,Non-Travel,7,5974.0,16,1,Yes,1,0,0,0,0,3,1,2,3,3,4,2024-08-01,Yes,0-1 yrs,45-54,Mid-Low,1,Doctorate,60,High Risk,5.0
E00158,40,Female,Married,Research & Development,Research Director,3,Human Resources,Non-Travel,6,6826.0,11,0,Yes,4,2,2,1,1,6,3,4,3,2,3,2022-03-01,No,2-3 yrs,35-44,Mid-High,0,Bachelor,25,Medium Risk,34.0
E00159,33,Male,Married,Sales,Manager,1,Marketing,Non-Travel,6,5567.0,17,1,No,6,0,0,0,3,0,1,3,2,3,3,2024-07-01,Yes,0-1 yrs,25-34,Low,1,Below College,50,High Risk,6.0
E00160,43,Female,Single,Marketing,Manager,5,Marketing,Non-Travel,5,5667.0,22,0,No,7,4,0,0,2,6,2,2,1,4,3,2020-02-01,No,4-5 yrs,35-44,Mid-Low,0,Doctorate,35,Medium Risk,59.0
E00161,44,Male,Single,Research & Development,Research Scientist,3,Marketing,Travel_Rarely,10,7526.0,11,0,No,18,9,0,1,5,3,4,3,1,2,4,2015-07-01,No,6-10 yrs,35-44,High,0,Bachelor,15,Low Risk,114.0
E00162,40,Male,Married,Research & Development,Laboratory Technician,3,Business,Travel_Rarely,3,5730.0,11,1,No,1,0,0,0,3,4,4,3,4,2,3,2024-10-01,Yes,0-1 yrs,35-44,Mid-Low,1,Bachelor,15,Low Risk,3.0
E00163,22,Female,Married,Research & Development,Research Director,4,Medical,Travel_Rarely,19,7130.0,17,0,Yes,4,3,0,0,0,5,2,2,3,4,3,2021-08-01,No,2-3 yrs,18-24,Mid-High,0,Master,45,Medium Risk,41.0
E00164,38,Male,Single,Sales,Sales Executive,2,Life Sciences,Travel_Rarely,13,5681.0,18,0,No,3,1,0,1,3,6,4,3,2,2,3,2023-11-01,No,0-1 yrs,35-44,Mid-Low,0,College,15,Low Risk,14.0
E00165,43,Male,Single,Sales,Sales Representative,3,Other,Non-Travel,21,6403.0,11,0,Yes,4,0,0,0,0,4,4,3,3,3,3,2024-09-01,No,0-1 yrs,35-44,Mid-Low,0,Bachelor,50,High Risk,4.0
E00166,43,Male,Single,Sales,Manager,4,Human Resources,Travel_Rarely,1,5973.0,11,0,No,9,5,0,2,1,1,4,2,3,3,3,2019-10-01,No,4-5 yrs,35-44,Mid-Low,0,Master,0,Low Risk,63.0
E00167,29,Male,Single,Research & Development,Laboratory Technician,3,Human Resources,Travel_Rarely,12,7375.0,15,0,No,1,1,1,0,0,6,4,4,4,2,4,2023-02-01,No,0-1 yrs,25-34,Mid-High,0,Bachelor,15,Low Risk,23.0
E00168,37,Female,Single,Sales,Manager,4,Marketing,Travel_Rarely,1,6673.0,18,2,No,7,7,0,3,6,2,2,2,1,2,1,2017-01-01,Yes,6-10 yrs,35-44,Mid-High,1,Master,35,Medium Risk,96.0
E00169,26,Female,Single,Research & Development,Research Director,2,Marketing,Travel_Rarely,13,7878.0,16,1,No,8,8,0,0,1,2,3,3,2,3,3,2016-01-01,No,6-10 yrs,25-34,High,0,College,0,Low Risk,108.0
E00170,45,Female,Single,Sales,Manager,3,Other,Non-Travel,3,9326.0,12,0,Yes,16,16,2,1,1,1,3,4,3,3,3,2008-09-01,Yes,10+ yrs,45-54,High,1,Bachelor,25,Medium Risk,196.0
E00171,35,Female,Married,Sales,Manager,3,Human Resources,Travel_Rarely,8,5814.0,13,0,Yes,7,2,2,2,3,0,1,4,3,3,3,2022-04-01,Yes,2-3 yrs,35-44,Mid-Low,1,Bachelor,45,Medium Risk,33.0
E00172,24,Female,Single,Research & Development,Laboratory Technician,2,Business,Travel_Rarely,1,5821.0,11,0,No,6,6,3,0,1,1,2,4,4,2,3,2018-01-01,No,6-10 yrs,18-24,Mid-Low,0,College,20,Low Risk,84.0
E00173,38,Female,Married,Research & Development,Manufacturing Director,1,Medical,Travel_Rarely,11,6139.0,11,0,Yes,16,3,3,0,2,2,4,4,1,3,3,2021-12-01,Yes,2-3 yrs,35-44,Mid-Low,1,Below College,40,Medium Risk,37.0
E00174,38,Male,Divorced,Research & Development,Laboratory Technician,4,Marketing,Travel_Rarely,3,5609.0,11,2,Yes,2,2,0,2,0,4,1,3,2,1,4,2022-01-01,Yes,2-3 yrs,35-44,Low,1,Master,60,High Risk,36.0
E00175,31,Male,Married,Marketing,Manager,2,Technical Degree,Travel_Rarely,17,6837.0,16,0,Yes,12,7,6,3,2,2,2,3,3,3,3,2017-05-01,No,6-10 yrs,25-34,Mid-High,0,College,45,Medium Risk,92.0
E00176,46,Male,Married,Research & Development,Manufacturing Director,1,Medical,Travel_Rarely,1,6347.0,16,2,No,4,1,0,1,2,2,4,3,3,3,3,2023-03-01,No,0-1 yrs,45-54,Mid-Low,0,Below College,15,Low Risk,22.0
E00177,25,Female,Married,IT,IT Support,2,Medical,Travel_Rarely,27,6202.0,11,0,No,6,5,2,0,3,5,4,3,3,3,3,2019-10-01,Yes,4-5 yrs,25-34,Mid-Low,1,College,10,Low Risk,63.0
E00178,33,Female,Married,Sales,Sales Representative,2,Life Sciences,Non-Travel,2,4344.0,14,2,No,0,0,0,0,2,1,4,2,3,3,4,2024-09-01,No,0-1 yrs,25-34,Low,0,College,30,Medium Risk,4.0
E00179,40,Female,Married,IT,Software Engineer,4,Life Sciences,Travel_Rarely,1,7328.0,13,1,No,7,1,1,0,4,2,2,3,4,2,4,2023-07-01,No,0-1 yrs,35-44,Mid-High,0,Master,35,Medium Risk,18.0
E00180,46,Female,Divorced,Research & Development,Research Director,3,Life Sciences,Travel_Rarely,5,7982.0,12,1,No,2,0,0,0,6,2,1,3,3,1,3,2024-02-01,Yes,0-1 yrs,45-54,High,1,Bachelor,35,Medium Risk,11.0
E00181,43,Female,Married,Human Resources,HR Executive,2,Marketing,Travel_Frequently,4,5971.0,17,0,No,18,13,1,1,4,5,3,3,2,2,4,2011-10-01,No,10+ yrs,35-44,Mid-Low,0,College,0,Low Risk,159.0
E00182,40,Male,Married,Finance,Financial Analyst,2,Life Sciences,Travel_Rarely,2,6660.0,15,0,Yes,6,3,3,2,3,2,2,1,3,4,2,2021-06-01,No,2-3 yrs,35-44,Mid-High,0,College,45,Medium Risk,43.0
E00183,40,Female,Married,IT,Data Analyst,2,Marketing,Travel_Rarely,2,7012.0,14,0,Yes,4,3,0,0,3,5,4,2,3,3,3,2021-06-01,No,2-3 yrs,35-44,Mid-High,0,College,25,Medium Risk,43.0
E00184,44,Male,Divorced,Sales,Sales Representative,1,Life Sciences,Travel_Rarely,2,4847.0,12,1,No,7,4,0,0,2,1,4,4,3,4,2,2020-02-01,No,4-5 yrs,35-44,Low,0,Below College,15,Low Risk,59.0
E00185,36,Female,Single,Research & Development,Research Director,3,Medical,Travel_Frequently,3,6148.0,11,1,No,7,4,4,0,3,0,2,3,4,4,3,2020-01-01,No,4-5 yrs,35-44,Mid-Low,0,Bachelor,20,Low Risk,60.0
E00186,18,Male,Married,Sales,Sales Representative,4,Human Resources,Travel_Rarely,11,4940.0,15,1,No,0,0,0,0,1,1,3,4,3,1,3,2024-05-01,No,0-1 yrs,18-24,Low,0,Master,30,Medium Risk,8.0
E00187,39,Male,Single,Research & Development,Manufacturing Director,2,Other,Travel_Rarely,1,7328.0,17,0,No,7,5,1,0,2,0,4,4,4,3,3,2019-05-01,No,4-5 yrs,35-44,Mid-High,0,College,0,Low Risk,68.0
E00188,30,Female,Divorced,Sales,Sales Representative,2,Technical Degree,Travel_Rarely,13,5094.0,11,0,Yes,2,2,2,1,2,2,3,2,3,4,4,2022-12-01,No,2-3 yrs,25-34,Low,0,College,40,Medium Risk,25.0
E00189,49,Female,Married,Marketing,Manager,4,Marketing,Travel_Rarely,8,7397.0,11,0,Yes,7,5,4,2,2,3,3,1,2,2,4,2019-10-01,No,4-5 yrs,45-54,High,0,Master,25,Medium Risk,63.0
E00190,21,Male,Married,Human Resources,HR Specialist,3,Life Sciences,Travel_Rarely,5,5391.0,13,3,No,3,1,1,0,3,4,3,4,3,3,3,2023-06-01,No,0-1 yrs,18-24,Low,0,Bachelor,30,Medium Risk,19.0
E00191,30,Male,Married,IT,Data Analyst,4,Other,Travel_Rarely,2,6948.0,16,0,No,6,1,0,0,3,3,4,4,3,2,3,2023-10-01,No,0-1 yrs,25-34,Mid-High,0,Master,15,Low Risk,15.0
E00192,35,Female,Married,Research & Development,Manufacturing Director,4,Technical Degree,Non-Travel,1,8430.0,17,1,Yes,15,6,1,0,0,1,2,3,4,3,3,2018-11-01,No,6-10 yrs,35-44,High,0,Master,45,Medium Risk,74.0
E00193,37,Female,Married,Research & Development,Laboratory Technician,3,Technical Degree,Non-Travel,2,6789.0,22,0,No,14,13,8,1,4,2,3,2,2,3,4,2011-01-01,No,10+ yrs,35-44,Mid-High,0,Bachelor,0,Low Risk,168.0
E00194,34,Female,Divorced,IT,Software Engineer,4,Business,Travel_Frequently,9,6494.0,11,2,No,0,0,0,0,1,5,2,3,3,3,3,2024-04-01,Yes,0-1 yrs,25-34,Mid-Low,1,Master,35,Medium Risk,9.0
E00195,32,Female,Single,Research & Development,Laboratory Technician,4,Marketing,Travel_Rarely,12,5960.0,13,1,No,1,0,0,0,1,0,3,2,4,2,3,2024-11-01,No,0-1 yrs,25-34,Mid-Low,0,Master,15,Low Risk,2.0
E00196,32,Male,Married,Finance,Finance Manager,4,Business,Travel_Rarely,10,9323.0,11,1,Yes,13,13,2,0,3,3,3,3,3,4,3,2011-04-01,Yes,10+ yrs,25-34,High,1,Master,25,Medium Risk,165.0
E00197,24,Male,Married,IT,Software Engineer,2,Business,Travel_Rarely,8,6408.0,11,0,No,6,6,1,2,3,1,1,4,3,3,1,2018-03-01,No,6-10 yrs,18-24,Mid-Low,0,College,20,Low Risk,82.0
E00198,35,Male,Married,Sales,Sales Executive,3,Technical Degree,Travel_Rarely,16,4522.0,15,0,No,4,0,0,0,5,0,3,2,3,3,3,2024-09-01,No,0-1 yrs,35-44,Low,0,Bachelor,30,Medium Risk,4.0
E00199,47,Female,Single,Finance,Accountant,4,Marketing,Travel_Rarely,1,6970.0,22,1,Yes,13,8,8,3,3,2,3,3,3,3,3,2016-11-01,Yes,6-10 yrs,45-54,Mid-High,1,Master,25,Medium Risk,98.0
E00200,46,Male,Single,Research & Development,Research Scientist,3,Life Sciences,Travel_Rarely,2,4839.0,14,1,No,1,0,0,0,3,0,4,3,3,1,3,2024-03-01,Yes,0-1 yrs,45-54,Low,1,Bachelor,30,Medium Risk,10.0
E00201,32,Female,Single,Sales,Sales Representative,2,Business,Travel_Frequently,1,3837.0,17,1,No,1,0,0,0,1,6,4,3,1,2,2,2024-10-01,No,0-1 yrs,25-34,Low,0,College,45,Medium Risk,3.0
E00202,35,Female,Single,Research & Development,Manufacturing Director,3,Marketing,Travel_Rarely,1,4744.0,11,0,Yes,4,2,1,2,1,2,4,3,3,2,3,2022-12-01,No,2-3 yrs,35-44,Low,0,Bachelor,40,Medium Risk,25.0
E00203,36,Male,Divorced,Research & Development,Laboratory Technician,3,Technical Degree,Travel_Frequently,29,5738.0,19,2,No,9,2,2,0,1,6,4,4,2,1,3,2022-07-01,No,2-3 yrs,35-44,Mid-Low,0,Bachelor,10,Low Risk,30.0
E00204,39,Female,Divorced,Research & Development,Laboratory Technician,2,Marketing,Non-Travel,2,4624.0,19,1,No,1,0,0,0,1,0,4,3,3,3,3,2024-04-01,No,0-1 yrs,35-44,Low,0,College,30,Medium Risk,9.0
E00205,38,Female,Single,Sales,Sales Executive,1,Business,Travel_Rarely,29,4666.0,16,2,No,2,1,1,1,1,1,2,4,3,3,4,2023-10-01,No,0-1 yrs,35-44,Low,0,Below College,60,High Risk,15.0
E00206,29,Male,Divorced,Research & Development,Research Scientist,3,Business,Non-Travel,24,7180.0,23,1,Yes,11,7,0,1,1,6,3,1,4,2,3,2017-01-01,No,6-10 yrs,25-34,Mid-High,0,Bachelor,35,Medium Risk,96.0
E00207,37,Female,Single,Sales,Sales Representative,3,Business,Travel_Frequently,5,8989.0,17,0,No,16,11,2,0,2,6,2,1,4,4,2,2013-02-01,No,10+ yrs,35-44,High,0,Bachelor,20,Low Risk,142.9
E00208,39,Male,Single,Human Resources,HR Executive,3,Business,Travel_Frequently,4,5147.0,11,0,No,4,2,2,1,4,1,3,1,2,2,2,2022-12-01,No,2-3 yrs,35-44,Low,0,Bachelor,15,Low Risk,25.0
E00209,20,Male,Single,Research & Development,Research Scientist,3,Life Sciences,Travel_Frequently,1,5518.0,17,1,No,2,2,2,0,1,0,3,3,3,3,3,2022-09-01,No,2-3 yrs,18-24,Low,0,Bachelor,15,Low Risk,28.0
E00210,24,Female,Single,Sales,Sales Representative,4,Human Resources,Travel_Frequently,1,7436.0,15,0,Yes,5,5,0,0,4,1,1,3,3,2,2,2019-12-01,Yes,4-5 yrs,18-24,High,1,Master,45,Medium Risk,61.0
E00211,30,Male,Divorced,Finance,Accountant,3,Life Sciences,Travel_Rarely,1,7130.0,12,0,Yes,6,6,5,0,3,1,4,4,2,2,3,2018-03-01,No,6-10 yrs,25-34,Mid-High,0,Bachelor,25,Medium Risk,82.0
E00212,38,Female,Married,Research & Development,Laboratory Technician,3,Life Sciences,Travel_Frequently,1,6767.0,13,0,Yes,12,10,1,1,4,0,2,2,3,2,3,2014-11-01,No,6-10 yrs,35-44,Mid-High,0,Bachelor,45,Medium Risk,122.0
E00213,46,Male,Married,Sales,Sales Representative,4,Life Sciences,Travel_Rarely,7,3802.0,13,2,Yes,7,2,2,0,1,0,3,4,3,2,4,2022-01-01,No,2-3 yrs,45-54,Low,0,Master,40,Medium Risk,36.0
E00214,38,Male,Single,Research & Development,Research Scientist,4,Medical,Travel_Rarely,2,6415.0,11,0,No,4,2,2,1,2,6,4,3,3,3,2,2022-09-01,No,2-3 yrs,35-44,Mid-Low,0,Master,0,Low Risk,28.0
E00215,34,Female,Married,Sales,Sales Representative,3,Marketing,Travel_Rarely,2,5477.0,16,0,No,3,0,0,0,2,4,4,3,4,1,3,2024-09-01,No,0-1 yrs,25-34,Low,0,Bachelor,30,Medium Risk,4.0
E00216,46,Male,Married,Sales,Sales Representative,3,Other,Travel_Rarely,1,10136.03,18,2,Yes,28,28,4,0,5,2,4,3,2,2,4,2005-12-01,No,10+ yrs,45-54,High,0,Bachelor,25,Medium Risk,229.0
E00217,40,Male,Divorced,Sales,Sales Representative,1,Life Sciences,Travel_Rarely,29,5731.0,11,1,No,3,2,2,0,0,1,2,4,1,1,3,2022-02-01,Yes,2-3 yrs,35-44,Mid-Low,1,Below College,45,Medium Risk,35.0
E00218,56,Female,Married,Sales,Sales Executive,2,Life Sciences,Travel_Rarely,11,6048.0,12,0,No,5,3,3,0,4,5,1,1,3,4,3,2021-09-01,Yes,2-3 yrs,55+,Mid-Low,1,College,20,Low Risk,40.0
E00219,42,Male,Married,Sales,Sales Representative,2,Human Resources,Travel_Rarely,2,7846.0,20,2,No,16,16,5,1,3,2,4,3,3,1,3,2008-01-01,No,10+ yrs,35-44,High,0,College,0,Low Risk,204.0
E00220,37,Male,Divorced,Research & Development,Research Scientist,3,Human Resources,Travel_Frequently,10,8001.0,15,1,No,10,8,1,0,1,2,3,3,3,4,3,2016-07-01,No,6-10 yrs,35-44,High,0,Bachelor,0,Low Risk,102.0
E00221,32,Male,Married,Research & Development,Laboratory Technician,3,Life Sciences,Travel_Rarely,1,5921.0,13,2,No,4,1,1,0,0,6,3,2,3,4,4,2023-10-01,No,0-1 yrs,25-34,Mid-Low,0,Bachelor,15,Low Risk,15.0
E00222,40,Female,Single,Research & Development,Manufacturing Director,2,Technical Degree,Travel_Rarely,6,6312.0,14,2,Yes,11,0,0,0,1,4,4,4,2,3,2,2024-07-01,No,0-1 yrs,35-44,Mid-Low,0,College,40,Medium Risk,6.0
E00223,38,Female,Single,Research & Development,Manufacturing Director,4,Marketing,Travel_Frequently,21,5347.0,17,0,No,1,0,0,0,1,6,3,3,2,4,3,2024-08-01,No,0-1 yrs,35-44,Low,0,Master,40,Medium Risk,5.0
E00224,28,Male,Married,Sales,Manager,5,Business,Travel_Rarely,6,5319.0,14,0,No,6,3,3,0,2,5,3,2,3,2,4,2021-01-01,No,2-3 yrs,25-34,Low,0,Doctorate,15,Low Risk,48.0
E00225,42,Male,Single,Research & Development,Laboratory Technician,2,Human Resources,Travel_Frequently,8,6252.0,11,0,Yes,0,0,0,0,1,2,1,4,3,1,4,2024-05-01,No,0-1 yrs,35-44,Mid-Low,0,College,60,High Risk,8.0
E00226,21,Female,Single,Research & Development,Manufacturing Director,2,Other,Non-Travel,3,7378.0,13,2,Yes,3,3,0,2,2,4,4,1,3,3,3,2021-11-01,No,2-3 yrs,18-24,Mid-High,0,College,25,Medium Risk,38.0
E00227,37,Female,Married,Research & Development,Manufacturing Director,3,Human Resources,Non-Travel,1,6400.0,18,0,No,8,7,3,0,3,0,3,3,3,3,4,2017-11-01,No,6-10 yrs,35-44,Mid-Low,0,Bachelor,0,Low Risk,86.0
E00228,36,Female,Married,Sales,Sales Executive,4,Human Resources,Travel_Rarely,1,7261.0,13,0,No,3,3,2,1,1,5,4,4,2,3,4,2021-02-01,No,2-3 yrs,35-44,Mid-High,0,Master,0,Low Risk,46.9
E00229,46,Female,Married,Marketing,Marketing Executive,1,Other,Travel_Rarely,3,4400.0,11,0,No,4,3,3,0,1,0,4,3,3,3,3,2021-03-01,No,2-3 yrs,45-54,Low,0,Below College,15,Low Risk,46.0
E00230,42,Male,Married,Research & Development,Research Scientist,3,Life Sciences,Non-Travel,2,9290.0,25,3,No,15,15,1,0,6,6,2,3,2,2,3,2009-07-01,No,10+ yrs,35-44,High,0,Bachelor,20,Low Risk,186.0
E00231,34,Male,Divorced,Sales,Manager,4,Human Resources,Travel_Rarely,5,8041.0,22,1,No,5,5,0,0,2,0,3,2,3,4,3,2019-10-01,No,4-5 yrs,25-34,High,0,Master,0,Low Risk,63.0
E00232,38,Male,Married,IT,Software Engineer,3,Other,Travel_Rarely,1,7328.0,11,1,No,7,3,2,1,6,6,4,4,2,3,3,2021-06-01,Yes,2-3 yrs,35-44,Mid-High,1,Bachelor,0,Low Risk,43.0
E00233,29,Male,Single,Research & Development,Research Scientist,2,Other,Travel_Rarely,5,6662.0,16,1,No,6,2,1,2,5,0,1,2,3,2,4,2022-11-01,Yes,2-3 yrs,25-34,Mid-High,1,College,20,Low Risk,26.0
E00234,50,Male,Single,IT,Data Analyst,4,Marketing,Non-Travel,7,5441.0,12,0,Yes,3,1,0,1,0,2,1,3,3,1,3,2023-12-01,Yes,0-1 yrs,45-54,Low,1,Master,75,High Risk,13.0
E00235,44,Male,Married,IT,IT Support,2,Marketing,Travel_Rarely,12,8279.0,14,3,No,15,14,3,0,2,2,4,3,3,3,3,2010-07-01,No,10+ yrs,35-44,High,0,College,0,Low Risk,174.0
E00236,24,Female,Single,Sales,Sales Executive,3,Life Sciences,Travel_Frequently,26,5981.0,11,1,No,3,2,1,2,2,4,4,1,3,2,3,2022-07-01,No,2-3 yrs,18-24,Mid-Low,0,Bachelor,10,Low Risk,30.0
E00237,42,Female,Divorced,Sales,Sales Executive,2,Other,Travel_Rarely,19,5614.0,14,1,No,7,4,1,4,0,5,1,3,4,2,2,2020-07-01,No,4-5 yrs,35-44,Low,0,College,35,Medium Risk,54.0
E00238,35,Female,Married,Finance,Accountant,3,Business,Travel_Rarely,3,6624.0,11,1,No,5,3,0,1,4,4,1,4,3,3,2,2021-06-01,No,2-3 yrs,35-44,Mid-High,0,Bachelor,20,Low Risk,43.0
E00239,25,Female,Married,Human Resources,HR Executive,3,Technical Degree,Travel_Rarely,3,6984.0,17,1,No,5,5,5,2,1,0,4,4,4,3,3,2019-03-01,No,4-5 yrs,25-34,Mid-High,0,Bachelor,0,Low Risk,70.0
E00240,31,Male,Divorced,IT,Data Analyst,1,Technical Degree,Non-Travel,5,9253.0,12,1,Yes,13,12,2,1,0,4,3,4,2,4,3,2012-09-01,No,10+ yrs,25-34,High,0,Below College,25,Medium Risk,148.0
E00241,24,Male,Married,Sales,Sales Executive,4,Marketing,Travel_Rarely,9,6027.0,21,1,No,6,3,3,0,2,0,3,1,3,3,3,2021-03-01,No,2-3 yrs,18-24,Mid-Low,0,Master,0,Low Risk,46.0
E00242,34,Male,Divorced,Sales,Manager,4,Other,Non-Travel,7,6441.0,11,0,No,12,11,1,0,5,4,1,4,3,3,4,2013-04-01,No,10+ yrs,25-34,Mid-Low,0,Master,20,Low Risk,141.0
E00243,54,Male,Divorced,Sales,Manager,1,Business,Travel_Rarely,9,7108.0,22,0,Yes,6,5,0,2,1,6,3,3,1,3,3,2019-10-01,No,4-5 yrs,45-54,Mid-High,0,Below College,40,Medium Risk,63.0
E00244,35,Male,Single,Sales,Sales Representative,2,Business,Travel_Rarely,1,6466.0,16,1,Yes,5,3,3,3,5,6,4,4,3,1,3,2021-08-01,No,2-3 yrs,35-44,Mid-Low,0,College,25,Medium Risk,41.0
E00245,36,Male,Single,Sales,Sales Executive,3,Technical Degree,Travel_Rarely,4,7484.0,16,0,Yes,11,5,3,0,0,0,4,3,4,3,4,2019-07-01,Yes,4-5 yrs,35-44,High,1,Bachelor,25,Medium Risk,66.0
E00246,21,Female,Married,Marketing,Manager,5,Technical Degree,Travel_Rarely,6,5988.0,16,3,No,0,0,0,0,3,3,2,2,3,4,2,2024-02-01,Yes,0-1 yrs,18-24,Mid-Low,1,Doctorate,35,Medium Risk,11.0
E00247,19,Female,Divorced,Research & Development,Research Scientist,5,Technical Degree,Travel_Rarely,1,6660.0,14,1,Yes,1,1,1,0,0,1,2,2,4,2,2,2023-01-01,Yes,0-1 yrs,18-24,Mid-High,1,Doctorate,60,High Risk,24.0
E00248,34,Female,Married,Finance,Accountant,2,Business,Travel_Rarely,21,5674.0,12,1,No,1,0,0,0,0,1,3,3,4,4,3,2024-01-01,Yes,0-1 yrs,25-34,Mid-Low,1,College,25,Medium Risk,12.0
E00249,34,Male,Divorced,Research & Development,Research Director,3,Marketing,Non-Travel,19,7249.0,18,0,Yes,12,2,2,0,3,4,1,4,2,3,3,2022-09-01,No,2-3 yrs,25-34,Mid-High,0,Bachelor,45,Medium Risk,28.0
E00250,51,Male,Single,IT,IT Manager,4,Other,Non-Travel,25,7075.0,11,0,No,1,0,0,0,3,5,3,2,4,3,3,2024-10-01,No,0-1 yrs,45-54,Mid-High,0,Master,25,Medium Risk,3.0
E00251,31,Male,Married,Sales,Sales Representative,3,Marketing,Travel_Frequently,1,5028.0,17,2,Yes,4,3,3,2,1,2,3,3,3,4,3,2021-05-01,No,2-3 yrs,25-34,Low,0,Bachelor,40,Medium Risk,44.0
E00252,31,Female,Married,Sales,Manager,3,Technical Degree,Travel_Rarely,7,6197.0,11,0,Yes,3,2,2,1,1,3,3,4,3,2,2,2022-12-01,Yes,2-3 yrs,25-34,Mid-Low,1,Bachelor,25,Medium Risk,25.0
E00253,29,Male,Married,Finance,Accountant,1,Other,Travel_Rarely,17,7421.0,12,2,Yes,4,4,3,0,6,2,3,3,1,4,3,2020-07-01,No,4-5 yrs,25-34,High,0,Below College,40,Medium Risk,54.0
E00254,33,Female,Single,Sales,Sales Representative,3,Business,Travel_Rarely,5,6078.0,11,2,No,2,1,0,0,0,5,2,3,4,1,4,2023-06-01,Yes,0-1 yrs,25-34,Mid-Low,1,Bachelor,35,Medium Risk,19.0
E00255,38,Female,Divorced,Human Resources,HR Specialist,3,Other,Travel_Rarely,9,5785.0,19,0,No,2,1,1,0,1,0,4,1,3,2,1,2023-03-01,Yes,0-1 yrs,35-44,Mid-Low,1,Bachelor,15,Low Risk,22.0
E00256,37,Male,Divorced,IT,Software Engineer,5,Life Sciences,Travel_Frequently,4,8812.0,11,1,No,9,6,1,0,3,2,4,2,4,2,3,2018-01-01,Yes,6-10 yrs,35-44,High,1,Doctorate,0,Low Risk,84.0
E00257,37,Female,Married,Sales,Manager,3,Medical,Travel_Rarely,4,8293.0,11,1,Yes,11,10,1,1,1,1,3,3,3,2,3,2014-10-01,Yes,6-10 yrs,35-44,High,1,Bachelor,25,Medium Risk,123.0
E00258,19,Female,Married,Finance,Finance Manager,4,Other,Non-Travel,5,6756.0,13,0,Yes,1,1,1,0,2,1,4,3,3,3,2,2023-08-01,No,0-1 yrs,18-24,Mid-High,0,Master,40,Medium Risk,17.0
E00259,38,Male,Single,Research & Development,Laboratory Technician,1,Medical,Non-Travel,1,6403.0,14,1,No,3,3,3,1,2,6,4,2,2,1,3,2021-01-01,Yes,2-3 yrs,35-44,Mid-Low,1,Below College,0,Low Risk,48.0
E00260,45,Female,Single,Research & Development,Laboratory Technician,3,Business,Travel_Rarely,8,7265.0,17,3,No,10,3,3,0,2,4,1,3,3,4,3,2021-03-01,No,2-3 yrs,45-54,Mid-High,0,Bachelor,20,Low Risk,46.0
E00261,28,Female,Single,Research & Development,Manufacturing Director,4,Human Resources,Travel_Rarely,4,8184.0,14,1,Yes,10,6,3,0,4,1,3,4,3,3,2,2018-02-01,No,6-10 yrs,25-34,High,0,Master,25,Medium Risk,83.0
E00262,19,Male,Divorced,Research & Development,Research Scientist,2,Medical,Travel_Rarely,21,6203.0,13,2,No,1,1,0,1,6,6,1,3,2,4,3,2023-11-01,No,0-1 yrs,18-24,Mid-Low,0,College,45,Medium Risk,14.0
E00263,40,Male,Married,Research & Development,Research Scientist,5,Technical Degree,Travel_Rarely,4,9550.0,21,2,Yes,22,17,4,0,4,6,1,3,2,3,3,2007-07-01,Yes,10+ yrs,35-44,High,1,Doctorate,45,Medium Risk,210.0
E00264,44,Male,Married,IT,Data Analyst,3,Marketing,Travel_Rarely,2,6339.0,21,0,Yes,3,1,1,0,2,5,1,4,1,2,3,2023-10-01,Yes,0-1 yrs,35-44,Mid-Low,1,Bachelor,75,High Risk,15.0
E00265,29,Female,Divorced,Research & Development,Laboratory Technician,4,Life Sciences,Travel_Rarely,5,7900.0,11,0,No,0,0,0,0,4,0,4,4,3,1,2,2024-12-01,No,0-1 yrs,25-34,High,0,Master,15,Low Risk,1.0
E00266,45,Female,Married,IT,IT Support,3,Human Resources,Travel_Rarely,4,9706.0,13,1,No,18,17,1,0,2,1,3,3,3,1,3,2007-11-01,No,10+ yrs,45-54,High,0,Bachelor,0,Low Risk,206.0
E00267,37,Female,Married,Marketing,Marketing Executive,3,Marketing,Non-Travel,22,4587.0,11,0,No,4,1,1,0,3,4,3,3,2,3,4,2023-05-01,No,0-1 yrs,35-44,Low,0,Bachelor,40,Medium Risk,20.0
E00268,51,Male,Single,Research & Development,Research Scientist,4,Medical,Non-Travel,4,7147.0,11,0,No,5,5,0,1,2,2,3,2,4,3,3,2019-12-01,No,4-5 yrs,45-54,Mid-High,0,Master,0,Low Risk,61.0
E00269,26,Female,Single,Finance,Finance Manager,3,Business,Travel_Rarely,1,7572.0,16,0,No,8,2,0,1,1,3,3,2,4,3,3,2022-12-01,No,2-3 yrs,25-34,High,0,Bachelor,0,Low Risk,25.0
E00270,28,Male,Married,Research & Development,Manufacturing Director,4,Medical,Travel_Rarely,1,6589.0,12,2,No,6,5,2,0,5,5,2,2,2,3,2,2019-10-01,No,4-5 yrs,25-34,Mid-High,0,Master,20,Low Risk,63.0
E00271,36,Male,Single,Research & Development,Manufacturing Director,5,Technical Degree,Travel_Rarely,19,8464.0,21,2,No,2,1,0,0,2,4,3,4,3,3,3,2023-09-01,Yes,0-1 yrs,35-44,High,1,Doctorate,15,Low Risk,16.0
E00272,43,Male,Single,IT,IT Support,4,Marketing,Travel_Rarely,13,7430.0,16,1,Yes,4,3,1,1,5,4,2,3,4,1,2,2021-01-01,Yes,2-3 yrs,35-44,High,1,Master,45,Medium Risk,48.0
E00273,38,Male,Single,Research & Development,Laboratory Technician,3,Other,Travel_Rarely,11,8102.0,15,2,No,9,7,1,0,3,1,4,4,4,4,3,2017-07-01,No,6-10 yrs,35-44,High,0,Bachelor,0,Low Risk,90.0
E00274,23,Female,Single,Sales,Sales Representative,4,Marketing,Travel_Frequently,14,5875.0,18,2,No,4,4,4,0,2,0,3,4,3,3,3,2020-05-01,Yes,4-5 yrs,18-24,Mid-Low,1,Master,0,Low Risk,56.0
E00275,29,Male,Divorced,Sales,Sales Executive,3,Technical Degree,Non-Travel,10,4155.0,17,1,Yes,0,0,0,0,4,4,3,4,4,3,3,2024-09-01,No,0-1 yrs,25-34,Low,0,Bachelor,55,High Risk,4.0
E00276,32,Female,Divorced,IT,IT Support,4,Business,Travel_Rarely,6,6081.0,17,1,No,1,1,0,1,4,2,4,2,3,2,3,2023-05-01,Yes,0-1 yrs,25-34,Mid-Low,1,Master,15,Low Risk,20.0
E00277,42,Male,Married,Marketing,Marketing Executive,3,Business,Travel_Rarely,11,5442.0,14,0,No,11,5,5,0,1,4,2,4,3,1,3,2019-01-01,No,4-5 yrs,35-44,Low,0,Bachelor,35,Medium Risk,72.0
E00278,33,Male,Married,Research & Development,Research Director,4,Medical,Travel_Rarely,8,6944.0,18,1,No,4,0,0,0,0,0,1,3,3,3,3,2024-05-01,No,0-1 yrs,25-34,Mid-High,0,Master,35,Medium Risk,8.0
E00279,32,Female,Divorced,Research & Development,Research Scientist,3,Medical,Travel_Rarely,22,6166.0,15,0,No,6,6,6,0,3,5,3,1,3,3,3,2018-10-01,No,6-10 yrs,25-34,Mid-Low,0,Bachelor,10,Low Risk,75.0
E00280,45,Male,Divorced,IT,Software Engineer,4,Marketing,Travel_Rarely,1,7511.0,14,1,Yes,5,4,2,2,5,5,3,2,3,1,2,2020-08-01,No,4-5 yrs,45-54,High,0,Master,25,Medium Risk,53.0
E00281,43,Male,Married,Sales,Manager,2,Life Sciences,Non-Travel,1,6629.0,14,2,No,15,8,0,1,1,0,3,2,3,2,3,2016-06-01,No,6-10 yrs,35-44,Mid-High,0,College,0,Low Risk,103.0
E00282,27,Female,Divorced,Sales,Sales Executive,3,Medical,Travel_Rarely,7,6585.0,20,0,Yes,2,1,1,0,1,4,1,4,3,3,3,2023-03-01,No,0-1 yrs,25-34,Mid-High,0,Bachelor,60,High Risk,22.0
E00283,32,Female,Single,Research & Development,Laboratory Technician,5,Business,Travel_Frequently,3,6768.0,17,0,Yes,5,2,2,1,1,0,3,4,2,2,4,2022-09-01,Yes,2-3 yrs,25-34,Mid-High,1,Doctorate,25,Medium Risk,28.0
E00284,41,Male,Married,Research & Development,Manufacturing Director,2,Human Resources,Travel_Rarely,6,6836.0,15,0,No,4,4,2,1,2,3,4,4,2,3,3,2020-05-01,No,4-5 yrs,35-44,Mid-High,0,College,0,Low Risk,56.0
E00285,45,Male,Married,IT,IT Manager,2,Medical,Non-Travel,1,6925.0,11,3,No,11,5,4,0,2,1,3,2,4,3,2,2019-02-01,No,4-5 yrs,45-54,Mid-High,0,College,0,Low Risk,71.0
E00286,46,Male,Divorced,Marketing,Marketing Executive,1,Life Sciences,Travel_Rarely,3,3807.0,13,0,No,1,1,1,1,2,6,1,3,3,3,3,2023-07-01,No,0-1 yrs,45-54,Low,0,Below College,50,High Risk,18.0
E00287,47,Female,Married,Sales,Sales Executive,2,Technical Degree,Travel_Rarely,5,5630.0,11,0,Yes,6,2,0,2,1,2,2,4,1,4,3,2022-01-01,Yes,2-3 yrs,45-54,Low,1,College,75,High Risk,36.0
E00288,40,Male,Single,Research & Development,Manufacturing Director,5,Technical Degree,Non-Travel,3,7588.0,13,0,No,5,5,0,1,2,6,3,1,3,4,4,2019-12-01,No,4-5 yrs,35-44,High,0,Doctorate,0,Low Risk,61.0
E00289,25,Male,Single,Finance,Finance Manager,4,Business,Travel_Frequently,1,8930.0,11,0,Yes,7,7,1,1,4,4,2,1,3,3,2,2017-06-01,Yes,6-10 yrs,25-34,High,1,Master,45,Medium Risk,91.0
E00290,21,Female,Married,Sales,Sales Executive,3,Medical,Travel_Rarely,19,6100.0,11,2,No,3,1,1,0,2,0,3,3,2,2,3,2023-08-01,No,0-1 yrs,18-24,Mid-Low,0,Bachelor,15,Low Risk,17.0
E00291,39,Male,Married,Sales,Sales Executive,4,Technical Degree,Travel_Frequently,7,5405.0,17,0,No,2,1,1,1,1,5,3,4,4,3,3,2023-03-01,No,0-1 yrs,35-44,Low,0,Master,30,Medium Risk,22.0
E00292,41,Female,Divorced,Sales,Sales Executive,4,Other,Travel_Rarely,13,7487.0,13,1,Yes,9,8,1,0,3,6,4,3,2,3,4,2016-07-01,No,6-10 yrs,35-44,High,0,Master,25,Medium Risk,102.0
E00293,42,Male,Single,Sales,Sales Representative,2,Life Sciences,Travel_Rarely,1,5346.0,16,1,No,4,1,0,0,1,2,3,4,3,4,4,2023-06-01,No,0-1 yrs,35-44,Low,0,College,30,Medium Risk,19.0
E00294,30,Female,Married,Sales,Sales Representative,3,Business,Travel_Rarely,2,5109.0,16,0,No,1,0,0,0,5,3,3,4,4,4,3,2024-07-01,No,0-1 yrs,25-34,Low,0,Bachelor,30,Medium Risk,6.0
E00295,38,Male,Married,Sales,Manager,2,Life Sciences,Travel_Rarely,14,4142.0,16,1,Yes,0,0,0,0,3,2,3,3,3,3,2,2024-01-01,No,0-1 yrs,35-44,Low,0,College,55,High Risk,12.0
E00296,30,Male,Divorced,Finance,Accountant,3,Life Sciences,Non-Travel,5,6714.0,12,1,No,7,1,1,0,2,0,4,3,3,3,3,2023-11-01,No,0-1 yrs,25-34,Mid-High,0,Bachelor,15,Low Risk,14.0
E00297,36,Male,Married,Research & Development,Research Director,3,Life Sciences,Travel_Frequently,1,8303.0,16,0,Yes,6,6,0,0,0,1,2,1,2,4,3,2018-06-01,Yes,6-10 yrs,35-44,High,1,Bachelor,45,Medium Risk,79.0
E00298,30,Male,Married,Sales,Sales Executive,2,Business,Travel_Frequently,23,4980.0,20,3,No,1,0,0,0,1,3,4,4,4,4,3,2024-10-01,No,0-1 yrs,25-34,Low,0,College,40,Medium Risk,3.0
E00299,43,Male,Single,Finance,Accountant,3,Business,Travel_Rarely,1,4425.0,18,1,No,1,0,0,0,3,1,4,1,1,1,3,2024-12-01,No,0-1 yrs,35-44,Low,0,Bachelor,45,Medium Risk,1.0
E00300,38,Female,Married,Finance,Accountant,4,Life Sciences,Non-Travel,1,10136.03,12,2,No,19,19,2,2,1,5,4,3,3,3,3,2005-10-01,No,10+ yrs,35-44,High,0,Master,0,Low Risk,231.0
E00301,39,Male,Single,Research & Development,Manufacturing Director,1,Marketing,Travel_Rarely,1,4706.0,22,0,Yes,2,1,1,1,4,3,4,4,1,2,3,2023-01-01,Yes,0-1 yrs,35-44,Low,1,Below College,70,High Risk,24.0
E00302,18,Female,Married,Sales,Sales Representative,4,Other,Travel_Frequently,16,4378.0,11,2,No,0,0,0,0,3,5,3,1,3,2,3,2024-06-01,Yes,0-1 yrs,18-24,Low,1,Master,30,Medium Risk,7.0
E00303,49,Male,Divorced,Research & Development,Research Scientist,3,Medical,Travel_Frequently,1,6365.0,23,3,Yes,4,4,2,0,5,2,1,4,4,1,3,2020-04-01,No,4-5 yrs,45-54,Mid-Low,0,Bachelor,45,Medium Risk,57.0
E00304,18,Male,Married,Sales,Sales Executive,3,Technical Degree,Travel_Rarely,6,6361.0,21,2,No,0,0,0,0,0,2,2,3,2,2,3,2024-06-01,No,0-1 yrs,18-24,Mid-Low,0,Bachelor,35,Medium Risk,7.0
E00305,29,Female,Single,Marketing,Marketing Executive,5,Technical Degree,Travel_Rarely,2,6119.0,15,0,No,1,0,0,0,0,5,2,4,4,3,4,2024-03-01,No,0-1 yrs,25-34,Mid-Low,0,Doctorate,35,Medium Risk,10.0
E00306,22,Male,Single,Marketing,Manager,1,Technical Degree,Travel_Rarely,19,7158.0,13,2,No,2,1,0,1,1,5,2,4,1,4,2,2023-03-01,No,0-1 yrs,18-24,Mid-High,0,Below College,50,High Risk,22.0
E00307,27,Male,Single,Research & Development,Manufacturing Director,4,Life Sciences,Travel_Rarely,2,7996.0,18,3,Yes,9,1,1,0,3,6,4,3,3,4,4,2023-07-01,Yes,0-1 yrs,25-34,High,1,Master,40,Medium Risk,18.0
E00308,31,Male,Single,Sales,Manager,2,Medical,Travel_Rarely,12,5530.0,23,0,Yes,3,0,0,0,1,4,3,1,3,2,2,2024-04-01,Yes,0-1 yrs,25-34,Low,1,College,55,High Risk,9.0
E00309,43,Male,Divorced,Finance,Financial Analyst,5,Human Resources,Travel_Rarely,7,6703.0,11,3,No,2,0,0,0,3,0,4,4,2,3,4,2024-04-01,No,0-1 yrs,35-44,Mid-High,0,Doctorate,15,Low Risk,9.0
E00310,29,Male,Married,Research & Development,Research Scientist,2,Business,Travel_Rarely,27,7124.0,11,1,Yes,2,0,0,0,6,4,3,3,2,2,3,2024-07-01,No,0-1 yrs,25-34,Mid-High,0,College,50,High Risk,6.0
E00311,31,Male,Divorced,Research & Development,Research Director,3,Medical,Travel_Frequently,18,6501.0,12,3,No,4,4,3,2,2,0,3,3,4,4,3,2020-05-01,No,4-5 yrs,25-34,Mid-Low,0,Bachelor,0,Low Risk,56.0
E00312,29,Male,Single,Sales,Sales Executive,2,Marketing,Travel_Frequently,5,7411.0,16,0,No,11,10,0,0,0,4,1,3,4,3,3,2014-10-01,No,6-10 yrs,25-34,High,0,College,20,Low Risk,123.0
E00313,36,Male,Married,Research & Development,Laboratory Technician,4,Life Sciences,Travel_Frequently,4,6770.0,15,0,No,4,3,0,0,3,4,3,4,3,3,3,2021-07-01,No,2-3 yrs,35-44,Mid-High,0,Master,0,Low Risk,42.0
E00314,34,Female,Single,Research & Development,Laboratory Technician,1,Human Resources,Travel_Rarely,14,7015.0,21,0,No,2,1,1,1,5,3,2,3,3,3,2,2023-04-01,No,0-1 yrs,25-34,Mid-High,0,Below College,35,Medium Risk,21.0
E00315,35,Male,Single,Sales,Sales Representative,3,Business,Non-Travel,13,7171.0,21,0,No,4,4,3,0,1,3,3,2,1,2,2,2020-07-01,No,4-5 yrs,35-44,Mid-High,0,Bachelor,15,Low Risk,54.0
E00316,28,Male,Single,Sales,Sales Representative,4,Medical,Travel_Frequently,6,5086.0,24,1,No,9,0,0,0,3,6,2,2,2,3,3,2024-03-01,No,0-1 yrs,25-34,Low,0,Master,50,High Risk,10.0
E00317,40,Female,Married,IT,IT Manager,4,Technical Degree,Travel_Rarely,1,6920.0,11,0,No,3,2,2,1,2,6,2,4,2,3,3,2022-02-01,No,2-3 yrs,35-44,Mid-High,0,Master,20,Low Risk,35.0
E00318,31,Male,Single,Finance,Financial Analyst,2,Other,Travel_Rarely,1,6682.0,19,0,No,10,6,3,0,3,3,3,4,2,4,3,2018-05-01,No,6-10 yrs,25-34,Mid-High,0,College,0,Low Risk,80.0
E00319,18,Female,Single,IT,IT Support,5,Life Sciences,Travel_Rarely,3,8255.0,16,0,Yes,0,0,0,0,1,1,3,1,2,2,2,2024-02-01,Yes,0-1 yrs,18-24,High,1,Doctorate,40,Medium Risk,11.0
E00320,30,Male,Married,Research & Development,Laboratory Technician,4,Business,Travel_Rarely,1,8041.0,13,1,Yes,8,3,3,1,3,4,3,4,2,3,3,2021-08-01,No,2-3 yrs,25-34,High,0,Master,25,Medium Risk,41.0
E00321,34,Male,Married,Sales,Sales Representative,4,Human Resources,Travel_Rarely,22,5208.0,15,3,Yes,4,2,1,1,0,5,3,4,1,3,4,2022-10-01,No,2-3 yrs,25-34,Low,0,Master,65,High Risk,27.0
E00322,24,Male,Single,IT,Data Analyst,5,Business,Travel_Rarely,13,7150.0,24,2,No,2,0,0,0,3,6,1,3,3,3,3,2024-11-01,No,0-1 yrs,18-24,Mid-High,0,Doctorate,35,Medium Risk,2.0
E00323,18,Male,Single,Sales,Sales Representative,3,Technical Degree,Non-Travel,5,6154.0,17,2,Yes,0,0,0,0,1,4,2,3,1,4,3,2024-12-01,No,0-1 yrs,18-24,Mid-Low,0,Bachelor,75,High Risk,1.0
E00324,18,Male,Single,Research & Development,Laboratory Technician,1,Business,Non-Travel,6,5257.0,20,0,No,0,0,0,0,2,5,3,4,2,3,3,2024-06-01,No,0-1 yrs,18-24,Low,0,Below College,30,Medium Risk,7.0
E00325,30,Female,Married,Human Resources,HR Specialist,3,Other,Travel_Frequently,2,7328.0,18,1,Yes,12,12,0,0,2,1,4,3,2,3,3,2012-12-01,No,10+ yrs,25-34,Mid-High,0,Bachelor,25,Medium Risk,145.0
E00326,40,Male,Single,Sales,Manager,3,Human Resources,Travel_Rarely,7,8718.0,17,1,No,9,8,1,0,4,4,2,4,3,3,3,2016-12-01,No,6-10 yrs,35-44,High,0,Bachelor,20,Low Risk,97.0
E00327,23,Male,Married,Human Resources,HR Executive,3,Other,Travel_Rarely,21,5971.0,23,2,No,3,3,0,3,1,3,4,3,3,2,3,2021-06-01,Yes,2-3 yrs,18-24,Mid-Low,1,Bachelor,10,Low Risk,43.0
E00328,32,Male,Single,Sales,Sales Executive,4,Marketing,Travel_Rarely,1,8586.0,11,0,No,12,10,1,0,5,4,2,4,3,4,3,2014-12-01,No,6-10 yrs,25-34,High,0,Master,20,Low Risk,121.0
E00329,49,Female,Married,Human Resources,HR Specialist,4,Other,Travel_Rarely,3,3761.73,13,1,No,1,0,0,0,3,6,2,3,4,4,3,2024-03-01,Yes,0-1 yrs,45-54,Low,1,Master,50,High Risk,10.0
E00330,42,Female,Married,Research & Development,Manufacturing Director,1,Life Sciences,Travel_Frequently,1,4930.0,19,2,No,2,1,1,0,1,6,2,3,3,1,3,2023-06-01,No,0-1 yrs,35-44,Low,0,Below College,50,High Risk,19.0
E00331,25,Male,Single,Research & Development,Research Director,3,Life Sciences,Travel_Rarely,9,7283.0,22,1,No,7,7,1,1,6,6,1,3,3,3,3,2017-01-01,No,6-10 yrs,25-34,Mid-High,0,Bachelor,20,Low Risk,96.0
E00332,23,Male,Single,Research & Development,Research Director,4,Life Sciences,Non-Travel,7,7149.0,17,1,Yes,5,5,1,2,2,6,3,3,3,1,4,2019-11-01,Yes,4-5 yrs,18-24,Mid-High,1,Master,25,Medium Risk,62.0
E00333,51,Male,Divorced,Human Resources,Manager,3,Marketing,Non-Travel,6,6280.0,16,0,No,2,2,0,1,1,3,3,3,1,3,3,2022-09-01,No,2-3 yrs,45-54,Mid-Low,0,Bachelor,15,Low Risk,28.0
E00334,49,Female,Married,Sales,Sales Executive,5,Human Resources,Travel_Frequently,1,6443.0,16,1,No,7,0,0,0,1,5,4,3,4,3,3,2024-03-01,No,0-1 yrs,45-54,Mid-Low,0,Doctorate,15,Low Risk,10.0
E00335,35,Male,Married,Research & Development,Laboratory Technician,3,Marketing,Travel_Frequently,3,5539.0,14,1,Yes,3,1,1,1,1,0,3,3,3,3,3,2023-06-01,No,0-1 yrs,35-44,Low,0,Bachelor,55,High Risk,19.0
E00336,43,Female,Married,Human Resources,Manager,4,Marketing,Travel_Rarely,6,5198.0,11,1,No,4,3,0,0,2,5,4,4,2,4,3,2021-03-01,No,2-3 yrs,35-44,Low,0,Master,15,Low Risk,46.0
E00337,27,Male,Single,Research & Development,Research Director,3,Human Resources,Travel_Rarely,29,6334.0,14,1,No,9,7,0,0,5,1,4,4,3,4,4,2017-06-01,No,6-10 yrs,25-34,Mid-Low,0,Bachelor,10,Low Risk,91.0
E00338,41,Male,Married,IT,Software Engineer,2,Life Sciences,Non-Travel,2,5940.0,16,0,No,3,1,1,1,4,3,3,2,2,3,3,2023-02-01,No,0-1 yrs,35-44,Mid-Low,0,College,15,Low Risk,23.0
E00339,30,Male,Divorced,Marketing,Manager,4,Life Sciences,Travel_Rarely,8,6657.0,11,1,No,2,2,2,0,3,1,3,4,3,4,3,2022-07-01,No,2-3 yrs,25-34,Mid-High,0,Master,0,Low Risk,30.0
E00340,21,Female,Divorced,Sales,Sales Executive,2,Medical,Travel_Frequently,5,5282.0,11,0,No,3,3,1,2,5,4,4,3,3,2,2,2021-09-01,No,2-3 yrs,18-24,Low,0,College,15,Low Risk,40.0
E00341,32,Female,Divorced,Research & Development,Research Scientist,4,Medical,Non-Travel,10,6854.0,13,0,No,3,3,3,3,1,2,1,3,3,1,3,2021-12-01,No,2-3 yrs,25-34,Mid-High,0,Master,20,Low Risk,37.0
E00342,31,Male,Single,Sales,Sales Executive,3,Human Resources,Travel_Frequently,29,5082.0,20,0,Yes,10,5,3,0,2,2,3,3,1,2,4,2019-12-01,No,4-5 yrs,25-34,Low,0,Bachelor,65,High Risk,61.0
E00343,50,Male,Divorced,Sales,Sales Representative,1,Technical Degree,Non-Travel,4,7390.0,12,0,No,18,17,3,0,1,0,2,4,2,3,4,2007-01-01,No,10+ yrs,45-54,High,0,Below College,20,Low Risk,216.0
E00344,54,Female,Single,Marketing,Manager,4,Business,Travel_Rarely,4,8337.0,19,0,Yes,7,6,0,0,1,5,4,4,2,1,3,2018-08-01,Yes,6-10 yrs,45-54,High,1,Master,25,Medium Risk,77.0
E00345,27,Female,Married,Human Resources,Manager,3,Medical,Travel_Rarely,24,4499.0,18,0,No,0,0,0,0,2,3,4,2,1,1,3,2024-02-01,No,0-1 yrs,25-34,Low,0,Bachelor,55,High Risk,11.0
E00346,50,Male,Married,Research & Development,Laboratory Technician,5,Marketing,Non-Travel,10,6213.0,11,1,No,12,1,1,0,0,0,2,2,1,3,3,2023-07-01,Yes,0-1 yrs,45-54,Mid-Low,1,Doctorate,50,High Risk,18.0
E00347,24,Male,Divorced,Research & Development,Research Director,2,Life Sciences,Travel_Rarely,14,5162.0,19,1,Yes,6,6,3,1,2,4,4,3,4,1,3,2018-01-01,No,6-10 yrs,18-24,Low,0,College,40,Medium Risk,84.0
E00348,35,Male,Married,Sales,Sales Representative,3,Medical,Travel_Frequently,1,6956.0,11,1,Yes,6,6,3,0,2,1,4,3,3,3,3,2018-10-01,Yes,6-10 yrs,35-44,Mid-High,1,Bachelor,25,Medium Risk,75.0
E00349,31,Male,Married,Sales,Sales Representative,2,Medical,Travel_Frequently,2,4553.0,14,1,Yes,3,3,1,2,4,4,3,3,3,4,4,2021-03-01,No,2-3 yrs,25-34,Low,0,College,40,Medium Risk,46.0
E00350,30,Male,Divorced,Finance,Accountant,5,Human Resources,Travel_Rarely,12,8788.0,16,0,Yes,5,5,0,3,2,4,1,3,2,3,4,2019-10-01,Yes,4-5 yrs,25-34,High,1,Doctorate,45,Medium Risk,63.0
E00351,44,Female,Divorced,Human Resources,HR Specialist,3,Life Sciences,Travel_Rarely,10,4906.0,25,1,Yes,2,1,0,0,2,1,4,4,3,3,3,2023-01-01,No,0-1 yrs,35-44,Low,0,Bachelor,55,High Risk,24.0
E00352,40,Female,Married,Sales,Sales Representative,3,Medical,Travel_Rarely,3,6190.0,11,0,No,2,2,0,0,3,6,4,3,2,3,3,2022-01-01,Yes,2-3 yrs,35-44,Mid-Low,1,Bachelor,0,Low Risk,36.0
E00353,25,Female,Single,IT,IT Manager,2,Human Resources,Non-Travel,7,7050.0,11,2,No,3,3,0,1,1,0,3,4,2,2,3,2021-05-01,No,2-3 yrs,25-34,Mid-High,0,College,0,Low Risk,44.0
E00354,34,Female,Married,Finance,Accountant,3,Marketing,Travel_Rarely,9,6131.0,18,0,No,10,5,0,0,3,3,1,4,2,2,3,2019-05-01,No,4-5 yrs,25-34,Mid-Low,0,Bachelor,20,Low Risk,68.0
E00355,44,Female,Married,IT,IT Support,4,Business,Travel_Rarely,2,9202.0,14,0,Yes,12,7,0,0,4,3,3,3,2,1,3,2017-01-01,No,6-10 yrs,35-44,High,0,Master,25,Medium Risk,96.0
E00356,38,Male,Single,Sales,Sales Executive,3,Technical Degree,Travel_Rarely,9,5958.0,13,0,No,5,4,4,1,0,5,4,3,4,3,2,2020-05-01,No,4-5 yrs,35-44,Mid-Low,0,Bachelor,0,Low Risk,56.0
E00357,18,Male,Married,Human Resources,HR Executive,4,Business,Travel_Rarely,6,4632.0,13,1,No,0,0,0,0,0,3,1,2,3,3,4,2024-03-01,No,0-1 yrs,18-24,Low,0,Master,50,High Risk,10.0
E00358,40,Male,Married,Finance,Accountant,2,Life Sciences,Travel_Frequently,14,8982.0,15,0,No,8,8,0,1,5,0,3,2,2,3,3,2016-10-01,No,6-10 yrs,35-44,High,0,College,0,Low Risk,99.0
E00359,26,Male,Married,Research & Development,Manufacturing Director,3,Marketing,Non-Travel,3,7296.0,16,1,No,8,6,2,0,6,4,4,4,4,2,3,2018-03-01,No,6-10 yrs,25-34,Mid-High,0,Bachelor,0,Low Risk,82.0
E00360,33,Female,Married,Research & Development,Laboratory Technician,4,Business,Travel_Rarely,5,7246.0,12,0,Yes,4,4,2,0,3,0,4,3,4,2,3,2020-09-01,No,4-5 yrs,25-34,Mid-High,0,Master,25,Medium Risk,52.0
E00361,35,Male,Single,Finance,Financial Analyst,2,Business,Travel_Frequently,1,6432.0,12,0,Yes,7,4,0,2,3,1,1,1,3,2,4,2020-07-01,No,4-5 yrs,35-44,Mid-Low,0,College,45,Medium Risk,54.0
E00362,32,Male,Married,Human Resources,Manager,3,Medical,Travel_Frequently,3,4453.0,11,2,No,2,0,0,0,4,5,4,4,4,3,3,2024-03-01,No,0-1 yrs,25-34,Low,0,Bachelor,30,Medium Risk,10.0
E00363,26,Male,Married,Research & Development,Laboratory Technician,5,Other,Travel_Rarely,23,8950.0,18,1,No,8,8,0,2,3,6,3,2,2,3,3,2016-02-01,No,6-10 yrs,25-34,High,0,Doctorate,10,Low Risk,107.0
E00364,46,Male,Married,Research & Development,Manufacturing Director,3,Business,Travel_Frequently,8,6400.0,18,0,Yes,8,1,0,0,4,0,4,4,3,2,4,2023-11-01,No,0-1 yrs,45-54,Mid-Low,0,Bachelor,40,Medium Risk,14.0
E00365,34,Female,Divorced,Research & Development,Research Director,4,Marketing,Travel_Rarely,4,8121.0,13,0,No,12,11,1,1,3,6,2,2,1,3,3,2013-02-01,No,10+ yrs,25-34,High,0,Master,35,Medium Risk,142.9
E00366,31,Male,Divorced,Research & Development,Manufacturing Director,1,Technical Degree,Travel_Rarely,11,5782.0,21,0,Yes,7,5,1,0,1,1,3,3,4,4,3,2019-07-01,No,4-5 yrs,25-34,Mid-Low,0,Below College,25,Medium Risk,66.0
E00367,24,Male,Married,Research & Development,Research Scientist,3,Marketing,Non-Travel,9,5743.0,11,0,No,1,1,0,0,3,2,2,1,3,1,3,2023-07-01,Yes,0-1 yrs,18-24,Mid-Low,1,Bachelor,35,Medium Risk,18.0
E00368,54,Male,Married,Research & Development,Research Director,4,Business,Travel_Rarely,7,6764.0,17,0,No,5,4,2,0,3,5,3,4,3,4,3,2020-09-01,No,4-5 yrs,45-54,Mid-High,0,Master,0,Low Risk,52.0
E00369,41,Male,Married,IT,IT Manager,1,Life Sciences,Travel_Rarely,5,6804.0,14,2,Yes,3,2,1,1,4,5,2,2,1,3,3,2022-09-01,No,2-3 yrs,35-44,Mid-High,0,Below College,60,High Risk,28.0
E00370,57,Male,Married,Sales,Sales Representative,4,Technical Degree,Travel_Rarely,5,5413.0,12,1,Yes,5,1,1,1,3,4,2,2,2,3,3,2023-07-01,No,0-1 yrs,55+,Low,0,Master,75,High Risk,18.0
E00371,40,Male,Married,Finance,Financial Analyst,4,Human Resources,Travel_Rarely,12,4951.0,13,0,Yes,4,1,0,1,1,4,3,2,4,3,3,2023-12-01,Yes,0-1 yrs,35-44,Low,1,Master,55,High Risk,13.0
E00372,36,Male,Divorced,Research & Development,Manufacturing Director,2,Human Resources,Non-Travel,2,5904.0,17,1,No,1,0,0,0,1,2,2,2,2,3,3,2024-10-01,No,0-1 yrs,35-44,Mid-Low,0,College,35,Medium Risk,3.0
E00373,26,Female,Single,Research & Development,Laboratory Technician,5,Medical,Travel_Rarely,7,5387.0,14,3,No,8,4,0,1,2,3,4,4,4,3,3,2020-12-01,No,4-5 yrs,25-34,Low,0,Doctorate,15,Low Risk,49.0
E00374,55,Female,Divorced,Sales,Sales Representative,4,Marketing,Non-Travel,2,5228.0,22,3,No,2,2,0,1,2,0,3,4,3,3,2,2022-10-01,Yes,2-3 yrs,55+,Low,1,Master,15,Low Risk,27.0
E00375,23,Male,Divorced,Marketing,Marketing Analyst,4,Medical,Travel_Rarely,19,5641.0,21,0,No,2,2,1,0,5,3,2,3,3,4,3,2022-12-01,No,2-3 yrs,18-24,Low,0,Master,35,Medium Risk,25.0
E00376,43,Female,Married,Sales,Sales Executive,2,Technical Degree,Travel_Rarely,4,4984.0,11,2,No,10,6,2,0,3,3,4,1,4,3,3,2018-01-01,No,6-10 yrs,35-44,Low,0,College,15,Low Risk,84.0
E00377,42,Female,Single,IT,Data Analyst,2,Human Resources,Travel_Frequently,13,6110.0,16,0,No,3,1,1,0,4,0,4,2,3,3,3,2023-09-01,Yes,0-1 yrs,35-44,Mid-Low,1,College,15,Low Risk,16.0
E00378,48,Male,Single,Finance,Financial Analyst,5,Technical Degree,Travel_Rarely,5,5895.0,16,1,No,7,4,1,0,1,3,2,2,3,4,3,2020-02-01,No,4-5 yrs,45-54,Mid-Low,0,Doctorate,20,Low Risk,59.0
E00379,18,Male,Married,Human Resources,Manager,4,Business,Travel_Frequently,9,5246.0,11,0,No,0,0,0,0,1,1,4,4,4,4,4,2024-05-01,No,0-1 yrs,18-24,Low,0,Master,30,Medium Risk,8.0
E00380,39,Male,Married,Marketing,Manager,5,Life Sciences,Travel_Frequently,1,6381.0,18,2,No,2,0,0,0,2,6,2,3,4,3,3,2024-10-01,Yes,0-1 yrs,35-44,Mid-Low,1,Doctorate,35,Medium Risk,3.0
E00381,26,Male,Single,Finance,Financial Analyst,2,Business,Travel_Rarely,7,5464.0,11,0,No,2,1,1,1,3,5,1,3,1,3,3,2023-01-01,No,0-1 yrs,25-34,Low,0,College,65,High Risk,24.0
E00382,42,Male,Married,Research & Development,Research Scientist,4,Other,Non-Travel,1,7512.0,20,3,No,6,5,5,0,1,3,4,4,4,1,3,2019-12-01,No,4-5 yrs,35-44,High,0,Master,0,Low Risk,61.0
E00383,26,Female,Married,Sales,Manager,3,Marketing,Travel_Rarely,7,4495.0,11,0,No,2,0,0,0,4,2,1,4,2,4,2,2024-10-01,Yes,0-1 yrs,25-34,Low,1,Bachelor,50,High Risk,3.0
E00384,45,Male,Single,IT,Data Analyst,3,Marketing,Travel_Rarely,5,9868.0,14,0,No,23,18,5,0,4,5,2,1,4,4,2,2006-04-01,Yes,10+ yrs,45-54,High,1,Bachelor,20,Low Risk,225.0
E00385,25,Female,Married,Sales,Sales Executive,5,Business,Travel_Rarely,1,6073.0,15,0,No,7,6,5,1,0,3,3,4,4,2,3,2018-01-01,No,6-10 yrs,25-34,Mid-Low,0,Doctorate,0,Low Risk,84.0
E00386,28,Male,Married,IT,Data Analyst,3,Other,Travel_Rarely,11,7569.0,17,0,No,7,6,0,0,4,1,3,4,3,4,3,2018-09-01,No,6-10 yrs,25-34,High,0,Bachelor,0,Low Risk,76.0
E00387,26,Male,Single,Research & Development,Research Scientist,4,Business,Non-Travel,7,7081.0,17,0,Yes,4,3,0,3,0,4,2,4,1,4,3,2021-12-01,No,2-3 yrs,25-34,Mid-High,0,Master,60,High Risk,37.0
E00388,29,Male,Single,Sales,Manager,3,Business,Non-Travel,29,7109.0,18,0,Yes,11,11,0,0,2,6,3,4,4,1,2,2013-07-01,Yes,10+ yrs,25-34,Mid-High,1,Bachelor,35,Medium Risk,138.0
E00389,52,Male,Married,Sales,Sales Representative,2,Other,Travel_Frequently,2,6603.0,16,0,No,7,1,1,0,4,3,3,3,4,2,2,2023-12-01,No,0-1 yrs,45-54,Mid-High,0,College,15,Low Risk,13.0
E00390,27,Male,Single,Sales,Sales Representative,4,Marketing,Non-Travel,1,6005.0,12,0,No,2,0,0,0,1,0,3,3,3,2,3,2024-05-01,No,0-1 yrs,25-34,Mid-Low,0,Master,15,Low Risk,8.0
E00391,51,Male,Married,Finance,Financial Analyst,3,Life Sciences,Non-Travel,5,5590.0,13,0,No,23,0,0,0,4,3,4,2,3,4,3,2024-05-01,Yes,0-1 yrs,45-54,Low,1,Bachelor,30,Medium Risk,8.0
E00392,39,Female,Married,IT,Software Engineer,4,Marketing,Travel_Rarely,5,6719.0,22,2,No,5,5,0,1,2,3,4,1,2,2,3,2019-11-01,No,4-5 yrs,35-44,Mid-High,0,Master,0,Low Risk,62.0
E00393,28,Male,Married,Human Resources,Manager,2,Technical Degree,Non-Travel,3,5276.0,11,1,Yes,2,0,0,0,0,5,4,2,1,4,3,2024-08-01,Yes,0-1 yrs,25-34,Low,1,College,70,High Risk,5.0
E00394,48,Male,Married,Research & Development,Laboratory Technician,2,Other,Travel_Rarely,1,7642.0,14,0,No,8,5,2,5,1,0,1,4,3,3,3,2019-02-01,No,4-5 yrs,45-54,High,0,College,20,Low Risk,71.0
E00395,45,Male,Married,Sales,Sales Executive,5,Other,Travel_Frequently,6,6604.0,17,2,Yes,2,1,1,0,4,3,3,1,3,3,3,2023-12-01,No,0-1 yrs,45-54,Mid-High,0,Doctorate,40,Medium Risk,13.0
E00396,28,Male,Single,Sales,Sales Executive,5,Marketing,Travel_Frequently,5,5310.0,22,0,No,6,3,2,2,2,1,2,1,3,2,4,2021-02-01,No,2-3 yrs,25-34,Low,0,Doctorate,35,Medium Risk,46.9
E00397,36,Male,Single,Research & Development,Laboratory Technician,5,Life Sciences,Travel_Rarely,1,6918.0,17,3,No,5,4,4,2,1,1,2,4,2,1,1,2020-12-01,No,4-5 yrs,35-44,Mid-High,0,Doctorate,20,Low Risk,49.0
E00398,34,Male,Divorced,Research & Development,Research Director,4,Marketing,Travel_Rarely,18,7513.0,12,2,No,3,0,0,0,4,0,2,4,1,3,2,2024-12-01,No,0-1 yrs,25-34,High,0,Master,50,High Risk,1.0
E00399,40,Male,Married,Finance,Accountant,4,Technical Degree,Non-Travel,1,7892.0,11,0,No,4,0,0,0,2,6,3,4,3,3,3,2024-11-01,No,0-1 yrs,35-44,High,0,Master,15,Low Risk,2.0
E00400,44,Female,Married,IT,Data Analyst,3,Human Resources,Travel_Frequently,17,7097.0,15,2,Yes,15,10,1,0,1,3,1,4,1,3,2,2014-01-01,Yes,6-10 yrs,35-44,Mid-High,1,Bachelor,60,High Risk,132.0
E00401,29,Male,Single,Sales,Sales Executive,3,Technical Degree,Travel_Rarely,20,7386.0,11,0,No,11,11,3,1,3,1,4,1,3,3,3,2013-02-01,No,10+ yrs,25-34,Mid-High,0,Bachelor,0,Low Risk,142.9
E00402,56,Male,Single,Finance,Finance Manager,4,Other,Travel_Rarely,2,9341.0,18,0,No,1,0,0,0,1,5,3,2,3,3,3,2024-08-01,No,0-1 yrs,55+,High,0,Master,15,Low Risk,5.0
E00403,25,Female,Single,Research & Development,Manufacturing Director,4,Life Sciences,Travel_Rarely,5,5173.0,14,2,No,7,7,3,0,3,5,4,4,4,2,4,2017-11-01,No,6-10 yrs,25-34,Low,0,Master,15,Low Risk,86.0
E00404,37,Male,Married,Sales,Manager,4,Technical Degree,Travel_Frequently,8,6047.0,16,1,Yes,2,2,2,2,2,1,3,3,4,3,3,2022-02-01,Yes,2-3 yrs,35-44,Mid-Low,1,Master,25,Medium Risk,35.0
E00405,43,Male,Married,Sales,Sales Representative,3,Technical Degree,Travel_Rarely,10,4910.0,16,0,No,0,0,0,0,1,3,3,2,3,1,4,2024-01-01,No,0-1 yrs,35-44,Low,0,Bachelor,30,Medium Risk,12.0
E00406,42,Male,Divorced,Sales,Manager,4,Other,Non-Travel,1,5284.0,11,1,No,3,2,2,1,5,5,3,3,3,2,3,2022-04-01,No,2-3 yrs,35-44,Low,0,Master,15,Low Risk,33.0
E00407,43,Male,Married,Finance,Financial Analyst,3,Business,Travel_Frequently,1,10136.03,14,1,No,22,22,0,0,3,0,2,1,2,4,3,2005-08-01,No,10+ yrs,35-44,High,0,Bachelor,20,Low Risk,233.0
E00408,31,Female,Divorced,Sales,Sales Representative,2,Other,Travel_Rarely,4,5235.0,15,0,No,7,2,0,1,2,3,4,1,3,3,3,2022-06-01,No,2-3 yrs,25-34,Low,0,College,15,Low Risk,31.0
E00409,41,Female,Married,Research & Development,Manufacturing Director,5,Life Sciences,Travel_Rarely,13,7082.0,14,0,No,2,2,2,0,4,5,2,3,2,2,3,2022-07-01,No,2-3 yrs,35-44,Mid-High,0,Doctorate,20,Low Risk,30.0
E00410,46,Male,Married,Finance,Accountant,4,Human Resources,Travel_Rarely,7,9886.0,12,0,No,11,10,0,4,2,0,4,1,1,3,2,2014-03-01,No,6-10 yrs,45-54,High,0,Master,15,Low Risk,130.0
E00411,33,Male,Married,Sales,Sales Executive,3,Medical,Travel_Rarely,1,5709.0,14,2,No,3,0,0,0,1,2,4,1,3,1,3,2024-01-01,No,0-1 yrs,25-34,Mid-Low,0,Bachelor,15,Low Risk,12.0
E00412,38,Male,Single,Research & Development,Laboratory Technician,4,Marketing,Travel_Frequently,1,8332.0,20,2,No,15,12,4,1,2,2,3,4,2,4,3,2012-10-01,No,10+ yrs,35-44,High,0,Master,0,Low Risk,147.0
E00413,38,Male,Single,Finance,Accountant,2,Business,Travel_Rarely,1,5238.0,14,0,No,0,0,0,0,2,1,4,3,2,3,1,2024-06-01,No,0-1 yrs,35-44,Low,0,College,30,Medium Risk,7.0
E00414,36,Female,Married,Human Resources,Manager,3,Human Resources,Travel_Rarely,17,6568.0,24,2,No,15,10,8,0,5,2,4,1,4,3,2,2014-02-01,No,6-10 yrs,35-44,Mid-High,0,Bachelor,0,Low Risk,130.9
E00415,52,Male,Married,Sales,Sales Executive,3,Life Sciences,Travel_Frequently,5,9712.0,12,0,No,21,19,1,2,4,5,4,2,3,2,3,2005-04-01,No,10+ yrs,45-54,High,0,Bachelor,0,Low Risk,237.0
E00416,43,Male,Married,Marketing,Marketing Analyst,2,Other,Travel_Rarely,15,4271.0,17,0,Yes,3,0,0,0,2,6,4,3,3,2,3,2024-05-01,Yes,0-1 yrs,35-44,Low,1,College,55,High Risk,8.0
E00417,39,Male,Married,Research & Development,Manufacturing Director,5,Medical,Non-Travel,6,9621.0,14,1,No,18,14,0,0,3,3,3,2,4,2,4,2010-07-01,No,10+ yrs,35-44,High,0,Doctorate,0,Low Risk,174.0
E00418,42,Male,Married,Research & Development,Laboratory Technician,2,Marketing,Travel_Rarely,1,7439.0,16,2,No,7,2,0,1,6,2,4,3,1,4,2,2022-01-01,No,2-3 yrs,35-44,High,0,College,15,Low Risk,36.0
E00419,43,Male,Divorced,Sales,Sales Executive,2,Other,Travel_Rarely,2,6932.0,11,1,No,11,9,1,2,2,5,2,2,2,2,2,2015-07-01,No,6-10 yrs,35-44,Mid-High,0,College,20,Low Risk,114.0
E00420,36,Male,Married,Finance,Finance Manager,2,Life Sciences,Travel_Rarely,3,8126.0,15,1,No,16,14,2,0,3,4,2,2,4,3,3,2010-01-01,No,10+ yrs,35-44,High,0,College,20,Low Risk,180.0
E00421,26,Female,Divorced,Finance,Accountant,4,Human Resources,Travel_Frequently,1,9350.0,11,0,No,8,8,2,4,0,5,4,4,3,2,4,2016-07-01,Yes,6-10 yrs,25-34,High,1,Master,0,Low Risk,102.0
E00422,40,Female,Married,Research & Development,Laboratory Technician,3,Medical,Travel_Frequently,14,7065.0,18,2,Yes,4,1,0,0,1,1,3,4,4,1,3,2023-02-01,No,0-1 yrs,35-44,Mid-High,0,Bachelor,40,Medium Risk,23.0
E00423,41,Female,Married,Finance,Financial Analyst,3,Technical Degree,Travel_Rarely,1,6906.0,12,1,No,3,3,3,3,1,0,4,1,1,4,3,2021-09-01,No,2-3 yrs,35-44,Mid-High,0,Bachelor,15,Low Risk,40.0
E00424,27,Male,Married,Sales,Sales Representative,3,Human Resources,Travel_Frequently,1,8494.0,13,1,Yes,8,8,0,2,1,2,4,1,2,2,3,2016-07-01,Yes,6-10 yrs,25-34,High,1,Bachelor,25,Medium Risk,102.0
E00425,49,Male,Single,Sales,Sales Representative,2,Marketing,Travel_Rarely,4,3762.0,15,0,Yes,0,0,0,0,0,1,2,2,2,4,3,2024-07-01,Yes,0-1 yrs,45-54,Low,1,College,75,High Risk,6.0
E00426,48,Female,Divorced,Sales,Sales Executive,4,Human Resources,Travel_Frequently,2,5933.0,11,0,No,5,4,2,1,0,3,2,1,1,2,2,2020-01-01,No,4-5 yrs,45-54,Mid-Low,0,Master,35,Medium Risk,60.0
E00427,33,Male,Divorced,Research & Development,Research Scientist,3,Other,Non-Travel,8,6706.0,19,1,Yes,1,0,0,0,2,2,1,1,1,2,3,2024-09-01,Yes,0-1 yrs,25-34,Mid-High,1,Bachelor,75,High Risk,4.0
E00428,38,Male,Married,Marketing,Marketing Executive,4,Business,Travel_Rarely,16,6487.0,11,0,Yes,19,5,4,0,3,4,1,3,2,3,3,2019-11-01,Yes,4-5 yrs,35-44,Mid-Low,1,Master,45,Medium Risk,62.0
E00429,32,Male,Married,Sales,Sales Representative,3,Human Resources,Non-Travel,7,6444.0,20,0,No,8,7,2,0,5,6,4,1,2,2,4,2017-08-01,No,6-10 yrs,25-34,Mid-Low,0,Bachelor,0,Low Risk,89.0
E00430,41,Female,Married,Research & Development,Research Scientist,5,Marketing,Travel_Rarely,17,8978.0,13,1,No,21,11,4,0,6,4,1,3,3,3,3,2013-10-01,No,10+ yrs,35-44,High,0,Doctorate,20,Low Risk,135.0
E00431,18,Male,Single,Marketing,Manager,2,Life Sciences,Non-Travel,1,3761.73,12,1,Yes,0,0,0,0,3,1,4,1,2,2,3,2024-11-01,Yes,0-1 yrs,18-24,Low,1,College,55,High Risk,2.0
E00432,43,Female,Married,Human Resources,HR Specialist,3,Human Resources,Travel_Rarely,1,3761.73,11,0,No,6,2,2,2,3,6,2,4,4,4,4,2022-10-01,No,2-3 yrs,35-44,Low,0,Bachelor,35,Medium Risk,27.0
E00433,36,Male,Married,Research & Development,Laboratory Technician,3,Other,Travel_Frequently,9,5948.0,18,2,No,4,2,1,2,2,0,2,2,2,3,3,2022-04-01,No,2-3 yrs,35-44,Mid-Low,0,Bachelor,20,Low Risk,33.0
E00434,41,Female,Divorced,Finance,Finance Manager,4,Other,Travel_Rarely,4,8908.0,11,0,Yes,6,4,4,2,3,0,4,3,4,3,3,2020-08-01,No,4-5 yrs,35-44,High,0,Master,25,Medium Risk,53.0
E00435,22,Male,Married,Research & Development,Research Scientist,5,Human Resources,Travel_Frequently,1,7737.0,18,2,No,4,4,4,1,5,0,3,1,3,4,3,2020-11-01,No,4-5 yrs,18-24,High,0,Doctorate,0,Low Risk,50.0
E00436,34,Female,Single,Sales,Manager,2,Other,Travel_Rarely,2,4515.0,23,1,No,5,4,4,4,2,2,4,3,4,3,3,2020-11-01,No,4-5 yrs,25-34,Low,0,College,15,Low Risk,50.0
E00437,50,Female,Married,Research & Development,Manufacturing Director,2,Other,Travel_Frequently,11,6516.0,15,0,No,5,1,1,1,1,1,3,1,3,4,3,2023-07-01,No,0-1 yrs,45-54,Mid-Low,0,College,15,Low Risk,18.0
E00438,36,Male,Married,Research & Development,Laboratory Technician,2,Life Sciences,Non-Travel,1,7723.0,19,0,Yes,4,2,2,0,5,0,2,3,3,3,3,2022-10-01,No,2-3 yrs,35-44,High,0,College,45,Medium Risk,27.0
E00439,35,Female,Single,Human Resources,HR Executive,4,Marketing,Travel_Frequently,2,4691.0,15,0,No,5,2,0,0,2,5,1,3,4,3,3,2022-03-01,No,2-3 yrs,35-44,Low,0,Master,35,Medium Risk,34.0
E00440,18,Female,Single,Human Resources,HR Specialist,3,Life Sciences,Travel_Rarely,8,5373.0,15,2,Yes,0,0,0,0,2,0,3,1,1,2,3,2024-12-01,Yes,0-1 yrs,18-24,Low,1,Bachelor,70,High Risk,1.0
E00441,41,Male,Married,Sales,Manager,5,Business,Travel_Rarely,11,6638.0,19,1,No,6,1,1,1,3,4,3,4,1,4,3,2023-05-01,No,0-1 yrs,35-44,Mid-High,0,Doctorate,30,Medium Risk,20.0
E00442,38,Female,Married,Sales,Manager,4,Life Sciences,Non-Travel,4,4637.0,18,1,No,10,2,2,0,8,3,2,4,2,3,2,2022-10-01,No,2-3 yrs,35-44,Low,0,Master,35,Medium Risk,27.0
E00443,19,Male,Married,Research & Development,Laboratory Technician,2,Marketing,Travel_Rarely,15,6400.0,14,3,No,1,1,1,0,3,5,2,2,1,1,3,2023-01-01,No,0-1 yrs,18-24,Mid-Low,0,College,50,High Risk,24.0
E00444,35,Male,Married,Sales,Sales Executive,3,Business,Travel_Rarely,4,5088.0,17,2,No,17,4,4,0,0,1,1,2,3,3,3,2020-11-01,No,4-5 yrs,35-44,Low,0,Bachelor,35,Medium Risk,50.0
E00445,42,Female,Married,Sales,Sales Representative,3,Other,Travel_Rarely,7,7966.0,14,2,No,6,6,2,6,3,1,3,4,3,3,4,2018-11-01,No,6-10 yrs,35-44,High,0,Bachelor,0,Low Risk,74.0
E00446,29,Male,Married,Research & Development,Research Director,5,Technical Degree,Travel_Rarely,4,7036.0,18,0,Yes,11,5,0,2,3,5,3,4,4,4,4,2019-05-01,No,4-5 yrs,25-34,Mid-High,0,Doctorate,25,Medium Risk,68.0
E00447,35,Male,Single,Sales,Sales Executive,3,Other,Non-Travel,23,6047.0,11,2,No,6,1,1,0,2,2,4,1,1,1,4,2023-09-01,No,0-1 yrs,35-44,Mid-Low,0,Bachelor,40,Medium Risk,16.0
E00448,38,Female,Married,Research & Development,Laboratory Technician,3,Other,Travel_Frequently,24,7276.0,13,1,No,5,0,0,0,4,5,3,2,4,4,4,2024-01-01,No,0-1 yrs,35-44,Mid-High,0,Bachelor,25,Medium Risk,12.0
E00449,42,Male,Married,Sales,Sales Executive,5,Life Sciences,Travel_Rarely,10,7075.0,18,0,Yes,8,6,0,0,0,6,3,3,3,2,3,2018-02-01,No,6-10 yrs,35-44,Mid-High,0,Doctorate,25,Medium Risk,83.0
E00450,40,Female,Married,Sales,Manager,4,Human Resources,Travel_Rarely,4,10060.0,17,3,No,20,19,1,0,2,6,3,4,1,4,3,2005-05-01,No,10+ yrs,35-44,High,0,Master,15,Low Risk,236.0
E00451,26,Female,Single,IT,Data Analyst,3,Other,Travel_Frequently,12,8024.0,19,1,Yes,8,8,2,0,7,2,2,1,2,3,3,2016-02-01,Yes,6-10 yrs,25-34,High,1,Bachelor,45,Medium Risk,107.0
E00452,30,Male,Single,Human Resources,HR Specialist,3,Other,Travel_Frequently,6,5816.0,14,1,No,7,7,1,0,4,6,3,2,3,3,2,2017-12-01,No,6-10 yrs,25-34,Mid-Low,0,Bachelor,0,Low Risk,85.0
E00453,40,Male,Married,Sales,Manager,2,Business,Travel_Rarely,5,7062.0,12,3,No,9,9,0,6,6,6,3,4,3,3,2,2015-11-01,No,6-10 yrs,35-44,Mid-High,0,College,0,Low Risk,110.0
E00454,26,Male,Single,Sales,Sales Executive,3,Human Resources,Travel_Rarely,7,5330.0,13,1,No,2,1,0,0,4,6,4,3,2,2,3,2023-07-01,No,0-1 yrs,25-34,Low,0,Bachelor,30,Medium Risk,18.0
E00455,42,Female,Single,Human Resources,Manager,4,Business,Travel_Rarely,1,6201.0,20,1,No,0,0,0,0,3,0,1,3,3,2,4,2024-08-01,No,0-1 yrs,35-44,Mid-Low,0,Master,35,Medium Risk,5.0
E00456,46,Male,Married,Research & Development,Manufacturing Director,2,Life Sciences,Non-Travel,6,5466.0,23,0,No,5,1,1,1,1,2,3,3,3,4,3,2023-10-01,No,0-1 yrs,45-54,Low,0,College,30,Medium Risk,15.0
E00457,39,Female,Married,Marketing,Marketing Analyst,3,Life Sciences,Travel_Rarely,3,9078.0,13,1,No,14,14,0,0,1,3,4,3,1,1,3,2010-10-01,No,10+ yrs,35-44,High,0,Bachelor,15,Low Risk,171.0
E00458,43,Male,Single,Human Resources,HR Executive,4,Medical,Travel_Rarely,4,4868.0,11,2,Yes,2,1,1,1,4,5,4,1,3,3,3,2023-08-01,Yes,0-1 yrs,35-44,Low,1,Master,55,High Risk,17.0
E00459,47,Male,Divorced,Sales,Sales Executive,4,Marketing,Travel_Rarely,10,7857.0,15,1,No,1,1,1,1,2,5,2,3,4,3,3,2023-04-01,Yes,0-1 yrs,45-54,High,1,Master,35,Medium Risk,21.0
E00460,39,Male,Married,Research & Development,Research Director,2,Life Sciences,Non-Travel,3,6595.0,20,2,Yes,6,6,0,3,1,0,4,3,2,2,2,2018-05-01,No,6-10 yrs,35-44,Mid-High,0,College,25,Medium Risk,80.0
E00461,37,Female,Single,IT,IT Manager,2,Medical,Travel_Rarely,1,6020.0,13,0,Yes,3,1,0,0,4,5,2,3,4,3,3,2023-09-01,Yes,0-1 yrs,35-44,Mid-Low,1,College,60,High Risk,16.0
E00462,31,Male,Married,Sales,Manager,4,Technical Degree,Travel_Rarely,6,5869.0,19,1,No,6,5,2,1,2,0,4,2,2,2,4,2019-06-01,No,4-5 yrs,25-34,Mid-Low,0,Master,0,Low Risk,67.0
E00463,35,Female,Divorced,Finance,Accountant,2,Technical Degree,Travel_Rarely,4,7439.0,15,0,No,3,0,0,0,4,5,4,2,3,3,3,2024-07-01,No,0-1 yrs,35-44,High,0,College,15,Low Risk,6.0
E00464,33,Male,Married,Research & Development,Research Scientist,3,Human Resources,Travel_Rarely,26,6782.0,14,1,No,4,4,0,0,1,3,1,3,2,3,4,2020-10-01,No,4-5 yrs,25-34,Mid-High,0,Bachelor,30,Medium Risk,51.0
E00465,38,Male,Married,Research & Development,Research Scientist,2,Business,Non-Travel,6,5444.0,11,0,No,7,2,0,0,2,5,3,2,4,4,2,2022-11-01,No,2-3 yrs,35-44,Low,0,College,15,Low Risk,26.0
E00466,40,Male,Married,Sales,Sales Executive,5,Human Resources,Non-Travel,14,7522.0,21,1,No,8,7,0,2,2,3,3,2,4,3,3,2017-09-01,No,6-10 yrs,35-44,High,0,Doctorate,0,Low Risk,88.0
E00467,25,Female,Married,Finance,Financial Analyst,4,Medical,Travel_Rarely,4,5885.0,14,0,No,3,2,2,1,9,0,2,2,2,4,2,2022-06-01,No,2-3 yrs,25-34,Mid-Low,0,Master,20,Low Risk,31.0
E00468,47,Female,Single,Marketing,Marketing Executive,3,Medical,Travel_Rarely,6,5298.0,11,0,No,1,1,1,0,1,3,3,1,2,3,3,2023-09-01,No,0-1 yrs,45-54,Low,0,Bachelor,30,Medium Risk,16.0
E00469,43,Male,Married,Human Resources,Manager,1,Human Resources,Travel_Rarely,10,6197.0,11,1,No,1,1,1,0,2,1,3,4,1,2,3,2023-12-01,No,0-1 yrs,35-44,Mid-Low,0,Below College,30,Medium Risk,13.0
E00470,42,Male,Married,Human Resources,HR Specialist,2,Life Sciences,Non-Travel,19,5574.0,17,3,No,6,6,0,1,3,2,3,1,4,3,2,2018-09-01,No,6-10 yrs,35-44,Low,0,College,15,Low Risk,76.0
E00471,42,Male,Single,Marketing,Marketing Analyst,4,Marketing,Non-Travel,8,9071.0,12,0,No,18,16,0,0,5,4,4,3,4,3,3,2008-06-01,No,10+ yrs,35-44,High,0,Master,0,Low Risk,199.0
E00472,30,Male,Married,Sales,Sales Executive,3,Technical Degree,Non-Travel,1,6577.0,15,0,No,8,6,1,1,1,2,3,2,3,2,4,2018-12-01,No,6-10 yrs,25-34,Mid-High,0,Bachelor,0,Low Risk,73.0
E00473,44,Male,Single,Sales,Sales Executive,5,Medical,Travel_Rarely,5,5639.0,22,0,Yes,2,1,1,0,4,1,4,4,2,2,4,2023-03-01,Yes,0-1 yrs,35-44,Low,1,Doctorate,55,High Risk,22.0
E00474,35,Male,Single,Sales,Sales Representative,2,Technical Degree,Travel_Rarely,1,4894.0,11,0,No,17,0,0,0,1,6,4,4,3,3,4,2024-08-01,No,0-1 yrs,35-44,Low,0,College,30,Medium Risk,5.0
E00475,18,Male,Divorced,Research & Development,Laboratory Technician,2,Other,Travel_Frequently,3,5941.0,11,0,Yes,0,0,0,0,4,1,3,4,4,3,3,2024-10-01,No,0-1 yrs,18-24,Mid-Low,0,College,40,Medium Risk,3.0
E00476,34,Female,Divorced,Research & Development,Manufacturing Director,4,Technical Degree,Travel_Rarely,19,6045.0,14,1,Yes,0,0,0,0,1,1,3,3,1,2,2,2024-07-01,No,0-1 yrs,25-34,Mid-Low,0,Master,55,High Risk,6.0
E00477,44,Male,Married,Research & Development,Manufacturing Director,3,Other,Travel_Rarely,1,6742.0,16,0,Yes,1,1,1,0,2,2,4,2,4,4,4,2023-04-01,No,0-1 yrs,35-44,Mid-High,0,Bachelor,40,Medium Risk,21.0
E00478,30,Male,Single,Research & Development,Research Scientist,3,Business,Travel_Rarely,20,7181.0,13,0,Yes,12,9,0,2,3,1,2,4,4,3,3,2015-12-01,No,6-10 yrs,25-34,Mid-High,0,Bachelor,45,Medium Risk,109.0
E00479,27,Female,Single,Sales,Sales Representative,3,Life Sciences,Travel_Rarely,6,6007.0,11,0,Yes,9,1,1,1,3,5,3,2,3,3,2,2023-06-01,Yes,0-1 yrs,25-34,Mid-Low,1,Bachelor,40,Medium Risk,19.0
E00480,30,Male,Married,Marketing,Manager,3,Medical,Travel_Rarely,3,6370.0,15,0,Yes,6,6,2,4,1,4,4,2,3,3,3,2018-04-01,No,6-10 yrs,25-34,Mid-Low,0,Bachelor,25,Medium Risk,81.0
E00481,51,Male,Divorced,Research & Development,Laboratory Technician,4,Other,Non-Travel,10,6573.0,19,0,No,10,0,0,0,2,5,3,2,3,4,3,2024-10-01,No,0-1 yrs,45-54,Mid-High,0,Master,15,Low Risk,3.0
E00482,44,Male,Married,Sales,Sales Representative,4,Life Sciences,Travel_Frequently,2,6671.0,11,0,No,2,1,1,1,3,4,3,4,3,1,3,2023-06-01,No,0-1 yrs,35-44,Mid-High,0,Master,15,Low Risk,19.0
E00483,43,Male,Married,Sales,Sales Executive,2,Technical Degree,Travel_Rarely,8,7498.0,16,1,Yes,9,3,3,0,2,4,1,4,4,2,3,2021-07-01,Yes,2-3 yrs,35-44,High,1,College,45,Medium Risk,42.0
E00484,43,Female,Married,IT,IT Manager,4,Medical,Travel_Rarely,1,7338.0,15,2,No,7,4,4,4,3,4,3,2,3,2,3,2020-09-01,No,4-5 yrs,35-44,Mid-High,0,Master,0,Low Risk,52.0
E00485,49,Male,Single,Research & Development,Laboratory Technician,3,Technical Degree,Travel_Frequently,17,5787.0,18,0,Yes,6,3,0,0,4,1,1,2,1,2,4,2021-02-01,No,2-3 yrs,45-54,Mid-Low,0,Bachelor,60,High Risk,46.9
E00486,28,Male,Single,Finance,Financial Analyst,4,Medical,Travel_Frequently,3,6915.0,14,1,No,2,0,0,0,3,6,3,3,3,4,3,2024-07-01,No,0-1 yrs,25-34,Mid-High,0,Master,15,Low Risk,6.0
E00487,47,Male,Single,Research & Development,Research Scientist,5,Marketing,Travel_Rarely,3,6193.0,16,0,Yes,1,0,0,0,2,0,1,2,3,3,4,2024-08-01,No,0-1 yrs,45-54,Mid-Low,0,Doctorate,60,High Risk,5.0
E00488,31,Female,Single,Sales,Manager,4,Technical Degree,Travel_Frequently,8,5905.0,17,0,No,3,1,0,0,2,2,1,3,3,4,4,2023-02-01,Yes,0-1 yrs,25-34,Mid-Low,1,Master,35,Medium Risk,23.0
E00489,26,Male,Divorced,Research & Development,Manufacturing Director,2,Technical Degree,Travel_Rarely,21,7832.0,11,3,Yes,7,6,0,1,2,3,3,2,2,4,3,2018-05-01,No,6-10 yrs,25-34,High,0,College,35,Medium Risk,80.0
E00490,35,Female,Divorced,IT,IT Support,3,Life Sciences,Travel_Frequently,1,7035.0,17,1,No,4,1,0,1,1,2,2,1,3,3,4,2023-08-01,Yes,0-1 yrs,35-44,Mid-High,1,Bachelor,35,Medium Risk,17.0
E00491,47,Male,Married,Research & Development,Research Scientist,3,Medical,Travel_Rarely,10,4624.0,17,0,No,2,1,0,1,2,5,4,4,3,1,4,2023-02-01,Yes,0-1 yrs,45-54,Low,1,Bachelor,30,Medium Risk,23.0
E00492,30,Male,Single,IT,IT Manager,2,Business,Travel_Rarely,3,9294.0,21,0,Yes,12,12,0,0,2,4,3,1,4,2,3,2012-03-01,No,10+ yrs,25-34,High,0,College,25,Medium Risk,154.0
E00493,24,Male,Single,Research & Development,Research Scientist,4,Technical Degree,Travel_Frequently,1,6296.0,12,1,No,6,4,1,0,3,3,2,1,2,3,3,2020-04-01,No,4-5 yrs,18-24,Mid-Low,0,Master,20,Low Risk,57.0
E00494,39,Female,Married,Human Resources,HR Specialist,3,Business,Travel_Rarely,6,9041.0,23,2,No,18,17,0,3,3,1,2,4,2,2,1,2007-07-01,No,10+ yrs,35-44,High,0,Bachelor,20,Low Risk,210.0
E00495,28,Female,Single,Sales,Manager,4,Medical,Travel_Rarely,12,7867.0,20,0,Yes,10,10,4,2,5,5,4,2,3,3,2,2014-11-01,No,6-10 yrs,25-34,High,0,Master,25,Medium Risk,122.0
E00496,31,Female,Single,Research & Development,Manufacturing Director,4,Business,Travel_Rarely,1,8205.0,16,0,Yes,13,13,3,0,5,4,4,2,1,3,3,2011-03-01,Yes,10+ yrs,25-34,High,1,Master,40,Medium Risk,166.0
E00497,29,Female,Divorced,Sales,Sales Executive,2,Medical,Travel_Rarely,22,6732.0,16,0,No,8,5,3,1,1,1,3,4,2,2,3,2019-10-01,No,4-5 yrs,25-34,Mid-High,0,College,10,Low Risk,63.0
E00498,25,Female,Divorced,Research & Development,Research Scientist,2,Life Sciences,Travel_Rarely,6,6319.0,17,0,No,7,7,1,0,2,2,4,4,4,3,3,2017-07-01,No,6-10 yrs,25-34,Mid-Low,0,College,0,Low Risk,90.0
E00499,25,Male,Married,Sales,Manager,5,Medical,Travel_Rarely,12,7732.0,14,1,Yes,7,7,0,5,2,2,2,2,2,4,1,2017-04-01,Yes,6-10 yrs,25-34,High,1,Doctorate,45,Medium Risk,93.0
E00500,21,Female,Single,Sales,Sales Executive,2,Medical,Travel_Rarely,9,4918.0,13,1,No,3,3,0,0,3,3,3,4,4,3,3,2021-08-01,No,2-3 yrs,18-24,Low,0,College,15,Low Risk,41.0
E00501,31,Male,Married,Research & Development,Research Director,2,Technical Degree,Travel_Rarely,2,6233.0,17,1,Yes,1,0,0,0,0,3,4,4,3,3,3,2024-11-01,No,0-1 yrs,25-34,Mid-Low,0,College,40,Medium Risk,2.0
E00502,20,Female,Single,Sales,Sales Executive,3,Marketing,Travel_Rarely,8,6170.0,14,0,Yes,2,2,1,1,1,1,3,4,4,2,4,2022-02-01,Yes,2-3 yrs,18-24,Mid-Low,1,Bachelor,25,Medium Risk,35.0
E00503,41,Female,Married,Sales,Sales Executive,3,Medical,Non-Travel,6,7154.0,15,0,Yes,6,3,2,0,1,4,1,3,3,2,3,2021-05-01,Yes,2-3 yrs,35-44,Mid-High,1,Bachelor,45,Medium Risk,44.0
E00504,26,Male,Married,Sales,Manager,4,Other,Travel_Rarely,19,5374.0,18,0,No,6,5,0,3,8,6,4,3,3,3,1,2019-05-01,No,4-5 yrs,25-34,Low,0,Master,15,Low Risk,68.0
E00505,41,Female,Single,Research & Development,Research Director,4,Life Sciences,Travel_Rarely,1,4918.0,14,2,No,4,1,1,1,0,4,4,4,3,3,3,2023-02-01,No,0-1 yrs,35-44,Low,0,Master,30,Medium Risk,23.0
E00506,35,Male,Single,Human Resources,Manager,2,Human Resources,Travel_Rarely,1,5234.0,12,0,No,4,4,0,0,0,1,2,4,3,2,3,2020-09-01,No,4-5 yrs,35-44,Low,0,College,35,Medium Risk,52.0
E00507,44,Male,Single,Finance,Accountant,5,Other,Travel_Rarely,1,8779.0,20,0,No,17,15,1,1,3,1,3,3,2,3,3,2009-10-01,No,10+ yrs,35-44,High,0,Doctorate,0,Low Risk,183.0
E00508,40,Male,Single,Sales,Sales Executive,3,Marketing,Travel_Rarely,9,8280.0,19,1,Yes,8,8,0,4,5,0,3,2,1,3,3,2016-08-01,No,6-10 yrs,35-44,High,0,Bachelor,40,Medium Risk,101.0
E00509,31,Male,Single,Sales,Manager,3,Human Resources,Travel_Rarely,3,6100.0,17,0,No,1,0,0,0,2,5,3,1,4,3,3,2024-08-01,No,0-1 yrs,25-34,Mid-Low,0,Bachelor,15,Low Risk,5.0
E00510,37,Male,Married,Human Resources,Manager,5,Life Sciences,Travel_Rarely,2,8332.0,12,1,No,12,11,3,1,1,5,4,1,4,3,3,2013-11-01,No,10+ yrs,35-44,High,0,Doctorate,0,Low Risk,134.0
E00511,45,Male,Divorced,Marketing,Marketing Analyst,2,Life Sciences,Travel_Rarely,4,3761.73,25,1,No,0,0,0,0,3,3,4,2,2,1,3,2024-10-01,Yes,0-1 yrs,45-54,Low,1,College,30,Medium Risk,3.0
E00512,50,Female,Divorced,Research & Development,Research Director,3,Life Sciences,Travel_Rarely,9,8306.0,19,1,No,12,7,0,2,1,4,4,4,2,4,1,2017-07-01,Yes,6-10 yrs,45-54,High,1,Bachelor,0,Low Risk,90.0
E00513,44,Male,Single,Finance,Financial Analyst,2,Marketing,Travel_Frequently,12,7866.0,16,1,Yes,23,19,1,0,1,5,4,1,2,3,3,2005-01-01,No,10+ yrs,35-44,High,0,College,25,Medium Risk,239.9
E00514,31,Female,Divorced,Research & Development,Laboratory Technician,3,Technical Degree,Travel_Frequently,6,5117.0,15,0,No,1,1,1,1,2,6,3,3,4,4,3,2023-11-01,Yes,0-1 yrs,25-34,Low,1,Bachelor,30,Medium Risk,14.0
E00515,38,Female,Divorced,Research & Development,Manufacturing Director,5,Medical,Travel_Rarely,23,7940.0,16,2,No,9,9,5,0,2,3,1,3,3,2,3,2015-12-01,No,6-10 yrs,35-44,High,0,Doctorate,30,Medium Risk,109.0
E00516,40,Male,Single,Sales,Sales Executive,4,Medical,Travel_Rarely,4,7241.0,11,0,Yes,16,8,3,0,2,0,2,2,2,3,3,2016-02-01,No,6-10 yrs,35-44,Mid-High,0,Master,45,Medium Risk,107.0
E00517,37,Female,Divorced,Human Resources,HR Specialist,1,Other,Travel_Rarely,13,4612.0,22,0,Yes,5,1,0,1,7,6,4,2,3,1,3,2023-03-01,No,0-1 yrs,35-44,Low,0,Below College,55,High Risk,22.0
E00518,38,Male,Married,Sales,Sales Representative,4,Human Resources,Non-Travel,2,6100.0,11,1,Yes,10,4,2,4,1,6,1,1,2,2,4,2020-04-01,No,4-5 yrs,35-44,Mid-Low,0,Master,45,Medium Risk,57.0
E00519,25,Male,Single,Marketing,Manager,3,Business,Non-Travel,6,5168.0,16,0,No,0,0,0,0,8,6,1,4,3,3,4,2024-01-01,Yes,0-1 yrs,25-34,Low,1,Bachelor,50,High Risk,12.0
E00520,45,Male,Married,Human Resources,Manager,3,Other,Travel_Frequently,5,6596.0,12,0,No,9,8,2,0,2,0,1,4,1,1,3,2016-07-01,Yes,6-10 yrs,45-54,Mid-High,1,Bachelor,35,Medium Risk,102.0
E00521,49,Female,Single,Finance,Finance Manager,3,Marketing,Travel_Rarely,6,7016.0,14,1,Yes,5,3,0,2,1,5,3,3,2,1,3,2021-02-01,No,2-3 yrs,45-54,Mid-High,0,Bachelor,25,Medium Risk,46.9
E00522,42,Male,Married,Research & Development,Research Director,2,Business,Travel_Frequently,8,6249.0,11,3,Yes,8,3,0,3,3,6,3,3,3,3,2,2021-07-01,No,2-3 yrs,35-44,Mid-Low,0,College,25,Medium Risk,42.0
E00523,24,Female,Divorced,Human Resources,HR Executive,2,Business,Travel_Frequently,1,5610.0,13,0,No,6,3,2,0,0,0,3,3,1,3,4,2021-06-01,No,2-3 yrs,18-24,Low,0,College,30,Medium Risk,43.0
E00524,41,Female,Single,Sales,Manager,4,Marketing,Travel_Rarely,5,5696.0,15,0,No,6,2,1,0,2,1,4,3,4,3,2,2022-04-01,No,2-3 yrs,35-44,Mid-Low,0,Master,0,Low Risk,33.0
E00525,36,Male,Married,Sales,Sales Representative,3,Business,Travel_Rarely,8,5307.0,11,1,No,6,6,3,0,2,6,3,2,3,2,4,2018-06-01,No,6-10 yrs,35-44,Low,0,Bachelor,15,Low Risk,79.0
E00526,27,Male,Single,Sales,Manager,4,Other,Travel_Rarely,4,7205.0,11,2,No,9,9,2,0,2,0,3,2,2,2,3,2015-06-01,No,6-10 yrs,25-34,Mid-High,0,Master,0,Low Risk,115.0
E00527,26,Male,Married,Research & Development,Research Director,1,Marketing,Non-Travel,4,6412.0,13,0,No,5,5,5,3,5,6,4,3,4,4,3,2019-07-01,No,4-5 yrs,25-34,Mid-Low,0,Below College,0,Low Risk,66.0
E00528,35,Male,Married,Human Resources,Manager,1,Marketing,Travel_Frequently,12,4748.0,11,1,No,11,5,2,1,1,5,2,3,4,3,3,2019-06-01,No,4-5 yrs,35-44,Low,0,Below College,35,Medium Risk,67.0
E00529,20,Male,Single,Finance,Finance Manager,4,Business,Travel_Rarely,11,7506.0,16,0,No,2,2,2,1,1,6,2,4,3,4,3,2022-12-01,Yes,2-3 yrs,18-24,High,1,Master,20,Low Risk,25.0
E00530,41,Female,Married,Research & Development,Research Director,3,Human Resources,Non-Travel,1,6763.0,14,1,No,3,3,1,0,1,6,4,1,3,3,2,2021-07-01,No,2-3 yrs,35-44,Mid-High,0,Bachelor,0,Low Risk,42.0
E00531,46,Male,Divorced,Sales,Sales Representative,4,Other,Travel_Rarely,20,6134.0,12,1,Yes,4,4,0,0,2,3,3,3,3,3,3,2020-02-01,No,4-5 yrs,45-54,Mid-Low,0,Master,25,Medium Risk,59.0
E00532,35,Female,Divorced,Marketing,Marketing Executive,2,Other,Non-Travel,9,4215.0,17,0,Yes,3,2,2,0,1,0,3,3,2,4,3,2022-02-01,No,2-3 yrs,35-44,Low,0,College,40,Medium Risk,35.0
E00533,38,Female,Married,Sales,Sales Representative,2,Other,Travel_Rarely,2,6657.0,11,3,Yes,17,3,2,0,3,0,3,3,3,3,3,2021-02-01,No,2-3 yrs,35-44,Mid-High,0,College,25,Medium Risk,46.9
E00534,48,Male,Divorced,Sales,Manager,3,Technical Degree,Travel_Frequently,18,8202.0,14,1,No,9,9,3,0,2,5,3,3,3,3,3,2015-11-01,No,6-10 yrs,45-54,High,0,Bachelor,0,Low Risk,110.0
E00535,29,Male,Married,Research & Development,Research Scientist,5,Business,Non-Travel,1,6637.0,15,0,No,4,4,3,1,3,3,2,4,1,2,2,2020-05-01,Yes,4-5 yrs,25-34,Mid-High,1,Doctorate,35,Medium Risk,56.0
E00536,33,Male,Married,Sales,Sales Representative,4,Life Sciences,Travel_Rarely,4,8800.0,12,2,No,12,8,1,1,5,4,2,2,2,3,3,2016-02-01,No,6-10 yrs,25-34,High,0,Master,20,Low Risk,107.0
E00537,47,Male,Married,Research & Development,Research Director,3,Other,Travel_Frequently,2,6041.0,15,0,Yes,1,1,1,0,4,1,4,2,3,1,3,2023-09-01,No,0-1 yrs,45-54,Mid-Low,0,Bachelor,40,Medium Risk,16.0
E00538,41,Female,Married,Sales,Sales Executive,2,Other,Non-Travel,12,4492.0,14,1,Yes,3,0,0,0,1,4,3,2,1,3,2,2024-02-01,Yes,0-1 yrs,35-44,Low,1,College,70,High Risk,11.0
E00539,40,Male,Divorced,Research & Development,Research Director,3,Medical,Travel_Rarely,3,5117.0,11,0,No,8,4,1,0,0,4,4,4,4,3,3,2020-09-01,No,4-5 yrs,35-44,Low,0,Bachelor,15,Low Risk,52.0
E00540,30,Male,Single,IT,Data Analyst,5,Business,Non-Travel,4,10136.03,15,2,No,8,8,2,0,4,6,3,4,3,4,3,2016-09-01,Yes,6-10 yrs,25-34,High,1,Doctorate,0,Low Risk,100.0
E00541,20,Male,Married,Sales,Sales Representative,5,Other,Travel_Rarely,8,5725.0,12,1,No,2,2,2,0,7,3,1,2,3,3,3,2022-03-01,No,2-3 yrs,18-24,Mid-Low,0,Doctorate,20,Low Risk,34.0
E00542,24,Female,Single,Sales,Sales Representative,3,Human Resources,Travel_Rarely,8,4249.0,16,2,No,5,1,1,0,5,2,3,4,2,1,2,2023-04-01,Yes,0-1 yrs,18-24,Low,1,Bachelor,30,Medium Risk,21.0
E00543,44,Male,Divorced,IT,IT Support,3,Marketing,Travel_Frequently,3,5362.0,23,1,No,4,0,0,0,1,5,3,3,1,2,3,2024-04-01,No,0-1 yrs,35-44,Low,0,Bachelor,45,Medium Risk,9.0
E00544,33,Male,Married,Finance,Financial Analyst,2,Technical Degree,Non-Travel,1,5824.0,13,2,No,1,0,0,0,0,3,3,1,4,4,3,2024-04-01,No,0-1 yrs,25-34,Mid-Low,0,College,15,Low Risk,9.0
E00545,35,Female,Married,Sales,Sales Representative,3,Business,Travel_Rarely,7,5086.0,12,0,No,1,1,0,1,2,3,3,3,3,3,3,2023-10-01,No,0-1 yrs,35-44,Low,0,Bachelor,30,Medium Risk,15.0
E00546,36,Male,Married,IT,Data Analyst,3,Marketing,Non-Travel,8,8326.0,13,2,No,7,7,3,3,2,6,3,3,1,3,3,2017-07-01,No,6-10 yrs,35-44,High,0,Bachelor,15,Low Risk,90.0
E00547,33,Male,Single,Research & Development,Laboratory Technician,2,Marketing,Travel_Rarely,1,7195.0,17,0,No,14,7,0,0,3,1,1,1,3,1,3,2017-08-01,No,6-10 yrs,25-34,Mid-High,0,College,20,Low Risk,89.0
E00548,23,Male,Married,Finance,Accountant,4,Marketing,Travel_Rarely,2,6943.0,13,0,No,1,1,1,1,2,4,2,2,3,1,2,2023-02-01,Yes,0-1 yrs,18-24,Mid-High,1,Master,35,Medium Risk,23.0
E00549,20,Female,Married,Sales,Manager,4,Human Resources,Travel_Rarely,4,6555.0,12,0,Yes,2,1,1,1,3,4,3,4,3,2,2,2023-10-01,Yes,0-1 yrs,18-24,Mid-High,1,Master,40,Medium Risk,15.0
E00550,42,Female,Married,Research & Development,Research Scientist,5,Medical,Non-Travel,19,6856.0,11,2,No,1,0,0,0,5,4,3,3,3,3,1,2024-11-01,No,0-1 yrs,35-44,Mid-High,0,Doctorate,15,Low Risk,2.0
E00551,24,Female,Married,Sales,Manager,5,Marketing,Travel_Frequently,5,6481.0,20,0,No,2,2,2,1,0,5,4,2,2,1,3,2022-12-01,No,2-3 yrs,18-24,Mid-Low,0,Doctorate,0,Low Risk,25.0
E00552,30,Male,Single,Sales,Manager,3,Human Resources,Travel_Rarely,10,8299.0,16,3,No,12,12,1,1,0,4,4,4,3,2,3,2012-11-01,No,10+ yrs,25-34,High,0,Bachelor,0,Low Risk,146.0
E00553,38,Male,Married,Marketing,Marketing Executive,3,Human Resources,Non-Travel,2,4895.0,12,2,No,3,3,0,1,3,3,3,3,3,3,3,2021-09-01,No,2-3 yrs,35-44,Low,0,Bachelor,15,Low Risk,40.0
E00554,36,Female,Single,Research & Development,Laboratory Technician,2,Other,Non-Travel,29,6010.0,14,0,Yes,2,2,1,0,5,1,4,3,3,1,3,2022-08-01,No,2-3 yrs,35-44,Mid-Low,0,College,35,Medium Risk,29.0
E00555,35,Male,Single,Human Resources,Manager,3,Business,Travel_Rarely,10,5479.0,20,1,No,8,3,0,1,2,2,4,2,1,4,4,2021-08-01,No,2-3 yrs,35-44,Low,0,Bachelor,30,Medium Risk,41.0
E00556,24,Male,Single,Finance,Finance Manager,3,Life Sciences,Travel_Rarely,21,6445.0,16,0,Yes,3,3,2,1,1,4,2,2,2,3,3,2021-04-01,Yes,2-3 yrs,18-24,Mid-Low,1,Bachelor,55,High Risk,45.0
E00557,24,Female,Single,Research & Development,Laboratory Technician,4,Technical Degree,Non-Travel,19,5918.0,14,1,No,6,4,0,0,0,2,4,1,4,3,3,2020-09-01,No,4-5 yrs,18-24,Mid-Low,0,Master,0,Low Risk,52.0
E00558,37,Male,Married,Research & Development,Manufacturing Director,3,Medical,Travel_Rarely,2,5885.0,12,1,No,9,3,2,0,4,1,4,3,4,3,3,2021-10-01,No,2-3 yrs,35-44,Mid-Low,0,Bachelor,0,Low Risk,39.0
E00559,34,Male,Married,Research & Development,Laboratory Technician,3,Life Sciences,Travel_Rarely,1,7037.0,15,0,No,2,2,0,0,3,5,4,3,3,3,3,2022-10-01,No,2-3 yrs,25-34,Mid-High,0,Bachelor,0,Low Risk,27.0
E00560,38,Female,Married,Research & Development,Research Director,3,Life Sciences,Travel_Frequently,13,6102.0,15,1,Yes,13,10,0,0,4,4,4,4,1,4,3,2014-05-01,No,6-10 yrs,35-44,Mid-Low,0,Bachelor,40,Medium Risk,128.0
E00561,38,Female,Divorced,Sales,Sales Representative,3,Human Resources,Travel_Rarely,23,5210.0,12,0,No,5,4,1,1,7,1,2,2,3,3,4,2020-04-01,No,4-5 yrs,35-44,Low,0,Bachelor,45,Medium Risk,57.0
E00562,42,Male,Married,Sales,Manager,4,Other,Travel_Rarely,1,7742.0,11,0,No,20,11,1,1,2,0,4,3,3,4,4,2013-03-01,No,10+ yrs,35-44,High,0,Master,0,Low Risk,142.0
E00563,29,Male,Single,Research & Development,Manufacturing Director,4,Marketing,Travel_Rarely,12,6673.0,22,3,Yes,3,1,1,1,3,0,4,4,3,3,3,2023-10-01,No,0-1 yrs,25-34,Mid-High,0,Master,40,Medium Risk,15.0
E00564,40,Female,Married,Sales,Sales Representative,3,Technical Degree,Non-Travel,1,7414.0,13,0,No,8,6,1,1,3,6,4,2,3,2,3,2018-07-01,No,6-10 yrs,35-44,High,0,Bachelor,0,Low Risk,78.0
E00565,33,Male,Single,Research & Development,Laboratory Technician,4,Other,Travel_Rarely,13,6085.0,12,1,No,11,1,0,0,1,6,2,3,3,3,4,2023-06-01,No,0-1 yrs,25-34,Mid-Low,0,Master,35,Medium Risk,19.0
E00566,38,Female,Divorced,Human Resources,HR Executive,3,Life Sciences,Travel_Rarely,29,4089.0,16,0,No,1,1,1,0,1,1,2,2,3,3,3,2023-08-01,No,0-1 yrs,35-44,Low,0,Bachelor,60,High Risk,17.0
E00567,36,Male,Single,Sales,Sales Representative,3,Other,Travel_Frequently,1,8227.0,12,1,No,11,3,3,0,0,3,2,1,3,3,3,2021-03-01,No,2-3 yrs,35-44,High,0,Bachelor,20,Low Risk,46.0
E00568,48,Male,Divorced,Finance,Financial Analyst,3,Technical Degree,Travel_Rarely,3,7437.0,11,0,Yes,10,6,1,0,3,6,2,3,3,3,4,2018-09-01,Yes,6-10 yrs,45-54,High,1,Bachelor,45,Medium Risk,76.0
E00569,28,Female,Divorced,Research & Development,Manufacturing Director,4,Technical Degree,Travel_Rarely,17,5353.0,16,3,No,4,3,3,1,1,5,4,3,3,3,3,2021-10-01,No,2-3 yrs,25-34,Low,0,Master,15,Low Risk,39.0
E00570,35,Male,Divorced,Sales,Manager,2,Medical,Travel_Rarely,3,4767.0,11,2,No,2,1,1,1,4,2,3,2,4,2,3,2023-11-01,No,0-1 yrs,35-44,Low,0,College,30,Medium Risk,14.0
E00571,32,Male,Married,Research & Development,Laboratory Technician,3,Technical Degree,Travel_Rarely,19,7099.0,15,0,Yes,12,11,3,1,2,3,3,4,4,2,4,2013-08-01,No,10+ yrs,25-34,Mid-High,0,Bachelor,25,Medium Risk,137.0
E00572,34,Male,Divorced,Human Resources,Manager,3,Human Resources,Non-Travel,2,4550.0,19,2,Yes,7,6,0,0,2,0,2,3,3,3,3,2018-12-01,No,6-10 yrs,25-34,Low,0,Bachelor,60,High Risk,73.0
E00573,23,Male,Single,Research & Development,Research Scientist,4,Other,Travel_Frequently,4,6696.0,11,0,Yes,5,0,0,0,0,3,2,3,3,3,3,2024-01-01,No,0-1 yrs,18-24,Mid-High,0,Master,60,High Risk,12.0
E00574,37,Male,Married,Research & Development,Laboratory Technician,5,Other,Travel_Rarely,1,6730.0,21,0,No,8,4,2,0,2,4,1,4,3,3,3,2020-04-01,No,4-5 yrs,35-44,Mid-High,0,Doctorate,20,Low Risk,57.0
E00575,34,Female,Married,Research & Development,Research Scientist,2,Other,Travel_Rarely,2,5850.0,17,0,No,0,0,0,0,0,4,2,2,4,1,4,2024-01-01,No,0-1 yrs,25-34,Mid-Low,0,College,35,Medium Risk,12.0
E00576,34,Male,Single,Marketing,Marketing Executive,4,Marketing,Travel_Rarely,9,4473.0,16,0,No,1,1,1,0,1,1,4,1,2,2,3,2023-09-01,No,0-1 yrs,25-34,Low,0,Master,30,Medium Risk,16.0
E00577,25,Male,Married,Research & Development,Manufacturing Director,4,Life Sciences,Travel_Rarely,1,6459.0,15,1,No,7,3,1,1,5,0,4,4,3,4,3,2021-02-01,No,2-3 yrs,25-34,Mid-Low,0,Master,0,Low Risk,46.9
E00578,52,Female,Single,IT,IT Manager,3,Marketing,Non-Travel,6,9198.0,11,1,Yes,20,11,3,5,2,0,1,4,2,4,3,2013-01-01,No,10+ yrs,45-54,High,0,Bachelor,45,Medium Risk,144.0
E00579,36,Female,Single,Human Resources,HR Executive,3,Life Sciences,Travel_Frequently,2,6309.0,13,1,Yes,5,5,2,1,3,3,1,3,4,3,4,2019-11-01,No,4-5 yrs,35-44,Mid-Low,0,Bachelor,45,Medium Risk,62.0
E00580,45,Female,Married,Sales,Manager,3,Medical,Travel_Rarely,1,6759.0,14,0,Yes,8,7,4,2,1,5,1,4,1,2,2,2017-11-01,No,6-10 yrs,45-54,Mid-High,0,Bachelor,60,High Risk,86.0
E00581,55,Male,Divorced,IT,IT Support,3,Technical Degree,Travel_Frequently,14,7413.0,15,1,No,5,1,0,1,3,2,3,4,2,3,3,2023-08-01,No,0-1 yrs,55+,High,0,Bachelor,15,Low Risk,17.0
E00582,26,Female,Married,Research & Development,Research Scientist,3,Medical,Travel_Frequently,2,5784.0,17,0,Yes,0,0,0,0,2,3,4,2,3,3,3,2024-01-01,No,0-1 yrs,25-34,Mid-Low,0,Bachelor,40,Medium Risk,12.0
E00583,28,Female,Single,IT,Software Engineer,2,Life Sciences,Non-Travel,26,6189.0,12,0,No,6,0,0,0,3,2,4,4,3,4,4,2024-09-01,No,0-1 yrs,25-34,Mid-Low,0,College,25,Medium Risk,4.0
E00584,35,Male,Single,Research & Development,Research Director,1,Marketing,Travel_Frequently,8,6494.0,15,1,No,9,8,1,6,2,0,4,2,3,3,3,2016-04-01,No,6-10 yrs,35-44,Mid-Low,0,Below College,0,Low Risk,105.0
E00585,34,Female,Married,Human Resources,Manager,1,Business,Travel_Rarely,9,5955.0,12,1,Yes,15,13,2,7,2,0,4,4,3,2,4,2011-06-01,No,10+ yrs,25-34,Mid-Low,0,Below College,25,Medium Risk,163.0
E00586,24,Male,Single,Research & Development,Research Director,3,Technical Degree,Travel_Frequently,4,5356.0,16,0,No,5,3,3,1,3,3,2,3,4,3,4,2021-10-01,No,2-3 yrs,18-24,Low,0,Bachelor,35,Medium Risk,39.0
E00587,59,Male,Single,IT,IT Support,3,Business,Travel_Rarely,7,6932.0,11,0,No,3,2,0,2,4,2,4,3,3,1,3,2022-03-01,No,2-3 yrs,55+,Mid-High,0,Bachelor,0,Low Risk,34.0
E00588,52,Female,Married,Human Resources,HR Specialist,3,Marketing,Travel_Rarely,8,4494.0,15,2,Yes,4,4,3,0,2,1,4,3,2,3,4,2020-12-01,No,4-5 yrs,45-54,Low,0,Bachelor,40,Medium Risk,49.0
E00589,34,Female,Married,Sales,Sales Executive,3,Business,Non-Travel,7,6100.0,13,3,Yes,7,4,1,0,3,0,3,3,3,4,2,2020-11-01,No,4-5 yrs,25-34,Mid-Low,0,Bachelor,25,Medium Risk,50.0
E00590,36,Female,Married,Marketing,Marketing Executive,4,Marketing,Travel_Frequently,21,6890.0,17,3,No,0,0,0,0,2,0,2,2,3,3,1,2024-04-01,No,0-1 yrs,35-44,Mid-High,0,Master,45,Medium Risk,9.0
E00591,37,Female,Single,Sales,Sales Representative,3,Medical,Travel_Frequently,3,6074.0,13,1,No,0,0,0,0,3,3,3,4,3,2,1,2024-02-01,No,0-1 yrs,35-44,Mid-Low,0,Bachelor,15,Low Risk,11.0
E00592,33,Male,Married,Sales,Sales Representative,4,Technical Degree,Travel_Rarely,7,5051.0,11,0,Yes,0,0,0,0,1,5,3,3,4,1,4,2024-03-01,Yes,0-1 yrs,25-34,Low,1,Master,55,High Risk,10.0
E00593,42,Male,Single,Sales,Sales Representative,3,Medical,Travel_Rarely,7,5415.0,19,0,No,17,7,2,0,1,0,4,2,2,3,3,2017-02-01,No,6-10 yrs,35-44,Low,0,Bachelor,15,Low Risk,94.9
E00594,38,Male,Married,Finance,Financial Analyst,4,Other,Non-Travel,3,9630.0,14,1,Yes,12,12,0,0,0,6,3,2,2,4,3,2012-10-01,Yes,10+ yrs,35-44,High,1,Master,25,Medium Risk,147.0
E00595,29,Female,Single,IT,IT Manager,4,Human Resources,Travel_Frequently,6,7891.0,11,1,No,8,2,1,2,1,2,4,3,1,3,3,2022-03-01,No,2-3 yrs,25-34,High,0,Master,15,Low Risk,34.0
E00596,20,Male,Married,Finance,Financial Analyst,4,Business,Travel_Rarely,3,6538.0,11,2,Yes,2,2,2,0,2,2,2,1,2,4,3,2022-11-01,No,2-3 yrs,18-24,Mid-High,0,Master,45,Medium Risk,26.0
E00597,37,Male,Single,Research & Development,Research Director,3,Marketing,Non-Travel,4,5995.0,19,2,Yes,4,4,0,1,3,5,3,2,3,4,3,2020-12-01,No,4-5 yrs,35-44,Mid-Low,0,Bachelor,25,Medium Risk,49.0
E00598,41,Female,Divorced,Marketing,Marketing Analyst,1,Other,Travel_Rarely,5,6204.0,15,1,No,2,1,0,1,4,1,1,1,3,4,3,2023-11-01,No,0-1 yrs,35-44,Mid-Low,0,Below College,35,Medium Risk,14.0
E00599,37,Female,Divorced,Research & Development,Research Scientist,3,Business,Non-Travel,2,9454.0,11,2,No,15,15,0,0,2,0,3,2,4,1,3,2009-09-01,No,10+ yrs,35-44,High,0,Bachelor,0,Low Risk,184.0
E00600,23,Male,Single,Research & Development,Manufacturing Director,3,Life Sciences,Travel_Rarely,1,5714.0,11,1,No,1,1,0,0,0,3,2,3,4,3,3,2023-12-01,Yes,0-1 yrs,18-24,Mid-Low,1,Bachelor,35,Medium Risk,13.0
E00601,26,Female,Single,Research & Development,Laboratory Technician,2,Marketing,Non-Travel,6,6982.0,24,1,Yes,6,3,2,1,3,0,3,3,1,3,3,2021-04-01,No,2-3 yrs,25-34,Mid-High,0,College,40,Medium Risk,45.0
E00602,32,Male,Divorced,Research & Development,Research Scientist,5,Other,Travel_Rarely,1,6738.0,15,1,Yes,4,2,2,2,4,2,1,4,3,2,3,2022-12-01,No,2-3 yrs,25-34,Mid-High,0,Doctorate,45,Medium Risk,25.0
E00603,42,Female,Single,Research & Development,Research Director,4,Technical Degree,Travel_Rarely,2,6916.0,15,1,Yes,4,4,0,3,5,2,3,3,3,2,3,2020-06-01,Yes,4-5 yrs,35-44,Mid-High,1,Master,25,Medium Risk,55.0
E00604,26,Female,Married,Research & Development,Laboratory Technician,4,Marketing,Travel_Rarely,2,5961.0,11,1,No,8,3,3,3,3,5,3,3,3,3,4,2021-11-01,No,2-3 yrs,25-34,Mid-Low,0,Master,0,Low Risk,38.0
E00605,37,Male,Divorced,Research & Development,Research Scientist,3,Medical,Non-Travel,14,10136.0,19,0,No,19,19,0,0,4,2,4,4,4,2,3,2005-05-01,No,10+ yrs,35-44,High,0,Bachelor,0,Low Risk,236.0
E00606,60,Female,Married,Research & Development,Manufacturing Director,4,Medical,Travel_Rarely,6,8639.0,18,0,No,13,7,2,2,1,6,4,3,2,3,3,2017-09-01,No,6-10 yrs,55+,High,0,Master,0,Low Risk,88.0
E00607,37,Male,Divorced,Research & Development,Research Scientist,4,Business,Travel_Rarely,18,6690.0,17,1,No,0,0,0,0,3,0,4,4,4,4,3,2024-03-01,No,0-1 yrs,35-44,Mid-High,0,Master,15,Low Risk,10.0
E00608,42,Male,Married,Research & Development,Research Director,3,Human Resources,Travel_Frequently,18,6973.0,16,0,No,8,7,2,4,8,2,2,3,1,2,3,2017-01-01,No,6-10 yrs,35-44,Mid-High,0,Bachelor,35,Medium Risk,96.0
E00609,37,Female,Married,Research & Development,Research Director,1,Marketing,Travel_Frequently,29,5869.0,15,1,No,8,2,0,0,1,6,3,4,1,3,2,2022-10-01,Yes,2-3 yrs,35-44,Mid-Low,1,Below College,25,Medium Risk,27.0
E00610,47,Male,Married,Research & Development,Research Scientist,4,Technical Degree,Travel_Rarely,28,7693.0,16,0,No,5,4,3,0,4,1,4,3,2,3,3,2020-09-01,No,4-5 yrs,45-54,High,0,Master,10,Low Risk,52.0
E00611,31,Female,Single,Sales,Sales Executive,5,Marketing,Non-Travel,17,5892.0,11,0,No,0,0,0,0,2,1,3,4,4,3,4,2024-02-01,Yes,0-1 yrs,25-34,Mid-Low,1,Doctorate,15,Low Risk,11.0
E00612,45,Male,Single,Research & Development,Research Scientist,4,Marketing,Travel_Rarely,7,6535.0,12,0,No,8,0,0,0,2,3,4,3,3,4,3,2024-11-01,No,0-1 yrs,45-54,Mid-High,0,Master,15,Low Risk,2.0
E00613,43,Female,Divorced,Research & Development,Research Director,4,Technical Degree,Travel_Frequently,12,7151.0,17,2,No,2,1,1,0,2,5,2,3,2,4,2,2023-06-01,No,0-1 yrs,35-44,Mid-High,0,Master,35,Medium Risk,19.0
E00614,25,Female,Single,Sales,Sales Representative,4,Technical Degree,Travel_Frequently,9,8188.0,16,0,Yes,4,3,0,0,4,6,4,4,3,4,4,2021-07-01,No,2-3 yrs,25-34,High,0,Master,25,Medium Risk,42.0
E00615,26,Female,Divorced,Sales,Sales Representative,3,Business,Travel_Frequently,3,7002.0,16,1,No,5,1,1,0,1,2,4,2,3,3,3,2023-09-01,No,0-1 yrs,25-34,Mid-High,0,Bachelor,15,Low Risk,16.0
E00616,22,Male,Married,Research & Development,Manufacturing Director,2,Marketing,Travel_Rarely,21,4792.0,16,2,No,1,0,0,0,3,4,3,3,1,4,3,2024-11-01,No,0-1 yrs,18-24,Low,0,College,55,High Risk,2.0
E00617,40,Female,Married,Marketing,Marketing Analyst,4,Marketing,Travel_Rarely,1,7108.0,14,1,No,9,6,6,0,3,2,4,3,2,3,4,2018-02-01,No,6-10 yrs,35-44,Mid-High,0,Master,0,Low Risk,83.0
E00618,49,Female,Married,Sales,Sales Executive,3,Technical Degree,Travel_Rarely,1,6043.0,12,1,No,4,4,1,0,1,6,3,4,2,2,3,2020-01-01,No,4-5 yrs,45-54,Mid-Low,0,Bachelor,0,Low Risk,60.0
E00619,26,Male,Married,Sales,Sales Representative,4,Other,Non-Travel,22,6371.0,11,1,No,2,2,0,0,4,3,2,1,4,4,2,2022-03-01,No,2-3 yrs,25-34,Mid-Low,0,Master,30,Medium Risk,34.0
E00620,33,Male,Single,Research & Development,Manufacturing Director,2,Technical Degree,Travel_Rarely,18,7311.0,15,1,No,8,5,0,1,4,6,4,4,2,3,3,2019-06-01,No,4-5 yrs,25-34,Mid-High,0,College,0,Low Risk,67.0
E00621,27,Male,Divorced,Marketing,Marketing Analyst,3,Life Sciences,Travel_Rarely,10,7696.0,23,3,No,9,9,0,0,2,6,1,3,2,3,2,2015-05-01,No,6-10 yrs,25-34,High,0,Bachelor,20,Low Risk,116.0
E00622,43,Male,Single,Research & Development,Research Director,3,Life Sciences,Travel_Frequently,1,5256.0,19,0,No,5,4,0,1,5,6,3,4,2,3,3,2020-06-01,No,4-5 yrs,35-44,Low,0,Bachelor,15,Low Risk,55.0
E00623,47,Male,Single,Research & Development,Manufacturing Director,2,Other,Non-Travel,13,8601.0,20,1,No,7,3,2,0,2,2,3,3,2,3,3,2021-02-01,No,2-3 yrs,45-54,High,0,College,0,Low Risk,46.9
E00624,36,Female,Single,IT,IT Support,3,Marketing,Travel_Rarely,4,5733.0,12,0,No,4,2,1,2,2,6,1,2,3,3,3,2022-08-01,No,2-3 yrs,35-44,Mid-Low,0,Bachelor,20,Low Risk,29.0
E00625,24,Male,Single,Research & Development,Laboratory Technician,3,Human Resources,Non-Travel,4,7576.0,20,1,No,6,6,4,1,5,2,1,4,1,2,3,2018-06-01,Yes,6-10 yrs,18-24,High,1,Bachelor,35,Medium Risk,79.0
E00626,57,Male,Married,Research & Development,Laboratory Technician,2,Medical,Non-Travel,10,5613.0,18,1,No,3,3,3,1,0,1,4,2,4,1,3,2021-06-01,No,2-3 yrs,55+,Low,0,College,15,Low Risk,43.0
E00627,44,Male,Married,Finance,Financial Analyst,3,Business,Travel_Rarely,1,7737.0,11,0,Yes,3,0,0,0,2,4,2,2,4,3,3,2024-04-01,No,0-1 yrs,35-44,High,0,Bachelor,60,High Risk,9.0
E00628,44,Female,Married,Human Resources,HR Specialist,2,Human Resources,Travel_Rarely,3,7584.0,11,1,No,20,16,0,1,1,4,3,4,2,3,4,2008-01-01,No,10+ yrs,35-44,High,0,College,0,Low Risk,204.0
E00629,39,Male,Married,Human Resources,HR Specialist,3,Medical,Travel_Rarely,5,5909.0,11,1,Yes,5,5,0,1,3,6,2,2,1,4,3,2019-12-01,Yes,4-5 yrs,35-44,Mid-Low,1,Bachelor,60,High Risk,61.0
E00630,47,Female,Divorced,Sales,Manager,3,Business,Travel_Rarely,13,10136.03,14,1,No,25,21,0,2,0,4,2,4,3,3,3,2005-10-01,No,10+ yrs,45-54,High,0,Bachelor,20,Low Risk,231.0
E00631,37,Male,Single,Sales,Sales Representative,2,Marketing,Travel_Rarely,3,8036.0,11,3,No,16,4,1,0,4,4,3,3,2,1,3,2020-06-01,No,4-5 yrs,35-44,High,0,College,0,Low Risk,55.0
E00632,37,Female,Divorced,Finance,Financial Analyst,1,Other,Travel_Frequently,5,7362.0,19,0,No,4,0,0,0,3,6,4,4,2,3,3,2024-05-01,Yes,0-1 yrs,35-44,Mid-High,1,Below College,15,Low Risk,8.0
E00633,43,Male,Married,Sales,Sales Executive,3,Business,Travel_Frequently,10,5973.0,21,1,No,2,2,2,2,4,3,4,4,2,3,3,2022-06-01,No,2-3 yrs,35-44,Mid-Low,0,Bachelor,0,Low Risk,31.0
E00634,37,Male,Single,Finance,Financial Analyst,3,Human Resources,Travel_Rarely,3,6473.0,16,2,Yes,5,2,0,0,2,3,4,3,3,3,2,2022-04-01,No,2-3 yrs,35-44,Mid-Low,0,Bachelor,25,Medium Risk,33.0
E00635,38,Male,Single,IT,IT Manager,3,Medical,Travel_Rarely,3,6045.0,19,2,Yes,2,0,0,0,4,5,2,2,3,3,3,2024-03-01,No,0-1 yrs,35-44,Mid-Low,0,Bachelor,60,High Risk,10.0
E00636,32,Male,Married,Human Resources,HR Executive,2,Life Sciences,Travel_Rarely,11,4581.0,13,1,No,1,0,0,0,6,4,3,3,3,4,2,2024-06-01,No,0-1 yrs,25-34,Low,0,College,30,Medium Risk,7.0
E00637,30,Male,Single,Research & Development,Research Scientist,2,Technical Degree,Non-Travel,2,9221.0,13,2,No,9,9,0,1,3,6,3,4,1,1,4,2015-02-01,Yes,6-10 yrs,25-34,High,1,College,15,Low Risk,119.0
E00638,38,Male,Divorced,Sales,Manager,5,Other,Travel_Rarely,6,8356.0,19,0,No,9,9,1,3,3,2,4,3,3,4,3,2015-04-01,No,6-10 yrs,35-44,High,0,Doctorate,0,Low Risk,117.0
E00639,24,Male,Single,Marketing,Manager,1,Business,Travel_Frequently,12,5346.0,16,2,No,2,2,0,1,1,2,4,1,3,3,3,2022-04-01,No,2-3 yrs,18-24,Low,0,Below College,15,Low Risk,33.0
E00640,31,Female,Divorced,Research & Development,Manufacturing Director,2,Medical,Travel_Rarely,1,7851.0,15,2,Yes,13,11,0,0,3,5,3,3,3,2,3,2013-01-01,No,10+ yrs,25-34,High,0,College,25,Medium Risk,144.0
E00641,45,Male,Married,Sales,Sales Representative,5,Human Resources,Non-Travel,10,7628.0,14,0,No,5,4,1,0,3,3,2,3,4,2,3,2020-10-01,No,4-5 yrs,45-54,High,0,Doctorate,20,Low Risk,51.0
E00642,40,Male,Divorced,Sales,Sales Executive,2,Marketing,Non-Travel,2,5377.0,14,0,Yes,4,2,2,0,2,4,3,2,2,4,3,2022-11-01,No,2-3 yrs,35-44,Low,0,College,40,Medium Risk,26.0
E00643,29,Female,Married,Sales,Sales Representative,2,Medical,Travel_Rarely,13,4629.0,16,0,No,7,0,0,0,3,0,2,1,3,3,4,2024-02-01,Yes,0-1 yrs,25-34,Low,1,College,50,High Risk,11.0
E00644,31,Male,Single,Research & Development,Research Director,1,Medical,Travel_Rarely,6,7018.0,12,0,No,13,12,1,0,5,0,4,4,1,1,3,2012-09-01,No,10+ yrs,25-34,Mid-High,0,Below College,15,Low Risk,148.0
E00645,38,Female,Divorced,Research & Development,Research Director,2,Marketing,Travel_Frequently,4,6177.0,16,1,Yes,2,0,0,0,0,0,4,2,3,3,3,2024-01-01,No,0-1 yrs,35-44,Mid-Low,0,College,40,Medium Risk,12.0
E00646,32,Male,Single,Sales,Sales Representative,3,Medical,Travel_Rarely,6,6355.0,15,0,No,1,1,0,1,1,2,3,4,3,3,3,2023-10-01,No,0-1 yrs,25-34,Mid-Low,0,Bachelor,15,Low Risk,15.0
E00647,27,Male,Single,Research & Development,Laboratory Technician,4,Medical,Travel_Rarely,22,6918.0,13,0,No,8,8,0,3,2,4,3,4,2,1,3,2016-08-01,No,6-10 yrs,25-34,Mid-High,0,Master,10,Low Risk,101.0
E00648,37,Female,Single,Research & Development,Research Director,4,Medical,Travel_Rarely,4,8262.0,11,0,Yes,5,4,2,0,2,6,3,1,3,4,3,2020-04-01,No,4-5 yrs,35-44,High,0,Master,25,Medium Risk,57.0
E00649,18,Male,Single,Research & Development,Research Scientist,5,Technical Degree,Non-Travel,10,5694.0,19,1,No,0,0,0,0,3,2,3,2,3,3,3,2024-09-01,Yes,0-1 yrs,18-24,Mid-Low,1,Doctorate,15,Low Risk,4.0
E00650,35,Female,Married,IT,IT Support,4,Other,Travel_Frequently,5,7034.0,21,0,No,12,7,3,1,3,5,2,2,4,3,3,2017-07-01,No,6-10 yrs,35-44,Mid-High,0,Master,20,Low Risk,90.0
E00651,34,Male,Single,IT,Data Analyst,3,Human Resources,Travel_Rarely,14,8016.0,12,3,No,9,5,5,0,3,5,3,4,2,4,4,2019-10-01,No,4-5 yrs,25-34,High,0,Bachelor,0,Low Risk,63.0
E00652,47,Male,Divorced,Human Resources,HR Specialist,4,Other,Travel_Rarely,17,5541.0,11,2,No,3,0,0,0,3,3,3,1,4,4,4,2024-04-01,No,0-1 yrs,45-54,Low,0,Master,30,Medium Risk,9.0
E00653,40,Female,Married,IT,Data Analyst,3,Human Resources,Travel_Rarely,4,6914.0,14,0,No,8,3,2,3,4,4,3,1,4,3,2,2021-04-01,No,2-3 yrs,35-44,Mid-High,0,Bachelor,0,Low Risk,45.0
E00654,19,Female,Single,Sales,Sales Representative,3,Marketing,Travel_Frequently,3,6967.0,14,1,No,1,1,0,1,3,6,1,3,3,1,4,2023-03-01,No,0-1 yrs,18-24,Mid-High,0,Bachelor,35,Medium Risk,22.0
E00655,26,Male,Single,Research & Development,Research Scientist,5,Business,Travel_Rarely,2,7702.0,12,1,Yes,8,8,1,0,2,4,3,2,3,3,3,2016-07-01,No,6-10 yrs,25-34,High,0,Doctorate,25,Medium Risk,102.0
E00656,52,Female,Divorced,Finance,Accountant,5,Human Resources,Travel_Frequently,8,6219.0,11,0,No,8,1,0,1,2,0,1,1,2,2,2,2023-10-01,No,0-1 yrs,45-54,Mid-Low,0,Doctorate,35,Medium Risk,15.0
E00657,51,Female,Married,Sales,Manager,4,Marketing,Travel_Frequently,3,7594.0,22,0,Yes,3,0,0,0,0,3,3,2,3,2,3,2024-06-01,No,0-1 yrs,45-54,High,0,Master,40,Medium Risk,7.0
E00658,43,Female,Married,Sales,Sales Executive,4,Life Sciences,Travel_Rarely,3,4911.0,13,0,Yes,3,0,0,0,1,3,4,1,3,2,2,2024-09-01,No,0-1 yrs,35-44,Low,0,Master,55,High Risk,4.0
E00659,34,Female,Single,Sales,Sales Executive,3,Marketing,Travel_Rarely,14,5235.0,15,1,Yes,4,1,1,1,1,4,4,3,3,3,3,2023-04-01,No,0-1 yrs,25-34,Low,0,Bachelor,55,High Risk,21.0
E00660,43,Female,Single,Marketing,Marketing Analyst,3,Human Resources,Non-Travel,10,5745.0,18,0,No,9,7,0,0,4,2,3,1,2,1,3,2017-05-01,No,6-10 yrs,35-44,Mid-Low,0,Bachelor,0,Low Risk,92.0
E00661,41,Female,Single,IT,Data Analyst,2,Business,Travel_Rarely,5,5903.0,13,1,No,7,1,0,1,0,0,3,2,2,3,3,2023-01-01,No,0-1 yrs,35-44,Mid-Low,0,College,15,Low Risk,24.0
E00662,31,Male,Single,Finance,Finance Manager,2,Life Sciences,Travel_Frequently,11,6691.0,14,2,No,9,5,1,1,2,2,2,4,2,1,3,2019-10-01,No,4-5 yrs,25-34,Mid-High,0,College,20,Low Risk,63.0
E00663,41,Male,Married,Sales,Sales Representative,3,Human Resources,Travel_Rarely,1,6227.0,12,0,No,3,3,3,1,4,3,2,1,3,3,2,2021-10-01,No,2-3 yrs,35-44,Mid-Low,0,Bachelor,20,Low Risk,39.0
E00664,38,Female,Married,Research & Development,Laboratory Technician,1,Human Resources,Travel_Rarely,1,5522.0,15,0,Yes,5,3,0,3,1,0,4,3,3,3,3,2021-11-01,No,2-3 yrs,35-44,Low,0,Below College,40,Medium Risk,38.0
E00665,39,Male,Divorced,Research & Development,Research Director,3,Life Sciences,Non-Travel,26,9071.0,19,0,No,15,12,0,2,1,1,3,4,2,3,3,2012-05-01,No,10+ yrs,35-44,High,0,Bachelor,10,Low Risk,152.0
E00666,31,Male,Single,Finance,Finance Manager,3,Medical,Travel_Rarely,1,8237.0,11,3,No,13,7,1,0,1,5,2,3,2,3,3,2017-05-01,No,6-10 yrs,25-34,High,0,Bachelor,20,Low Risk,92.0
E00667,44,Male,Divorced,Research & Development,Laboratory Technician,2,Marketing,Travel_Rarely,11,8243.0,11,0,No,12,12,8,0,6,2,3,4,2,4,3,2012-12-01,No,10+ yrs,35-44,High,0,College,0,Low Risk,145.0
E00668,35,Female,Single,IT,IT Manager,2,Medical,Travel_Rarely,3,8629.0,11,2,No,11,11,11,0,3,4,3,4,3,3,2,2013-10-01,No,10+ yrs,35-44,High,0,College,0,Low Risk,135.0
E00669,34,Female,Divorced,Finance,Accountant,3,Marketing,Travel_Rarely,1,7973.0,14,1,No,15,15,0,3,4,6,1,2,3,2,3,2009-12-01,No,10+ yrs,25-34,High,0,Bachelor,20,Low Risk,181.0
E00670,39,Female,Single,Human Resources,Manager,2,Medical,Travel_Rarely,9,6693.0,11,2,No,12,10,4,1,3,4,3,1,3,2,4,2014-06-01,No,6-10 yrs,35-44,Mid-High,0,College,0,Low Risk,127.0
E00671,33,Male,Single,Sales,Sales Executive,3,Medical,Travel_Rarely,2,7431.0,11,1,No,2,1,1,0,2,6,1,3,4,2,3,2023-04-01,Yes,0-1 yrs,25-34,High,1,Bachelor,35,Medium Risk,21.0
E00672,25,Female,Divorced,Research & Development,Research Director,2,Other,Non-Travel,4,5566.0,11,0,No,7,4,2,2,3,2,4,3,2,3,2,2020-10-01,No,4-5 yrs,25-34,Low,0,College,15,Low Risk,51.0
E00673,31,Male,Single,IT,Software Engineer,4,Technical Degree,Travel_Rarely,13,5650.0,22,0,No,8,3,3,2,4,0,4,3,2,3,2,2021-03-01,No,2-3 yrs,25-34,Low,0,Master,15,Low Risk,46.0
E00674,27,Female,Married,Marketing,Manager,3,Marketing,Travel_Rarely,17,6609.0,16,0,No,4,4,0,1,3,6,2,4,2,3,3,2020-11-01,Yes,4-5 yrs,25-34,Mid-High,1,Bachelor,20,Low Risk,50.0
E00675,45,Female,Single,Marketing,Marketing Executive,1,Other,Travel_Rarely,3,4698.0,14,3,Yes,8,3,1,0,3,6,3,4,2,3,2,2021-12-01,No,2-3 yrs,45-54,Low,0,Below College,40,Medium Risk,37.0
E00676,32,Male,Married,Research & Development,Research Scientist,4,Business,Non-Travel,11,7048.0,13,1,Yes,12,7,3,1,3,5,4,3,3,3,3,2017-04-01,No,6-10 yrs,25-34,Mid-High,0,Master,25,Medium Risk,93.0
E00677,44,Male,Married,Finance,Financial Analyst,3,Medical,Travel_Rarely,11,6364.0,17,0,Yes,0,0,0,0,2,0,2,3,3,1,3,2024-01-01,Yes,0-1 yrs,35-44,Mid-Low,1,Bachelor,60,High Risk,12.0
E00678,28,Female,Divorced,Research & Development,Laboratory Technician,4,Human Resources,Travel_Rarely,1,7180.0,20,1,Yes,10,6,0,2,4,3,4,4,2,4,4,2018-02-01,No,6-10 yrs,25-34,Mid-High,0,Master,25,Medium Risk,83.0
E00679,48,Male,Married,Sales,Sales Representative,2,Medical,Travel_Rarely,1,6062.0,18,1,No,4,4,3,0,1,4,4,4,3,3,3,2020-09-01,No,4-5 yrs,45-54,Mid-Low,0,College,0,Low Risk,52.0
E00680,35,Female,Married,Research & Development,Research Scientist,4,Human Resources,Travel_Rarely,1,8071.0,11,0,Yes,9,6,3,0,5,4,4,1,2,3,1,2018-01-01,No,6-10 yrs,35-44,High,0,Master,25,Medium Risk,84.0
E00681,30,Male,Married,Finance,Accountant,2,Business,Travel_Rarely,1,5463.0,22,0,Yes,8,6,0,1,2,0,3,2,3,3,3,2018-08-01,No,6-10 yrs,25-34,Low,0,College,40,Medium Risk,77.0
E00682,25,Female,Divorced,Sales,Sales Executive,2,Medical,Travel_Frequently,4,6624.0,11,1,No,2,0,0,0,4,1,4,3,3,3,2,2024-06-01,No,0-1 yrs,25-34,Mid-High,0,College,15,Low Risk,7.0
E00683,36,Male,Divorced,Finance,Accountant,3,Marketing,Travel_Rarely,6,8177.0,18,2,Yes,5,1,1,1,2,4,4,1,4,3,1,2023-02-01,Yes,0-1 yrs,35-44,High,1,Bachelor,40,Medium Risk,23.0
E00684,45,Male,Married,IT,Data Analyst,5,Technical Degree,Travel_Rarely,4,8779.0,12,1,Yes,15,12,0,1,2,1,3,3,2,3,2,2012-06-01,Yes,10+ yrs,45-54,High,1,Doctorate,25,Medium Risk,151.0
E00685,24,Male,Single,Sales,Sales Executive,4,Marketing,Travel_Rarely,5,8521.0,14,0,No,6,1,0,0,2,4,3,3,2,2,3,2023-02-01,No,0-1 yrs,18-24,High,0,Master,15,Low Risk,23.0
E00686,29,Male,Single,Finance,Financial Analyst,2,Technical Degree,Non-Travel,1,6624.0,11,0,No,11,9,1,1,2,2,3,3,2,4,2,2015-01-01,No,6-10 yrs,25-34,Mid-High,0,College,0,Low Risk,120.0
E00687,60,Male,Married,Sales,Sales Representative,5,Marketing,Travel_Rarely,10,8624.0,11,1,No,6,6,2,0,4,4,4,4,4,2,4,2018-04-01,No,6-10 yrs,55+,High,0,Doctorate,0,Low Risk,81.0
E00688,45,Male,Single,Research & Development,Research Scientist,4,Technical Degree,Travel_Rarely,5,6257.0,15,0,Yes,0,0,0,0,2,2,3,4,3,1,4,2024-03-01,No,0-1 yrs,45-54,Mid-Low,0,Master,40,Medium Risk,10.0
E00689,42,Female,Married,Sales,Manager,2,Medical,Travel_Rarely,18,6480.0,11,0,Yes,9,9,0,0,3,3,2,2,3,4,3,2015-12-01,Yes,6-10 yrs,35-44,Mid-Low,1,College,45,Medium Risk,109.0
E00690,33,Female,Married,Sales,Manager,4,Other,Travel_Rarely,1,7231.0,15,2,Yes,2,2,1,0,4,2,4,4,3,4,3,2022-12-01,No,2-3 yrs,25-34,Mid-High,0,Master,25,Medium Risk,25.0
E00691,42,Male,Single,Sales,Sales Representative,3,Other,Travel_Rarely,9,7765.0,11,0,No,4,3,2,1,0,6,4,2,3,1,2,2021-09-01,No,2-3 yrs,35-44,High,0,Bachelor,0,Low Risk,40.0
E00692,41,Female,Divorced,Sales,Manager,1,Technical Degree,Travel_Rarely,1,7384.0,11,1,No,11,11,0,0,1,5,4,2,4,4,4,2013-03-01,No,10+ yrs,35-44,Mid-High,0,Below College,0,Low Risk,142.0
E00693,43,Female,Married,Finance,Finance Manager,3,Marketing,Non-Travel,3,6905.0,20,1,No,1,1,1,0,2,6,3,4,4,4,3,2023-08-01,No,0-1 yrs,35-44,Mid-High,0,Bachelor,15,Low Risk,17.0
E00694,35,Male,Married,Research & Development,Research Director,1,Human Resources,Travel_Rarely,1,3761.73,23,1,No,6,6,6,0,4,6,2,2,3,3,3,2018-09-01,Yes,6-10 yrs,35-44,Low,1,Below College,35,Medium Risk,76.0
E00695,48,Male,Single,Marketing,Manager,3,Business,Travel_Rarely,8,6229.0,12,0,No,2,2,2,0,5,3,4,3,3,1,3,2022-05-01,No,2-3 yrs,45-54,Mid-Low,0,Bachelor,0,Low Risk,32.0
E00696,24,Male,Married,Research & Development,Laboratory Technician,5,Other,Non-Travel,29,5855.0,17,0,No,1,0,0,0,6,0,3,4,1,3,4,2024-11-01,Yes,0-1 yrs,18-24,Mid-Low,1,Doctorate,40,Medium Risk,2.0
E00697,52,Female,Married,Sales,Sales Executive,3,Human Resources,Travel_Rarely,5,5146.0,18,1,No,16,0,0,0,1,4,1,2,4,1,3,2024-01-01,Yes,0-1 yrs,45-54,Low,1,Bachelor,50,High Risk,12.0
E00698,26,Male,Single,Marketing,Marketing Executive,3,Business,Travel_Rarely,1,7372.0,11,2,No,8,8,2,2,1,0,4,1,1,1,3,2016-07-01,No,6-10 yrs,25-34,Mid-High,0,Bachelor,15,Low Risk,102.0
E00699,45,Male,Married,Sales,Manager,3,Life Sciences,Travel_Rarely,1,7004.0,15,2,No,7,7,4,0,1,5,3,3,2,3,3,2017-09-01,No,6-10 yrs,45-54,Mid-High,0,Bachelor,0,Low Risk,88.0
E00700,45,Male,Divorced,Finance,Accountant,4,Life Sciences,Travel_Rarely,4,8160.0,12,0,No,8,8,4,1,3,2,3,2,3,3,3,2016-11-01,No,6-10 yrs,45-54,High,0,Master,0,Low Risk,98.0
E00701,60,Male,Single,Research & Development,Laboratory Technician,4,Medical,Travel_Frequently,4,6672.0,12,0,No,8,7,4,0,4,4,3,1,2,3,4,2017-08-01,No,6-10 yrs,55+,Mid-High,0,Master,0,Low Risk,89.0
E00702,30,Male,Married,IT,IT Manager,3,Life Sciences,Travel_Rarely,3,6634.0,14,3,No,2,0,0,0,1,4,3,4,3,4,3,2024-04-01,Yes,0-1 yrs,25-34,Mid-High,1,Bachelor,15,Low Risk,9.0
E00703,33,Male,Married,Research & Development,Research Scientist,5,Marketing,Travel_Rarely,8,7407.0,22,0,No,1,1,0,1,3,6,3,4,3,2,3,2023-01-01,No,0-1 yrs,25-34,High,0,Doctorate,15,Low Risk,24.0
E00704,28,Female,Divorced,Research & Development,Research Scientist,4,Business,Travel_Rarely,1,7171.0,16,0,Yes,4,1,1,1,4,3,4,4,3,3,3,2023-03-01,No,0-1 yrs,25-34,Mid-High,0,Master,40,Medium Risk,22.0
E00705,29,Male,Divorced,Sales,Sales Executive,3,Marketing,Travel_Rarely,1,6417.0,11,0,Yes,0,0,0,0,2,5,4,1,3,4,3,2024-10-01,Yes,0-1 yrs,25-34,Mid-Low,1,Bachelor,40,Medium Risk,3.0
E00706,47,Male,Divorced,IT,IT Manager,3,Marketing,Travel_Rarely,9,6752.0,19,1,No,6,6,6,2,2,2,2,1,1,4,2,2018-04-01,No,6-10 yrs,45-54,Mid-High,0,Bachelor,35,Medium Risk,81.0
E00707,44,Male,Single,Sales,Manager,2,Other,Travel_Rarely,1,6219.0,20,0,No,1,1,1,1,3,2,4,4,3,2,3,2023-12-01,No,0-1 yrs,35-44,Mid-Low,0,College,15,Low Risk,13.0
E00708,30,Female,Married,Research & Development,Research Director,3,Business,Non-Travel,8,8468.0,19,2,No,8,8,0,0,4,5,4,3,3,3,3,2016-01-01,No,6-10 yrs,25-34,High,0,Bachelor,0,Low Risk,108.0
E00709,39,Male,Single,IT,IT Manager,3,Marketing,Travel_Rarely,1,10136.03,16,2,No,21,21,2,0,2,5,4,3,3,3,3,2005-06-01,No,10+ yrs,35-44,High,0,Bachelor,0,Low Risk,235.0
E00710,34,Male,Married,Sales,Manager,4,Business,Non-Travel,5,6427.0,18,0,No,1,1,0,0,0,0,2,4,3,4,4,2023-09-01,No,0-1 yrs,25-34,Mid-Low,0,Master,35,Medium Risk,16.0
E00711,25,Male,Married,Human Resources,HR Executive,3,Other,Travel_Rarely,4,6437.0,22,0,Yes,5,4,4,0,3,4,2,1,3,1,3,2020-06-01,No,4-5 yrs,25-34,Mid-Low,0,Bachelor,45,Medium Risk,55.0
E00712,33,Male,Single,Sales,Sales Representative,4,Technical Degree,Travel_Rarely,4,5521.0,17,0,No,7,7,3,0,7,6,2,2,3,1,3,2017-09-01,No,6-10 yrs,25-34,Low,0,Master,35,Medium Risk,88.0
E00713,27,Male,Married,Research & Development,Research Director,3,Life Sciences,Travel_Rarely,4,6268.0,11,1,Yes,9,9,0,0,3,6,3,4,4,1,4,2015-03-01,No,6-10 yrs,25-34,Mid-Low,0,Bachelor,25,Medium Risk,118.0
E00714,39,Male,Married,Research & Development,Research Director,4,Marketing,Travel_Rarely,13,7054.0,12,2,No,6,4,0,1,2,2,4,2,4,1,3,2020-05-01,No,4-5 yrs,35-44,Mid-High,0,Master,0,Low Risk,56.0
E00715,38,Male,Single,Research & Development,Research Scientist,4,Other,Travel_Frequently,5,7043.0,11,1,No,11,7,6,0,3,5,3,3,3,2,3,2017-03-01,No,6-10 yrs,35-44,Mid-High,0,Master,0,Low Risk,94.0
E00716,22,Female,Single,Research & Development,Research Scientist,2,Marketing,Travel_Rarely,1,4436.0,12,0,No,1,0,0,0,6,3,4,1,4,4,3,2024-10-01,No,0-1 yrs,18-24,Low,0,College,30,Medium Risk,3.0
E00717,40,Male,Single,Finance,Finance Manager,1,Technical Degree,Non-Travel,11,7049.0,13,2,No,10,2,1,0,0,6,3,3,4,3,3,2022-12-01,No,2-3 yrs,35-44,Mid-High,0,Below College,0,Low Risk,25.0
E00718,38,Male,Single,Finance,Financial Analyst,3,Life Sciences,Travel_Rarely,9,4601.0,12,0,No,0,0,0,0,1,0,3,1,3,3,2,2024-04-01,Yes,0-1 yrs,35-44,Low,1,Bachelor,30,Medium Risk,9.0
E00719,31,Female,Married,Research & Development,Research Scientist,3,Technical Degree,Travel_Rarely,11,5998.0,13,0,Yes,1,1,1,1,3,1,4,2,3,4,3,2023-04-01,No,0-1 yrs,25-34,Mid-Low,0,Bachelor,40,Medium Risk,21.0
E00720,35,Male,Married,Research & Development,Research Director,4,Life Sciences,Non-Travel,5,6717.0,18,0,No,8,4,0,4,2,4,4,4,2,1,3,2020-08-01,No,4-5 yrs,35-44,Mid-High,0,Master,0,Low Risk,53.0
E00721,43,Female,Single,IT,IT Support,2,Life Sciences,Travel_Rarely,3,8159.0,15,0,No,12,11,1,2,1,2,4,2,4,3,3,2013-02-01,No,10+ yrs,35-44,High,0,College,0,Low Risk,142.9
E00722,40,Male,Single,Sales,Sales Executive,3,Other,Travel_Rarely,1,8028.0,14,1,No,16,16,0,1,2,4,4,4,4,3,3,2008-12-01,No,10+ yrs,35-44,High,0,Bachelor,0,Low Risk,193.0
E00723,34,Female,Single,Sales,Sales Representative,4,Life Sciences,Non-Travel,7,5604.0,18,0,No,0,0,0,0,1,0,2,4,1,3,4,2024-10-01,No,0-1 yrs,25-34,Low,0,Master,65,High Risk,3.0
E00724,37,Female,Divorced,Marketing,Marketing Executive,2,Life Sciences,Travel_Rarely,1,8241.0,12,0,No,19,18,3,0,4,5,4,3,2,3,3,2006-11-01,No,10+ yrs,35-44,High,0,College,0,Low Risk,218.0
E00725,22,Female,Single,Sales,Sales Representative,3,Business,Non-Travel,23,5590.0,11,1,No,2,0,0,0,2,0,3,1,3,2,4,2024-09-01,Yes,0-1 yrs,18-24,Low,1,Bachelor,40,Medium Risk,4.0
E00726,27,Female,Divorced,IT,Software Engineer,3,Marketing,Non-Travel,4,7628.0,17,1,No,7,6,6,0,3,3,4,3,3,3,3,2018-06-01,No,6-10 yrs,25-34,High,0,Bachelor,0,Low Risk,79.0
E00727,37,Female,Divorced,Sales,Sales Executive,4,Medical,Travel_Frequently,2,6897.0,11,1,No,12,5,2,1,6,2,1,1,2,3,3,2019-02-01,No,4-5 yrs,35-44,Mid-High,0,Master,20,Low Risk,71.0
E00728,51,Female,Divorced,Research & Development,Research Scientist,2,Life Sciences,Travel_Frequently,4,9208.0,18,0,No,21,19,0,1,0,4,3,4,2,3,2,2005-05-01,No,10+ yrs,45-54,High,0,College,0,Low Risk,236.0
E00729,40,Male,Divorced,Research & Development,Manufacturing Director,4,Marketing,Travel_Rarely,2,7040.0,22,0,No,8,2,1,0,3,6,3,2,2,1,3,2022-03-01,Yes,2-3 yrs,35-44,Mid-High,1,Master,0,Low Risk,34.0
E00730,48,Female,Married,Human Resources,HR Specialist,4,Life Sciences,Non-Travel,11,6073.0,12,0,Yes,4,0,0,0,2,1,1,4,4,2,3,2024-05-01,Yes,0-1 yrs,45-54,Mid-Low,1,Master,60,High Risk,8.0
E00731,27,Female,Divorced,Sales,Sales Representative,3,Human Resources,Travel_Rarely,14,4908.0,17,0,No,2,0,0,0,1,1,4,1,2,3,3,2024-04-01,No,0-1 yrs,25-34,Low,0,Bachelor,30,Medium Risk,9.0
E00732,47,Male,Married,Sales,Sales Executive,3,Business,Travel_Frequently,1,6520.0,18,2,Yes,5,1,1,1,2,0,4,4,3,3,3,2023-05-01,Yes,0-1 yrs,45-54,Mid-High,1,Bachelor,40,Medium Risk,20.0
E00733,33,Female,Married,Marketing,Marketing Analyst,4,Technical Degree,Travel_Rarely,3,7989.0,11,0,Yes,9,1,0,0,2,5,4,1,4,3,3,2023-11-01,No,0-1 yrs,25-34,High,0,Master,40,Medium Risk,14.0
E00734,39,Female,Married,Human Resources,Manager,1,Human Resources,Travel_Rarely,16,5077.0,14,2,No,17,7,0,1,2,5,1,4,3,2,3,2017-04-01,Yes,6-10 yrs,35-44,Low,1,Below College,35,Medium Risk,93.0
E00735,35,Female,Married,Research & Development,Research Scientist,2,Marketing,Travel_Rarely,3,5742.0,11,2,Yes,7,7,6,1,0,3,4,3,3,3,3,2017-04-01,No,6-10 yrs,35-44,Mid-Low,0,College,25,Medium Risk,93.0
E00736,34,Male,Divorced,Sales,Manager,3,Life Sciences,Travel_Rarely,11,5654.0,14,1,No,2,1,1,1,3,5,2,4,3,2,3,2023-04-01,No,0-1 yrs,25-34,Low,0,Bachelor,50,High Risk,21.0
E00737,42,Female,Divorced,Research & Development,Manufacturing Director,3,Technical Degree,Travel_Rarely,6,5759.0,18,1,No,6,2,2,0,3,5,4,3,4,1,3,2022-08-01,No,2-3 yrs,35-44,Mid-Low,0,Bachelor,0,Low Risk,29.0
E00738,23,Female,Single,Sales,Manager,2,Business,Travel_Rarely,9,5368.0,15,1,No,5,0,0,0,5,1,1,3,3,3,3,2024-04-01,No,0-1 yrs,18-24,Low,0,College,50,High Risk,9.0
E00739,41,Male,Divorced,Research & Development,Laboratory Technician,3,Marketing,Travel_Rarely,5,7146.0,17,0,No,7,2,2,0,1,3,2,4,3,2,4,2022-01-01,No,2-3 yrs,35-44,Mid-High,0,Bachelor,20,Low Risk,36.0
E00740,42,Female,Divorced,Research & Development,Research Director,2,Medical,Travel_Rarely,2,5765.0,12,3,Yes,6,3,1,1,3,3,4,4,3,3,3,2021-07-01,No,2-3 yrs,35-44,Mid-Low,0,College,25,Medium Risk,42.0
E00741,42,Male,Single,Finance,Finance Manager,2,Marketing,Travel_Rarely,8,6949.0,20,0,Yes,5,4,1,0,0,0,1,4,3,1,4,2020-08-01,Yes,4-5 yrs,35-44,Mid-High,1,College,45,Medium Risk,53.0
E00742,39,Male,Single,Human Resources,HR Executive,3,Human Resources,Travel_Frequently,7,4227.0,13,1,Yes,2,1,0,1,4,0,3,2,3,2,3,2023-04-01,No,0-1 yrs,35-44,Low,0,Bachelor,55,High Risk,21.0
E00743,30,Male,Married,Marketing,Marketing Analyst,4,Medical,Non-Travel,1,5928.0,11,0,No,11,7,0,0,3,3,4,3,3,4,3,2017-06-01,No,6-10 yrs,25-34,Mid-Low,0,Master,0,Low Risk,91.0
E00744,42,Female,Married,IT,Data Analyst,5,Marketing,Travel_Frequently,5,7725.0,16,0,No,5,4,1,0,3,6,3,4,3,1,4,2020-02-01,No,4-5 yrs,35-44,High,0,Doctorate,0,Low Risk,59.0
E00745,28,Male,Divorced,Sales,Sales Executive,4,Medical,Travel_Rarely,14,5196.0,17,1,Yes,2,2,0,0,2,3,1,4,3,3,3,2022-09-01,No,2-3 yrs,25-34,Low,0,Master,60,High Risk,28.0
E00746,30,Male,Single,Research & Development,Laboratory Technician,3,Other,Travel_Frequently,7,7595.0,12,2,Yes,11,10,1,1,5,0,2,3,2,3,2,2014-02-01,No,6-10 yrs,25-34,High,0,Bachelor,45,Medium Risk,130.9
E00747,45,Female,Married,Research & Development,Research Director,4,Business,Travel_Rarely,17,7181.0,22,0,No,3,1,1,1,0,2,4,4,4,3,3,2023-10-01,No,0-1 yrs,45-54,Mid-High,0,Master,15,Low Risk,15.0
E00748,21,Male,Married,Sales,Sales Representative,4,Medical,Travel_Rarely,6,7636.0,11,0,Yes,3,3,3,0,1,5,3,2,4,1,3,2021-05-01,Yes,2-3 yrs,18-24,High,1,Master,25,Medium Risk,44.0
E00749,44,Female,Married,Research & Development,Research Director,4,Other,Travel_Rarely,2,6866.0,15,1,No,4,2,1,2,3,5,2,3,4,4,3,2022-10-01,No,2-3 yrs,35-44,Mid-High,0,Master,20,Low Risk,27.0
E00750,48,Female,Single,Research & Development,Research Director,3,Technical Degree,Travel_Rarely,1,7213.0,19,0,No,9,3,3,3,2,6,2,4,1,3,3,2021-11-01,No,2-3 yrs,45-54,Mid-High,0,Bachelor,35,Medium Risk,38.0
E00751,39,Male,Divorced,Research & Development,Manufacturing Director,3,Life Sciences,Travel_Rarely,3,5789.0,14,2,Yes,8,8,1,1,1,6,3,2,3,2,4,2016-11-01,No,6-10 yrs,35-44,Mid-Low,0,Bachelor,25,Medium Risk,98.0
E00752,49,Male,Single,Research & Development,Manufacturing Director,3,Marketing,Travel_Frequently,7,8120.0,12,0,Yes,7,6,0,0,3,6,2,4,4,4,4,2018-02-01,No,6-10 yrs,45-54,High,0,Bachelor,45,Medium Risk,83.0
E00753,43,Male,Divorced,IT,IT Support,3,Technical Degree,Travel_Frequently,1,6806.0,19,0,No,2,2,1,2,3,4,4,3,3,3,2,2022-06-01,No,2-3 yrs,35-44,Mid-High,0,Bachelor,0,Low Risk,31.0
E00754,26,Female,Single,IT,Software Engineer,5,Life Sciences,Travel_Rarely,13,8566.0,14,1,No,8,8,1,0,3,5,4,1,2,2,3,2016-07-01,No,6-10 yrs,25-34,High,0,Doctorate,0,Low Risk,102.0
E00755,58,Female,Married,Sales,Sales Representative,3,Medical,Travel_Rarely,1,5838.0,13,0,No,5,2,0,0,2,5,3,2,3,4,4,2022-05-01,No,2-3 yrs,55+,Mid-Low,0,Bachelor,0,Low Risk,32.0
E00756,29,Female,Divorced,Marketing,Marketing Executive,4,Other,Non-Travel,13,7194.0,14,2,Yes,11,2,2,1,2,5,4,2,3,2,3,2022-06-01,No,2-3 yrs,25-34,Mid-High,0,Master,25,Medium Risk,31.0
E00757,35,Female,Married,Marketing,Marketing Analyst,5,Life Sciences,Travel_Rarely,1,7591.0,15,1,No,1,0,0,0,1,0,4,3,1,2,3,2024-02-01,No,0-1 yrs,35-44,High,0,Doctorate,30,Medium Risk,11.0
E00758,48,Male,Married,Sales,Sales Representative,2,Medical,Non-Travel,12,6643.0,21,1,Yes,9,8,0,0,3,2,3,4,1,1,3,2016-06-01,No,6-10 yrs,45-54,Mid-High,0,College,40,Medium Risk,103.0
E00759,34,Female,Single,Finance,Financial Analyst,2,Human Resources,Travel_Rarely,1,6903.0,11,1,No,9,9,0,0,5,2,4,2,3,3,4,2015-02-01,No,6-10 yrs,25-34,Mid-High,0,College,0,Low Risk,119.0
E00760,38,Female,Married,IT,IT Manager,4,Other,Travel_Rarely,2,7360.0,14,0,No,4,1,0,1,2,4,1,4,2,3,3,2023-05-01,No,0-1 yrs,35-44,Mid-High,0,Master,35,Medium Risk,20.0
E00761,35,Male,Divorced,IT,IT Manager,4,Other,Non-Travel,5,8196.0,11,1,No,5,5,2,0,5,6,4,1,3,3,3,2019-04-01,No,4-5 yrs,35-44,High,0,Master,0,Low Risk,69.0
E00762,41,Male,Single,Sales,Manager,3,Marketing,Travel_Rarely,1,5385.0,19,3,No,8,4,0,0,3,2,3,2,2,3,4,2020-08-01,No,4-5 yrs,35-44,Low,0,Bachelor,15,Low Risk,53.0
E00763,39,Female,Married,Sales,Sales Representative,3,Technical Degree,Travel_Rarely,1,4568.0,15,0,Yes,2,0,0,0,0,0,4,3,1,2,3,2024-02-01,No,0-1 yrs,35-44,Low,0,Bachelor,70,High Risk,11.0
E00764,34,Male,Divorced,Research & Development,Laboratory Technician,4,Medical,Travel_Rarely,5,6871.0,13,0,No,8,0,0,0,1,2,4,3,4,2,4,2024-08-01,No,0-1 yrs,25-34,Mid-High,0,Master,15,Low Risk,5.0
E00765,49,Male,Divorced,Marketing,Manager,4,Other,Non-Travel,4,5939.0,19,2,No,0,0,0,0,4,1,1,3,3,4,2,2024-09-01,No,0-1 yrs,45-54,Mid-Low,0,Master,35,Medium Risk,4.0
E00766,29,Male,Single,Human Resources,HR Executive,2,Life Sciences,Travel_Rarely,5,4938.0,15,0,No,5,1,0,0,3,2,2,4,3,3,3,2023-04-01,Yes,0-1 yrs,25-34,Low,1,College,50,High Risk,21.0
E00767,40,Male,Divorced,Sales,Sales Executive,2,Life Sciences,Travel_Rarely,21,8124.0,13,1,No,4,3,3,0,2,2,4,1,3,4,3,2021-10-01,No,2-3 yrs,35-44,High,0,College,10,Low Risk,39.0
E00768,35,Female,Single,Sales,Manager,1,Business,Travel_Rarely,2,5933.0,14,0,No,13,9,0,3,2,0,2,2,4,2,3,2015-01-01,Yes,6-10 yrs,35-44,Mid-Low,1,Below College,20,Low Risk,120.0
E00769,33,Female,Divorced,Finance,Finance Manager,3,Medical,Non-Travel,11,7079.0,11,0,No,4,4,3,0,1,6,2,3,4,3,3,2020-05-01,No,4-5 yrs,25-34,Mid-High,0,Bachelor,20,Low Risk,56.0
E00770,41,Male,Single,Human Resources,HR Specialist,3,Marketing,Travel_Rarely,29,6807.0,16,2,No,6,5,2,1,2,6,2,4,4,2,3,2019-05-01,No,4-5 yrs,35-44,Mid-High,0,Bachelor,30,Medium Risk,68.0
E00771,43,Female,Divorced,Human Resources,Manager,2,Medical,Travel_Rarely,1,4581.0,14,1,No,1,1,1,1,4,6,2,4,3,4,3,2023-05-01,Yes,0-1 yrs,35-44,Low,1,College,50,High Risk,20.0
E00772,37,Female,Married,Sales,Sales Executive,4,Marketing,Travel_Frequently,24,6816.0,16,0,No,11,5,0,0,1,5,4,1,2,2,3,2019-04-01,Yes,4-5 yrs,35-44,Mid-High,1,Master,10,Low Risk,69.0
E00773,49,Male,Married,Sales,Sales Executive,3,Medical,Travel_Rarely,1,5741.0,11,1,No,5,0,0,0,2,2,4,4,3,4,3,2024-05-01,No,0-1 yrs,45-54,Mid-Low,0,Bachelor,15,Low Risk,8.0
E00774,36,Female,Single,Marketing,Manager,4,Life Sciences,Travel_Rarely,3,6401.0,12,0,Yes,2,2,1,0,2,4,1,4,2,4,3,2022-02-01,No,2-3 yrs,35-44,Mid-Low,0,Master,45,Medium Risk,35.0
E00775,38,Female,Married,Research & Development,Research Director,3,Marketing,Travel_Rarely,29,7070.0,17,3,Yes,9,9,0,1,1,2,4,4,4,2,3,2015-04-01,No,6-10 yrs,35-44,Mid-High,0,Bachelor,35,Medium Risk,117.0
E00776,45,Female,Single,Research & Development,Research Scientist,4,Other,Travel_Rarely,1,3761.73,12,0,No,1,1,1,1,2,1,4,2,2,1,2,2023-05-01,No,0-1 yrs,45-54,Low,0,Master,30,Medium Risk,20.0
E00777,35,Male,Single,Marketing,Marketing Analyst,3,Other,Travel_Rarely,5,6216.0,18,1,No,11,5,2,2,3,2,4,3,3,3,4,2019-01-01,No,4-5 yrs,35-44,Mid-Low,0,Bachelor,0,Low Risk,72.0
E00778,42,Male,Single,Research & Development,Research Director,3,Human Resources,Travel_Rarely,23,5490.0,11,1,Yes,4,1,1,0,1,5,2,1,2,3,3,2023-03-01,Yes,0-1 yrs,35-44,Low,1,Bachelor,85,High Risk,22.0
E00779,18,Male,Single,Research & Development,Research Scientist,5,Business,Travel_Rarely,7,5487.0,20,0,No,0,0,0,0,8,3,2,3,1,3,3,2024-05-01,Yes,0-1 yrs,18-24,Low,1,Doctorate,65,High Risk,8.0
E00780,36,Female,Single,IT,Data Analyst,2,Marketing,Travel_Frequently,8,6872.0,19,1,Yes,3,2,0,0,4,5,4,3,4,4,3,2022-08-01,Yes,2-3 yrs,35-44,Mid-High,1,College,25,Medium Risk,29.0
E00781,36,Male,Single,Marketing,Marketing Analyst,3,Human Resources,Non-Travel,1,6670.0,15,1,No,9,6,0,1,2,1,3,1,4,3,3,2018-12-01,No,6-10 yrs,35-44,Mid-High,0,Bachelor,0,Low Risk,73.0
E00782,47,Male,Single,Research & Development,Manufacturing Director,2,Other,Travel_Rarely,26,4628.0,12,0,No,3,0,0,0,3,1,4,4,2,3,3,2024-11-01,No,0-1 yrs,45-54,Low,0,College,40,Medium Risk,2.0
E00783,43,Female,Single,Research & Development,Research Director,3,Human Resources,Travel_Frequently,5,7747.0,23,2,No,6,6,1,0,2,4,2,4,4,1,3,2018-06-01,No,6-10 yrs,35-44,High,0,Bachelor,20,Low Risk,79.0
E00784,37,Female,Married,Marketing,Manager,5,Marketing,Travel_Frequently,1,5355.0,21,1,No,2,1,1,1,1,6,4,3,1,3,3,2023-09-01,No,0-1 yrs,35-44,Low,0,Doctorate,45,Medium Risk,16.0
E00785,40,Male,Married,Human Resources,Manager,3,Other,Travel_Rarely,29,5373.0,17,3,No,3,3,1,1,2,0,3,2,3,1,3,2021-11-01,No,2-3 yrs,35-44,Low,0,Bachelor,25,Medium Risk,38.0
E00786,34,Male,Divorced,Sales,Sales Executive,3,Other,Travel_Rarely,1,6100.0,18,0,No,10,5,0,0,1,0,3,3,3,3,4,2019-10-01,No,4-5 yrs,25-34,Mid-Low,0,Bachelor,0,Low Risk,63.0
E00787,35,Female,Married,Sales,Manager,2,Technical Degree,Travel_Rarely,12,5256.0,11,1,No,5,0,0,0,5,5,2,4,2,3,3,2024-12-01,No,0-1 yrs,35-44,Low,0,College,50,High Risk,1.0
E00788,24,Female,Married,Research & Development,Research Scientist,2,Technical Degree,Travel_Frequently,2,6675.0,13,2,No,5,5,0,1,2,3,1,4,3,2,3,2019-05-01,No,4-5 yrs,18-24,Mid-High,0,College,20,Low Risk,68.0
E00789,23,Female,Married,Sales,Sales Executive,4,Marketing,Travel_Rarely,26,5819.0,12,1,Yes,5,3,0,1,2,4,3,4,3,2,3,2021-08-01,No,2-3 yrs,18-24,Mid-Low,0,Master,35,Medium Risk,41.0
E00790,37,Male,Divorced,Human Resources,HR Executive,5,Other,Travel_Rarely,8,7097.0,12,1,No,5,0,0,0,1,2,2,4,3,2,4,2024-09-01,Yes,0-1 yrs,35-44,Mid-High,1,Doctorate,35,Medium Risk,4.0
E00791,35,Male,Divorced,Finance,Financial Analyst,2,Life Sciences,Non-Travel,1,7900.0,13,2,No,14,10,0,1,2,6,4,4,2,4,3,2014-01-01,No,6-10 yrs,35-44,High,0,College,0,Low Risk,132.0
E00792,28,Female,Married,IT,Data Analyst,3,Medical,Travel_Frequently,2,8234.0,11,0,No,10,10,2,1,2,0,4,3,3,4,3,2014-09-01,No,6-10 yrs,25-34,High,0,Bachelor,0,Low Risk,124.0
E00793,47,Female,Married,Sales,Manager,3,Life Sciences,Travel_Rarely,4,5547.0,17,2,No,2,1,1,1,3,1,3,3,2,2,3,2023-03-01,No,0-1 yrs,45-54,Low,0,Bachelor,30,Medium Risk,22.0
E00794,41,Male,Married,IT,IT Manager,3,Marketing,Travel_Rarely,25,7010.0,20,2,Yes,6,4,0,0,2,0,3,3,4,2,2,2020-05-01,No,4-5 yrs,35-44,Mid-High,0,Bachelor,35,Medium Risk,56.0
E00795,38,Male,Single,Research & Development,Research Scientist,3,Medical,Travel_Rarely,11,6889.0,14,1,No,4,4,4,4,3,3,4,3,2,3,3,2020-01-01,No,4-5 yrs,35-44,Mid-High,0,Bachelor,0,Low Risk,60.0
E00796,44,Female,Married,Research & Development,Research Director,3,Other,Non-Travel,22,7638.0,11,1,No,13,6,0,1,3,6,3,1,4,3,4,2018-01-01,No,6-10 yrs,35-44,High,0,Bachelor,10,Low Risk,84.0
E00797,18,Female,Married,Sales,Sales Representative,2,Other,Travel_Rarely,12,5637.0,17,0,Yes,0,0,0,0,2,2,3,3,2,2,4,2024-02-01,No,0-1 yrs,18-24,Low,0,College,55,High Risk,11.0
E00798,35,Female,Single,IT,Data Analyst,5,Business,Travel_Rarely,1,7815.0,13,0,Yes,4,4,3,0,2,5,3,2,2,4,2,2020-03-01,No,4-5 yrs,35-44,High,0,Doctorate,25,Medium Risk,58.0
E00799,34,Male,Married,Finance,Accountant,2,Human Resources,Travel_Frequently,25,6434.0,11,0,Yes,10,7,1,1,2,5,3,4,3,3,3,2017-05-01,No,6-10 yrs,25-34,Mid-Low,0,College,35,Medium Risk,92.0
E00800,28,Male,Single,Research & Development,Laboratory Technician,2,Marketing,Travel_Frequently,17,7758.0,12,0,No,10,6,1,0,1,1,4,4,2,4,2,2018-10-01,No,6-10 yrs,25-34,High,0,College,0,Low Risk,75.0
E00801,32,Male,Married,Sales,Sales Executive,4,Marketing,Travel_Rarely,1,4593.0,17,1,No,3,0,0,0,3,2,3,3,3,2,2,2024-12-01,No,0-1 yrs,25-34,Low,0,Master,30,Medium Risk,1.0
E00802,28,Female,Single,Human Resources,Manager,4,Technical Degree,Travel_Rarely,17,6083.0,11,0,No,4,3,0,0,5,5,3,4,2,4,3,2021-09-01,No,2-3 yrs,25-34,Mid-Low,0,Master,0,Low Risk,40.0
E00803,29,Female,Divorced,Research & Development,Research Scientist,3,Business,Travel_Rarely,11,5723.0,11,2,No,0,0,0,0,4,4,2,4,4,3,3,2024-05-01,No,0-1 yrs,25-34,Mid-Low,0,Bachelor,35,Medium Risk,8.0
E00804,50,Male,Married,IT,Data Analyst,4,Business,Travel_Rarely,1,7552.0,18,0,No,0,0,0,0,4,6,4,3,3,3,3,2024-01-01,No,0-1 yrs,45-54,High,0,Master,15,Low Risk,12.0
E00805,23,Female,Single,Marketing,Manager,3,Business,Travel_Rarely,6,4552.0,22,0,No,5,5,0,1,2,0,1,4,4,2,3,2019-05-01,No,4-5 yrs,18-24,Low,0,Bachelor,35,Medium Risk,68.0
E00806,30,Male,Married,Research & Development,Manufacturing Director,2,Marketing,Non-Travel,1,6271.0,16,1,No,2,2,0,2,2,5,4,2,3,3,4,2022-06-01,No,2-3 yrs,25-34,Mid-Low,0,College,0,Low Risk,31.0
E00807,36,Female,Divorced,IT,Data Analyst,4,Technical Degree,Travel_Frequently,4,7731.0,19,0,Yes,2,1,1,1,2,0,2,2,3,2,4,2023-01-01,Yes,0-1 yrs,35-44,High,1,Master,60,High Risk,24.0
E00808,36,Male,Single,Sales,Manager,3,Life Sciences,Travel_Rarely,1,6736.0,23,0,No,3,3,0,0,2,4,1,4,3,4,2,2021-12-01,No,2-3 yrs,35-44,Mid-High,0,Bachelor,20,Low Risk,37.0
E00809,52,Female,Divorced,Human Resources,HR Executive,5,Other,Travel_Frequently,2,6233.0,11,1,Yes,1,1,1,1,3,3,4,4,2,4,3,2023-03-01,Yes,0-1 yrs,45-54,Mid-Low,1,Doctorate,40,Medium Risk,22.0
E00810,41,Female,Divorced,Sales,Manager,3,Other,Travel_Rarely,13,6335.0,16,1,No,7,4,0,4,5,6,4,1,3,4,3,2020-03-01,No,4-5 yrs,35-44,Mid-Low,0,Bachelor,0,Low Risk,58.0
E00811,36,Male,Married,Human Resources,HR Executive,4,Marketing,Travel_Rarely,18,5455.0,12,0,No,9,5,5,1,1,4,4,3,3,3,4,2019-05-01,No,4-5 yrs,35-44,Low,0,Master,15,Low Risk,68.0
E00812,41,Male,Divorced,Human Resources,HR Executive,4,Medical,Travel_Rarely,3,6502.0,14,0,No,7,2,1,2,1,2,4,3,2,2,3,2022-04-01,No,2-3 yrs,35-44,Mid-Low,0,Master,0,Low Risk,33.0
E00813,42,Female,Married,Research & Development,Manufacturing Director,4,Technical Degree,Travel_Frequently,1,7393.0,17,0,No,12,6,6,0,3,4,4,4,4,3,3,2018-04-01,No,6-10 yrs,35-44,High,0,Master,0,Low Risk,81.0
E00814,43,Female,Married,Sales,Sales Executive,1,Life Sciences,Travel_Rarely,2,5659.0,11,0,No,4,4,3,0,4,6,4,2,2,2,3,2020-08-01,No,4-5 yrs,35-44,Low,0,Below College,15,Low Risk,53.0
E00815,46,Male,Single,Research & Development,Laboratory Technician,3,Life Sciences,Travel_Rarely,6,8556.0,21,1,No,13,11,4,1,1,1,4,3,4,4,4,2013-12-01,No,10+ yrs,45-54,High,0,Bachelor,0,Low Risk,133.0
E00816,39,Male,Single,Sales,Sales Representative,3,Technical Degree,Travel_Rarely,8,5917.0,11,0,No,2,2,2,0,2,2,1,4,4,4,4,2022-01-01,Yes,2-3 yrs,35-44,Mid-Low,1,Bachelor,20,Low Risk,36.0
E00817,30,Male,Married,Human Resources,Manager,3,Technical Degree,Travel_Frequently,1,7736.0,18,1,No,7,6,0,0,3,1,3,4,3,4,3,2018-08-01,Yes,6-10 yrs,25-34,High,1,Bachelor,0,Low Risk,77.0
E00818,45,Male,Married,Research & Development,Research Director,3,Technical Degree,Travel_Rarely,9,5577.0,11,2,No,6,2,0,2,1,4,3,4,3,2,3,2022-09-01,No,2-3 yrs,45-54,Low,0,Bachelor,15,Low Risk,28.0
E00819,45,Female,Married,Sales,Sales Executive,3,Business,Travel_Rarely,5,6903.0,20,2,No,7,3,0,0,3,0,1,4,1,4,3,2021-02-01,No,2-3 yrs,45-54,Mid-High,0,Bachelor,35,Medium Risk,46.9
E00820,28,Male,Married,Research & Development,Manufacturing Director,2,Marketing,Travel_Frequently,12,5750.0,15,1,No,10,7,0,1,2,0,4,3,2,1,3,2017-05-01,No,6-10 yrs,25-34,Mid-Low,0,College,0,Low Risk,92.0
E00821,40,Female,Divorced,IT,IT Manager,5,Business,Non-Travel,26,8124.0,12,0,No,7,5,1,0,3,1,1,3,3,2,3,2019-08-01,No,4-5 yrs,35-44,High,0,Doctorate,30,Medium Risk,65.0
E00822,33,Female,Divorced,Research & Development,Laboratory Technician,4,Life Sciences,Non-Travel,4,8073.0,21,1,Yes,5,5,5,0,2,0,4,3,4,3,3,2019-07-01,No,4-5 yrs,25-34,High,0,Master,25,Medium Risk,66.0
E00823,18,Female,Married,Sales,Manager,2,Life Sciences,Travel_Rarely,2,3761.73,17,0,No,0,0,0,0,3,0,4,1,3,3,2,2024-01-01,No,0-1 yrs,18-24,Low,0,College,30,Medium Risk,12.0
E00824,27,Female,Married,Human Resources,HR Executive,2,Business,Travel_Rarely,11,3761.73,19,1,No,4,1,1,1,0,0,1,3,3,2,3,2023-11-01,No,0-1 yrs,25-34,Low,0,College,50,High Risk,14.0
E00825,44,Female,Married,Research & Development,Laboratory Technician,3,Marketing,Travel_Rarely,10,8692.0,11,2,No,9,6,2,0,1,2,4,3,4,4,3,2018-08-01,No,6-10 yrs,35-44,High,0,Bachelor,0,Low Risk,77.0
E00826,44,Male,Single,Marketing,Manager,3,Marketing,Travel_Rarely,6,10136.03,20,0,No,25,25,2,0,7,5,4,2,2,3,4,2005-12-01,No,10+ yrs,35-44,High,0,Bachelor,0,Low Risk,229.0
E00827,56,Male,Married,Research & Development,Research Scientist,2,Human Resources,Travel_Frequently,9,6015.0,13,1,Yes,3,2,1,1,3,1,2,4,2,4,3,2022-01-01,No,2-3 yrs,55+,Mid-Low,0,College,45,Medium Risk,36.0
E00828,46,Male,Divorced,Marketing,Manager,2,Marketing,Travel_Frequently,4,4313.0,16,2,No,3,1,0,1,2,4,1,3,3,4,4,2023-03-01,No,0-1 yrs,45-54,Low,0,College,50,High Risk,22.0
E00829,31,Male,Married,Research & Development,Manufacturing Director,4,Medical,Travel_Frequently,2,9241.0,16,0,Yes,13,13,0,2,2,3,4,1,2,3,3,2011-09-01,No,10+ yrs,25-34,High,0,Master,25,Medium Risk,160.0
E00830,35,Male,Married,Research & Development,Research Scientist,5,Other,Travel_Rarely,2,7169.0,16,0,Yes,10,7,1,0,3,3,4,4,3,1,2,2017-04-01,No,6-10 yrs,35-44,Mid-High,0,Doctorate,25,Medium Risk,93.0
E00831,43,Male,Single,Research & Development,Manufacturing Director,3,Other,Travel_Rarely,4,7207.0,25,0,No,5,3,0,0,2,2,2,3,3,2,3,2021-02-01,No,2-3 yrs,35-44,Mid-High,0,Bachelor,20,Low Risk,46.9
E00832,46,Male,Single,Research & Development,Manufacturing Director,4,Marketing,Travel_Frequently,8,8652.0,16,0,No,10,10,1,0,1,2,1,4,2,3,2,2014-06-01,No,6-10 yrs,45-54,High,0,Master,20,Low Risk,127.0
E00833,45,Male,Single,Sales,Sales Representative,3,Medical,Travel_Rarely,16,6016.0,23,1,No,8,3,1,0,1,0,1,4,1,1,3,2021-08-01,No,2-3 yrs,45-54,Mid-Low,0,Bachelor,35,Medium Risk,41.0
E00834,41,Male,Single,Sales,Sales Representative,1,Marketing,Travel_Frequently,1,4607.0,17,1,Yes,6,0,0,0,1,1,3,2,4,3,4,2024-02-01,Yes,0-1 yrs,35-44,Low,1,Below College,55,High Risk,11.0
E00835,35,Male,Single,Research & Development,Research Scientist,1,Business,Travel_Rarely,5,5707.0,15,0,No,8,3,1,1,2,4,2,4,2,4,3,2021-08-01,Yes,2-3 yrs,35-44,Mid-Low,1,Below College,20,Low Risk,41.0
E00836,40,Male,Divorced,Finance,Financial Analyst,4,Medical,Travel_Rarely,1,5629.0,13,1,Yes,3,1,1,0,4,6,4,1,1,3,3,2023-04-01,Yes,0-1 yrs,35-44,Low,1,Master,70,High Risk,21.0
E00837,32,Male,Single,Sales,Sales Representative,1,Life Sciences,Travel_Rarely,1,5107.0,16,0,Yes,4,1,1,1,2,3,2,3,3,3,3,2023-10-01,No,0-1 yrs,25-34,Low,0,Below College,75,High Risk,15.0
E00838,25,Male,Single,Sales,Sales Executive,3,Life Sciences,Travel_Frequently,1,4073.0,21,1,No,7,1,1,1,3,1,1,3,4,1,3,2023-10-01,No,0-1 yrs,25-34,Low,0,Bachelor,50,High Risk,15.0
E00839,34,Male,Single,IT,IT Support,3,Medical,Travel_Rarely,2,7596.0,11,1,Yes,3,3,0,2,3,0,4,3,1,3,3,2021-07-01,No,2-3 yrs,25-34,High,0,Bachelor,40,Medium Risk,42.0
E00840,41,Male,Single,Sales,Manager,3,Other,Non-Travel,9,6876.0,21,1,No,10,6,2,0,2,4,2,3,2,3,3,2018-01-01,No,6-10 yrs,35-44,Mid-High,0,Bachelor,20,Low Risk,84.0
E00841,46,Male,Single,Research & Development,Laboratory Technician,3,Other,Travel_Frequently,10,7665.0,18,1,No,3,3,0,1,6,1,1,3,4,2,2,2021-07-01,No,2-3 yrs,45-54,High,0,Bachelor,20,Low Risk,42.0
E00842,38,Male,Married,Sales,Sales Executive,3,Marketing,Travel_Rarely,1,3761.73,14,0,Yes,0,0,0,0,1,0,3,4,2,4,3,2024-06-01,No,0-1 yrs,35-44,Low,0,Bachelor,55,High Risk,7.0
E00843,42,Male,Married,IT,IT Support,2,Marketing,Travel_Rarely,8,5516.0,11,1,No,1,0,0,0,5,3,1,4,4,3,3,2024-02-01,Yes,0-1 yrs,35-44,Low,1,College,50,High Risk,11.0
E00844,21,Male,Divorced,Sales,Sales Executive,3,Other,Non-Travel,10,6188.0,15,0,Yes,3,3,2,3,1,2,4,2,3,3,4,2021-07-01,No,2-3 yrs,18-24,Mid-Low,0,Bachelor,25,Medium Risk,42.0
E00845,37,Male,Single,IT,IT Support,4,Business,Travel_Rarely,7,9632.0,11,1,No,19,19,5,0,5,2,4,1,4,3,3,2005-08-01,No,10+ yrs,35-44,High,0,Master,0,Low Risk,233.0
E00846,47,Female,Single,Human Resources,HR Specialist,1,Life Sciences,Travel_Rarely,4,4515.0,19,1,No,4,1,0,1,0,5,4,4,2,3,3,2023-01-01,No,0-1 yrs,45-54,Low,0,Below College,30,Medium Risk,24.0
E00847,19,Female,Married,Sales,Manager,4,Technical Degree,Travel_Rarely,4,5051.0,17,0,No,1,0,0,0,0,5,4,1,3,3,3,2024-09-01,Yes,0-1 yrs,18-24,Low,1,Master,30,Medium Risk,4.0
E00848,53,Male,Single,IT,IT Support,3,Business,Travel_Rarely,8,10136.03,25,0,No,21,18,3,0,2,3,4,4,3,4,4,2006-07-01,No,10+ yrs,45-54,High,0,Bachelor,0,Low Risk,222.0
E00849,42,Male,Married,Sales,Sales Representative,3,Technical Degree,Non-Travel,2,8533.0,19,2,No,22,17,10,0,1,6,2,4,3,2,3,2007-02-01,No,10+ yrs,35-44,High,0,Bachelor,20,Low Risk,214.9
E00850,32,Female,Single,Research & Development,Laboratory Technician,2,Marketing,Non-Travel,8,7688.0,11,0,No,14,14,1,4,4,6,4,4,3,3,2,2010-04-01,No,10+ yrs,25-34,High,0,College,0,Low Risk,177.0
E00851,20,Male,Single,Research & Development,Laboratory Technician,2,Life Sciences,Travel_Rarely,5,6248.0,20,2,No,1,1,0,1,3,5,4,3,1,3,3,2023-06-01,No,0-1 yrs,18-24,Mid-Low,0,College,30,Medium Risk,19.0
E00852,35,Male,Married,IT,IT Manager,4,Medical,Travel_Frequently,1,7446.0,15,1,No,7,5,1,0,3,6,4,3,4,4,3,2019-06-01,No,4-5 yrs,35-44,High,0,Master,0,Low Risk,67.0
E00853,40,Female,Single,Human Resources,Manager,3,Life Sciences,Non-Travel,20,8184.0,19,0,No,6,5,0,3,5,2,3,4,3,3,4,2019-05-01,No,4-5 yrs,35-44,High,0,Bachelor,0,Low Risk,68.0
E00854,36,Female,Married,Research & Development,Research Scientist,3,Human Resources,Non-Travel,1,7278.0,16,3,No,3,2,2,1,3,5,3,3,2,4,3,2022-07-01,No,2-3 yrs,35-44,Mid-High,0,Bachelor,0,Low Risk,30.0
E00855,36,Male,Married,Finance,Financial Analyst,5,Other,Travel_Rarely,1,6952.0,17,1,No,2,0,0,0,3,6,1,3,2,3,3,2024-05-01,No,0-1 yrs,35-44,Mid-High,0,Doctorate,35,Medium Risk,8.0
E00856,43,Female,Married,Research & Development,Research Scientist,3,Marketing,Travel_Rarely,1,7165.0,16,2,No,1,1,0,0,2,1,1,1,2,1,3,2023-06-01,No,0-1 yrs,35-44,Mid-High,0,Bachelor,35,Medium Risk,19.0
E00857,31,Male,Single,Human Resources,HR Specialist,4,Business,Travel_Rarely,9,5680.0,11,0,No,4,4,1,1,6,3,3,4,2,4,3,2020-04-01,No,4-5 yrs,25-34,Mid-Low,0,Master,0,Low Risk,57.0
E00858,31,Female,Divorced,Research & Development,Research Scientist,5,Life Sciences,Travel_Rarely,3,6100.0,16,2,Yes,0,0,0,0,2,3,3,4,2,3,3,2024-05-01,No,0-1 yrs,25-34,Mid-Low,0,Doctorate,40,Medium Risk,8.0
E00859,41,Female,Married,Sales,Manager,5,Technical Degree,Travel_Rarely,2,6777.0,18,2,Yes,4,1,1,1,2,2,4,2,3,3,4,2023-02-01,No,0-1 yrs,35-44,Mid-High,0,Doctorate,40,Medium Risk,23.0
E00860,31,Male,Divorced,Sales,Manager,2,Other,Travel_Rarely,13,7118.0,17,1,No,5,5,0,1,4,5,4,1,3,4,3,2019-07-01,No,4-5 yrs,25-34,Mid-High,0,College,0,Low Risk,66.0
E00861,32,Male,Single,Human Resources,Manager,3,Human Resources,Travel_Rarely,3,6694.0,11,0,No,12,10,1,0,4,1,4,2,2,3,3,2014-08-01,No,6-10 yrs,25-34,Mid-High,0,Bachelor,0,Low Risk,125.0
E00862,35,Male,Single,Research & Development,Manufacturing Director,3,Marketing,Travel_Rarely,2,7886.0,22,0,No,0,0,0,0,4,1,1,3,4,3,3,2024-06-01,No,0-1 yrs,35-44,High,0,Bachelor,35,Medium Risk,7.0
E00863,35,Male,Married,Sales,Sales Executive,2,Life Sciences,Non-Travel,8,7006.0,12,1,No,3,0,0,0,3,5,1,2,3,4,3,2024-05-01,Yes,0-1 yrs,35-44,Mid-High,1,College,35,Medium Risk,8.0
E00864,55,Female,Married,Finance,Accountant,2,Medical,Non-Travel,20,7454.0,15,0,No,5,3,0,2,1,0,3,2,2,4,4,2021-04-01,Yes,2-3 yrs,55+,High,1,College,0,Low Risk,45.0
E00865,45,Male,Single,Research & Development,Laboratory Technician,2,Life Sciences,Non-Travel,9,5745.0,11,0,No,5,2,1,0,4,0,4,4,3,3,3,2022-08-01,No,2-3 yrs,45-54,Mid-Low,0,College,0,Low Risk,29.0
E00866,47,Male,Married,Sales,Sales Representative,4,Human Resources,Travel_Rarely,1,5985.0,21,3,Yes,6,6,0,0,3,2,4,1,2,2,4,2018-11-01,No,6-10 yrs,45-54,Mid-Low,0,Master,25,Medium Risk,74.0
E00867,37,Male,Single,Sales,Sales Executive,2,Human Resources,Travel_Rarely,2,5476.0,13,2,No,8,8,1,0,1,6,2,4,1,3,4,2016-10-01,No,6-10 yrs,35-44,Low,0,College,50,High Risk,99.0
E00868,29,Male,Single,Finance,Accountant,3,Other,Travel_Rarely,29,8399.0,12,1,No,11,11,0,0,2,4,4,1,3,3,3,2013-01-01,No,10+ yrs,25-34,High,0,Bachelor,10,Low Risk,144.0
E00869,35,Male,Married,IT,Software Engineer,3,Marketing,Travel_Rarely,2,7143.0,17,1,Yes,4,2,2,0,1,6,2,4,2,3,3,2022-06-01,Yes,2-3 yrs,35-44,Mid-High,1,Bachelor,45,Medium Risk,31.0
E00870,37,Male,Single,Finance,Finance Manager,3,Marketing,Non-Travel,1,7015.0,11,0,No,10,3,3,0,3,0,1,4,3,3,2,2021-10-01,No,2-3 yrs,35-44,Mid-High,0,Bachelor,20,Low Risk,39.0
E00871,38,Male,Single,IT,Data Analyst,3,Life Sciences,Travel_Frequently,3,6093.0,16,3,No,10,2,2,0,3,0,4,1,3,1,4,2022-11-01,No,2-3 yrs,35-44,Mid-Low,0,Bachelor,0,Low Risk,26.0
E00872,41,Male,Divorced,IT,Data Analyst,4,Other,Travel_Rarely,1,8533.0,16,1,Yes,13,8,0,0,4,2,4,3,2,3,3,2016-12-01,No,6-10 yrs,35-44,High,0,Master,25,Medium Risk,97.0
E00873,37,Male,Divorced,Marketing,Manager,4,Medical,Travel_Rarely,15,6797.0,17,1,No,10,10,2,1,3,5,4,2,4,3,3,2014-10-01,No,6-10 yrs,35-44,Mid-High,0,Master,0,Low Risk,123.0
E00874,32,Female,Married,Sales,Manager,3,Marketing,Non-Travel,1,4628.0,11,0,No,2,1,1,0,1,4,4,3,2,2,3,2023-12-01,No,0-1 yrs,25-34,Low,0,Bachelor,30,Medium Risk,13.0
E00875,34,Female,Married,Research & Development,Research Scientist,3,Human Resources,Travel_Rarely,1,6055.0,11,0,No,2,1,1,0,1,3,3,2,2,3,2,2023-03-01,No,0-1 yrs,25-34,Mid-Low,0,Bachelor,15,Low Risk,22.0
E00876,21,Male,Married,Research & Development,Laboratory Technician,4,Business,Travel_Frequently,28,7336.0,17,2,No,2,1,1,1,3,1,1,3,2,1,3,2023-12-01,No,0-1 yrs,18-24,Mid-High,0,Master,45,Medium Risk,13.0
E00877,42,Male,Single,IT,IT Support,3,Medical,Travel_Rarely,1,8362.0,17,0,No,0,0,0,0,0,1,4,4,2,4,2,2024-08-01,No,0-1 yrs,35-44,High,0,Bachelor,15,Low Risk,5.0
E00878,50,Male,Single,Sales,Manager,2,Human Resources,Travel_Rarely,14,6813.0,17,2,Yes,8,6,0,1,4,3,1,1,3,1,3,2018-04-01,No,6-10 yrs,45-54,Mid-High,0,College,45,Medium Risk,81.0
E00879,41,Male,Married,Research & Development,Laboratory Technician,4,Human Resources,Travel_Frequently,1,6021.0,17,2,No,2,1,1,0,3,5,3,1,2,3,3,2023-03-01,No,0-1 yrs,35-44,Mid-Low,0,Master,15,Low Risk,22.0
E00880,31,Female,Married,Research & Development,Research Scientist,4,Life Sciences,Travel_Frequently,2,7332.0,15,0,No,5,3,3,0,1,0,4,4,3,2,3,2021-01-01,No,2-3 yrs,25-34,Mid-High,0,Master,0,Low Risk,48.0
E00881,42,Male,Divorced,Sales,Manager,3,Business,Non-Travel,13,5812.0,16,0,No,0,0,0,0,5,2,1,2,3,3,3,2024-08-01,No,0-1 yrs,35-44,Mid-Low,0,Bachelor,35,Medium Risk,5.0
E00882,38,Male,Single,Research & Development,Research Scientist,3,Life Sciences,Travel_Rarely,13,9277.0,13,0,No,17,10,4,0,6,4,4,2,2,3,4,2014-12-01,No,6-10 yrs,35-44,High,0,Bachelor,0,Low Risk,121.0
E00883,32,Male,Married,Finance,Financial Analyst,3,Other,Travel_Frequently,1,8153.0,14,1,No,5,5,4,4,4,3,3,3,3,2,3,2019-02-01,No,4-5 yrs,25-34,High,0,Bachelor,0,Low Risk,71.0
E00884,37,Male,Single,Sales,Manager,5,Marketing,Non-Travel,6,7952.0,14,0,No,12,9,1,1,4,2,3,4,3,3,3,2015-08-01,No,6-10 yrs,35-44,High,0,Doctorate,0,Low Risk,113.0
E00885,41,Female,Divorced,Finance,Finance Manager,3,Medical,Travel_Rarely,11,5639.0,15,0,Yes,6,0,0,0,3,2,3,4,1,3,2,2024-10-01,Yes,0-1 yrs,35-44,Low,1,Bachelor,70,High Risk,3.0
E00886,31,Female,Single,Research & Development,Research Director,1,Technical Degree,Travel_Rarely,14,3860.0,12,0,No,6,0,0,0,2,0,1,4,1,2,3,2024-06-01,Yes,0-1 yrs,25-34,Low,1,Below College,65,High Risk,7.0
E00887,34,Male,Single,Marketing,Marketing Analyst,4,Medical,Travel_Rarely,1,4031.0,12,0,No,1,0,0,0,3,4,4,2,1,3,3,2024-10-01,No,0-1 yrs,25-34,Low,0,Master,45,Medium Risk,3.0
E00888,34,Male,Single,Research & Development,Research Scientist,3,Medical,Travel_Frequently,2,8529.0,16,1,No,16,16,1,2,5,1,2,4,2,4,3,2008-06-01,No,10+ yrs,25-34,High,0,Bachelor,20,Low Risk,199.0
E00889,36,Female,Married,IT,IT Manager,5,Other,Travel_Rarely,1,8508.0,16,1,No,2,2,2,2,1,4,4,4,4,2,3,2022-10-01,No,2-3 yrs,35-44,High,0,Doctorate,0,Low Risk,27.0
E00890,29,Female,Divorced,Marketing,Manager,4,Life Sciences,Non-Travel,5,6984.0,17,1,No,5,3,2,2,0,4,3,4,4,1,4,2021-10-01,No,2-3 yrs,25-34,Mid-High,0,Master,0,Low Risk,39.0
E00891,44,Female,Single,Marketing,Marketing Analyst,3,Medical,Travel_Rarely,1,5852.0,17,3,No,11,0,0,0,2,3,2,3,2,2,3,2024-10-01,No,0-1 yrs,35-44,Mid-Low,0,Bachelor,35,Medium Risk,3.0
E00892,48,Female,Single,Research & Development,Laboratory Technician,2,Marketing,Travel_Frequently,4,4545.0,11,0,No,0,0,0,0,1,1,2,4,3,4,3,2024-10-01,No,0-1 yrs,45-54,Low,0,College,50,High Risk,3.0
E00893,40,Female,Married,Sales,Sales Representative,4,Business,Travel_Frequently,5,7573.0,11,2,Yes,5,0,0,0,9,4,2,4,3,3,3,2024-10-01,Yes,0-1 yrs,35-44,High,1,Master,60,High Risk,3.0
E00894,25,Male,Divorced,Research & Development,Research Director,4,Business,Travel_Rarely,20,7361.0,14,1,Yes,3,0,0,0,4,2,1,3,3,3,3,2024-10-01,No,0-1 yrs,25-34,Mid-High,0,Master,60,High Risk,3.0
E00895,34,Male,Single,IT,IT Support,4,Human Resources,Travel_Rarely,3,5951.0,25,1,No,11,2,2,1,1,2,4,4,1,1,3,2022-12-01,No,2-3 yrs,25-34,Mid-Low,0,Master,15,Low Risk,25.0
E00896,42,Male,Divorced,Research & Development,Manufacturing Director,4,Human Resources,Travel_Rarely,2,8627.0,15,3,Yes,3,3,1,0,1,6,3,1,2,1,4,2021-08-01,No,2-3 yrs,35-44,High,0,Master,25,Medium Risk,41.0
E00897,39,Male,Married,Research & Development,Research Scientist,3,Medical,Travel_Rarely,1,5347.0,14,1,No,2,2,2,1,1,1,3,4,3,3,4,2022-06-01,No,2-3 yrs,35-44,Low,0,Bachelor,15,Low Risk,31.0
E00898,54,Male,Single,Research & Development,Research Director,4,Other,Travel_Rarely,6,4807.0,16,0,No,2,0,0,0,4,5,3,2,4,3,4,2024-10-01,No,0-1 yrs,45-54,Low,0,Master,30,Medium Risk,3.0
E00899,32,Male,Divorced,Sales,Sales Executive,4,Human Resources,Travel_Rarely,11,5048.0,11,0,No,3,2,0,1,1,3,4,4,4,3,3,2022-11-01,Yes,2-3 yrs,25-34,Low,1,Master,15,Low Risk,26.0
E00900,28,Female,Single,Research & Development,Laboratory Technician,2,Business,Travel_Rarely,5,4350.0,14,0,No,3,1,1,1,2,0,2,4,2,3,3,2023-05-01,No,0-1 yrs,25-34,Low,0,College,50,High Risk,20.0
E00901,38,Female,Married,Sales,Manager,2,Human Resources,Travel_Rarely,3,5100.0,17,0,Yes,2,2,2,0,1,1,3,1,4,3,3,2022-11-01,No,2-3 yrs,35-44,Low,0,College,40,Medium Risk,26.0
E00902,27,Male,Married,Research & Development,Research Scientist,3,Business,Travel_Frequently,4,5551.0,16,0,No,9,5,2,4,1,5,4,3,3,1,2,2019-04-01,No,4-5 yrs,25-34,Low,0,Bachelor,15,Low Risk,69.0
E00903,43,Male,Divorced,Research & Development,Manufacturing Director,2,Technical Degree,Travel_Rarely,4,5450.0,15,0,No,1,1,1,0,3,1,3,2,3,4,4,2023-07-01,No,0-1 yrs,35-44,Low,0,College,30,Medium Risk,18.0
E00904,34,Female,Single,Research & Development,Research Director,3,Technical Degree,Travel_Frequently,6,9341.0,13,0,No,12,7,2,2,1,0,3,2,3,2,3,2017-12-01,No,6-10 yrs,25-34,High,0,Bachelor,0,Low Risk,85.0
E00905,47,Female,Divorced,Research & Development,Research Director,3,Marketing,Travel_Rarely,7,6761.0,16,0,Yes,1,0,0,0,2,4,1,2,3,3,3,2024-02-01,No,0-1 yrs,45-54,Mid-High,0,Bachelor,60,High Risk,11.0
E00906,41,Female,Married,Sales,Manager,4,Marketing,Non-Travel,10,6467.0,18,0,No,5,5,0,4,3,4,2,3,4,4,1,2019-09-01,No,4-5 yrs,35-44,Mid-Low,0,Master,20,Low Risk,64.0
E00907,36,Female,Single,Finance,Financial Analyst,2,Life Sciences,Non-Travel,2,5261.0,11,1,No,3,0,0,0,1,2,2,2,1,3,3,2024-12-01,Yes,0-1 yrs,35-44,Low,1,College,65,High Risk,1.0
E00908,23,Male,Married,Research & Development,Manufacturing Director,4,Marketing,Travel_Frequently,23,6138.0,11,0,Yes,2,0,0,0,2,5,2,2,3,4,3,2024-09-01,Yes,0-1 yrs,18-24,Mid-Low,1,Master,70,High Risk,4.0
E00909,25,Male,Single,IT,IT Support,3,Technical Degree,Travel_Rarely,2,8818.0,14,2,No,6,5,0,4,4,1,3,4,2,2,3,2019-06-01,No,4-5 yrs,25-34,High,0,Bachelor,0,Low Risk,67.0
E00910,27,Male,Married,Sales,Manager,4,Marketing,Travel_Rarely,4,6544.0,15,1,Yes,9,5,0,5,2,3,3,4,2,3,3,2019-04-01,No,4-5 yrs,25-34,Mid-High,0,Master,25,Medium Risk,69.0
E00911,52,Male,Married,Sales,Manager,2,Human Resources,Travel_Frequently,2,7867.0,19,0,No,11,11,8,2,2,5,3,2,2,4,3,2013-10-01,No,10+ yrs,45-54,High,0,College,0,Low Risk,135.0
E00912,43,Female,Married,Sales,Sales Executive,5,Medical,Travel_Rarely,18,6141.0,24,1,Yes,11,8,0,0,3,0,2,3,4,3,3,2016-11-01,No,6-10 yrs,35-44,Mid-Low,0,Doctorate,45,Medium Risk,98.0
E00913,41,Male,Single,Sales,Manager,3,Other,Non-Travel,1,6607.0,17,1,No,4,4,3,0,3,0,4,2,4,3,3,2020-05-01,No,4-5 yrs,35-44,Mid-High,0,Bachelor,0,Low Risk,56.0
E00914,56,Female,Single,Sales,Sales Representative,3,Life Sciences,Travel_Rarely,1,5772.0,15,2,No,10,5,5,1,4,2,2,3,3,3,4,2019-04-01,No,4-5 yrs,55+,Mid-Low,0,Bachelor,20,Low Risk,69.0
E00915,31,Female,Married,Research & Development,Research Director,3,Business,Travel_Rarely,6,7179.0,17,0,No,0,0,0,0,1,1,3,4,4,2,3,2024-10-01,No,0-1 yrs,25-34,Mid-High,0,Bachelor,15,Low Risk,3.0
E00916,37,Male,Married,Finance,Accountant,4,Medical,Travel_Rarely,3,6690.0,14,2,No,3,2,1,0,3,3,3,4,2,4,4,2022-01-01,No,2-3 yrs,35-44,Mid-High,0,Master,0,Low Risk,36.0
E00917,47,Male,Single,Finance,Financial Analyst,3,Human Resources,Non-Travel,4,5960.0,11,1,No,13,6,4,4,2,1,3,1,4,4,3,2018-11-01,No,6-10 yrs,45-54,Mid-Low,0,Bachelor,0,Low Risk,74.0
E00918,52,Female,Single,Sales,Sales Representative,4,Human Resources,Travel_Rarely,4,8182.0,11,2,No,14,12,1,0,1,1,2,3,3,2,3,2012-08-01,No,10+ yrs,45-54,High,0,Master,20,Low Risk,149.0
E00919,26,Male,Married,Sales,Manager,2,Life Sciences,Travel_Rarely,1,6874.0,14,0,No,4,3,1,1,1,2,1,3,3,2,4,2021-06-01,No,2-3 yrs,25-34,Mid-High,0,College,20,Low Risk,43.0
E00920,34,Male,Divorced,Finance,Finance Manager,3,Other,Travel_Rarely,5,7417.0,18,0,Yes,10,7,0,0,2,0,2,3,1,1,3,2017-11-01,No,6-10 yrs,25-34,High,0,Bachelor,60,High Risk,86.0
E00921,52,Female,Married,IT,IT Manager,3,Medical,Travel_Rarely,1,7616.0,11,1,No,2,2,1,0,3,1,4,1,4,3,3,2022-03-01,No,2-3 yrs,45-54,High,0,Bachelor,0,Low Risk,34.0
E00922,31,Male,Single,Finance,Financial Analyst,3,Other,Non-Travel,3,8109.0,15,1,No,13,10,2,1,2,5,2,4,4,4,3,2014-01-01,No,6-10 yrs,25-34,High,0,Bachelor,20,Low Risk,132.0
E00923,25,Male,Married,Sales,Manager,4,Marketing,Non-Travel,8,6878.0,14,0,Yes,5,5,0,0,4,2,1,4,4,1,3,2019-05-01,Yes,4-5 yrs,25-34,Mid-High,1,Master,45,Medium Risk,68.0
E00924,19,Male,Married,Research & Development,Laboratory Technician,4,Other,Travel_Rarely,6,6074.0,14,0,No,1,1,0,0,3,2,3,1,3,2,4,2023-08-01,Yes,0-1 yrs,18-24,Mid-Low,1,Master,15,Low Risk,17.0
E00925,37,Female,Divorced,Research & Development,Research Director,2,Business,Travel_Rarely,5,8079.0,14,1,No,12,2,2,1,2,5,3,1,3,2,3,2022-04-01,No,2-3 yrs,35-44,High,0,College,0,Low Risk,33.0
E00926,25,Female,Married,IT,Software Engineer,4,Technical Degree,Travel_Rarely,1,5501.0,13,0,Yes,7,1,0,1,3,4,3,4,2,1,3,2023-07-01,No,0-1 yrs,25-34,Low,0,Master,55,High Risk,18.0
E00927,44,Male,Divorced,Research & Development,Laboratory Technician,3,Business,Travel_Rarely,29,6784.0,12,3,No,0,0,0,0,3,5,4,4,3,1,4,2024-01-01,No,0-1 yrs,35-44,Mid-High,0,Bachelor,25,Medium Risk,12.0
E00928,31,Male,Single,Research & Development,Research Scientist,4,Medical,Travel_Rarely,1,7021.0,14,1,No,4,3,1,2,1,2,4,4,1,3,3,2021-12-01,No,2-3 yrs,25-34,Mid-High,0,Master,15,Low Risk,37.0
E00929,43,Male,Married,Sales,Sales Representative,2,Medical,Travel_Frequently,3,5923.0,14,1,No,4,3,3,3,1,0,1,3,4,3,3,2021-01-01,No,2-3 yrs,35-44,Mid-Low,0,College,20,Low Risk,48.0
E00930,39,Male,Married,Sales,Sales Representative,3,Technical Degree,Non-Travel,5,6355.0,12,0,No,11,6,2,1,2,6,2,4,4,4,3,2018-04-01,No,6-10 yrs,35-44,Mid-Low,0,Bachelor,20,Low Risk,81.0
E00931,54,Male,Married,Research & Development,Research Scientist,5,Technical Degree,Travel_Rarely,10,7943.0,17,0,Yes,8,7,2,1,3,3,4,4,1,3,4,2017-04-01,No,6-10 yrs,45-54,High,0,Doctorate,40,Medium Risk,93.0
E00932,56,Male,Married,IT,IT Support,5,Medical,Travel_Rarely,6,6602.0,11,1,No,6,0,0,0,2,4,4,4,4,3,4,2024-10-01,No,0-1 yrs,55+,Mid-High,0,Doctorate,15,Low Risk,3.0
E00933,49,Male,Divorced,IT,Software Engineer,4,Marketing,Travel_Rarely,14,5514.0,24,1,No,6,5,5,0,4,6,4,4,3,3,1,2019-08-01,No,4-5 yrs,45-54,Low,0,Master,15,Low Risk,65.0
E00934,42,Female,Single,Sales,Sales Executive,3,Technical Degree,Travel_Rarely,1,5151.0,11,1,No,2,1,0,1,0,2,1,2,4,3,3,2023-07-01,Yes,0-1 yrs,35-44,Low,1,Bachelor,50,High Risk,18.0
E00935,23,Female,Single,Sales,Manager,2,Human Resources,Travel_Rarely,6,6199.0,11,1,Yes,5,5,5,0,4,0,1,3,2,4,3,2019-08-01,No,4-5 yrs,18-24,Mid-Low,0,College,45,Medium Risk,65.0
E00936,34,Female,Married,IT,Software Engineer,2,Other,Non-Travel,21,8914.0,15,2,No,16,16,5,0,2,0,3,3,3,3,3,2008-04-01,No,10+ yrs,25-34,High,0,College,10,Low Risk,201.0
E00937,20,Male,Divorced,Research & Development,Laboratory Technician,2,Technical Degree,Non-Travel,7,4818.0,11,0,No,2,0,0,0,2,6,2,4,1,4,3,2024-05-01,No,0-1 yrs,18-24,Low,0,College,65,High Risk,8.0
E00938,46,Male,Married,Research & Development,Manufacturing Director,4,Marketing,Non-Travel,23,6460.0,11,0,No,17,15,2,0,0,1,4,3,3,3,3,2009-06-01,No,10+ yrs,45-54,Mid-Low,0,Master,10,Low Risk,187.0
E00939,39,Female,Divorced,Research & Development,Research Director,3,Other,Travel_Rarely,2,6238.0,15,3,No,0,0,0,0,4,0,4,3,4,3,2,2024-01-01,Yes,0-1 yrs,35-44,Mid-Low,1,Bachelor,15,Low Risk,12.0
E00940,21,Male,Divorced,Research & Development,Research Director,2,Life Sciences,Travel_Rarely,9,6726.0,17,1,No,3,3,3,0,5,2,4,1,1,1,3,2021-01-01,No,2-3 yrs,18-24,Mid-High,0,College,15,Low Risk,48.0
E00941,35,Male,Single,Research & Development,Research Scientist,4,Medical,Non-Travel,10,7196.0,11,0,Yes,8,2,0,0,2,3,4,4,2,2,3,2022-03-01,No,2-3 yrs,35-44,Mid-High,0,Master,25,Medium Risk,34.0
E00942,33,Male,Married,Research & Development,Manufacturing Director,3,Medical,Travel_Rarely,3,7531.0,15,0,Yes,4,4,2,2,2,6,4,2,3,4,4,2020-04-01,No,4-5 yrs,25-34,High,0,Bachelor,25,Medium Risk,57.0
E00943,31,Male,Divorced,IT,IT Manager,2,Life Sciences,Travel_Rarely,1,7296.0,16,0,No,2,0,0,0,1,6,4,4,3,4,3,2024-07-01,No,0-1 yrs,25-34,Mid-High,0,College,15,Low Risk,6.0
E00944,37,Male,Married,Research & Development,Laboratory Technician,2,Human Resources,Travel_Rarely,12,6022.0,18,1,Yes,2,1,1,0,2,1,4,3,4,4,3,2023-11-01,No,0-1 yrs,35-44,Mid-Low,0,College,40,Medium Risk,14.0
E00945,28,Male,Single,IT,Software Engineer,4,Marketing,Non-Travel,4,8724.0,13,1,Yes,7,6,3,1,4,2,3,4,3,1,4,2018-10-01,No,6-10 yrs,25-34,High,0,Master,25,Medium Risk,75.0
E00946,40,Male,Married,Sales,Manager,3,Marketing,Travel_Rarely,6,4988.0,17,2,No,3,0,0,0,1,0,1,2,2,3,3,2024-06-01,No,0-1 yrs,35-44,Low,0,Bachelor,50,High Risk,7.0
E00947,43,Male,Married,Human Resources,HR Specialist,2,Business,Non-Travel,2,3761.73,16,1,Yes,1,1,0,0,3,1,1,4,4,3,3,2023-02-01,No,0-1 yrs,35-44,Low,0,College,75,High Risk,23.0
E00948,60,Male,Single,Marketing,Manager,3,Marketing,Travel_Rarely,13,4880.0,14,1,No,8,3,0,3,3,0,4,4,1,3,3,2021-05-01,No,2-3 yrs,55+,Low,0,Bachelor,30,Medium Risk,44.0
E00949,22,Female,Married,Sales,Sales Executive,1,Other,Travel_Rarely,2,4242.0,21,0,No,0,0,0,0,1,3,4,1,3,4,3,2024-08-01,No,0-1 yrs,18-24,Low,0,Below College,30,Medium Risk,5.0
E00950,42,Male,Married,Research & Development,Research Scientist,4,Other,Travel_Rarely,2,4281.0,17,1,Yes,2,2,2,0,5,3,4,4,2,3,4,2022-04-01,No,2-3 yrs,35-44,Low,0,Master,40,Medium Risk,33.0
E00951,18,Female,Divorced,Finance,Financial Analyst,2,Business,Travel_Rarely,10,7066.0,11,1,No,0,0,0,0,2,5,3,3,3,3,4,2024-11-01,Yes,0-1 yrs,18-24,Mid-High,1,College,15,Low Risk,2.0
E00952,41,Male,Single,IT,Data Analyst,4,Marketing,Travel_Frequently,26,6208.0,13,1,Yes,3,3,0,0,4,6,4,3,3,3,3,2021-03-01,No,2-3 yrs,35-44,Mid-Low,0,Master,35,Medium Risk,46.0
E00953,32,Female,Married,IT,IT Manager,5,Other,Travel_Rarely,1,7328.0,13,3,No,14,14,0,0,2,4,4,2,2,2,3,2010-03-01,No,10+ yrs,25-34,Mid-High,0,Doctorate,0,Low Risk,178.0
E00954,49,Female,Single,Sales,Sales Representative,4,Marketing,Travel_Frequently,9,6097.0,12,0,No,10,3,2,1,2,5,3,2,2,4,3,2021-09-01,No,2-3 yrs,45-54,Mid-Low,0,Master,0,Low Risk,40.0
E00955,32,Male,Divorced,Finance,Accountant,3,Technical Degree,Travel_Rarely,2,10136.03,17,0,Yes,14,14,0,2,5,6,3,2,3,1,3,2010-08-01,No,10+ yrs,25-34,High,0,Bachelor,25,Medium Risk,173.0
E00956,23,Female,Married,Sales,Sales Representative,3,Business,Travel_Rarely,10,4804.0,14,1,No,5,3,3,1,1,0,2,3,3,2,3,2021-12-01,Yes,2-3 yrs,18-24,Low,1,Bachelor,35,Medium Risk,37.0
E00957,29,Female,Married,Research & Development,Research Director,5,Life Sciences,Travel_Rarely,7,6820.0,17,0,Yes,0,0,0,0,4,6,2,4,3,4,3,2024-02-01,Yes,0-1 yrs,25-34,Mid-High,1,Doctorate,60,High Risk,11.0
E00958,35,Male,Divorced,Finance,Finance Manager,3,Human Resources,Travel_Rarely,1,8301.0,20,2,Yes,13,13,3,2,4,2,3,4,3,1,3,2011-05-01,No,10+ yrs,35-44,High,0,Bachelor,25,Medium Risk,164.0
E00959,27,Male,Divorced,Research & Development,Research Director,5,Technical Degree,Non-Travel,4,6571.0,19,0,No,4,0,0,0,3,5,2,1,4,2,3,2024-12-01,No,0-1 yrs,25-34,Mid-High,0,Doctorate,35,Medium Risk,1.0
E00960,43,Male,Married,Research & Development,Research Director,2,Technical Degree,Travel_Rarely,1,6416.0,11,2,Yes,8,3,3,2,3,0,4,1,3,3,2,2021-04-01,No,2-3 yrs,35-44,Mid-Low,0,College,25,Medium Risk,45.0
E00961,30,Male,Married,IT,IT Support,2,Business,Travel_Rarely,3,5129.0,16,0,Yes,7,0,0,0,3,3,4,4,3,1,3,2024-11-01,No,0-1 yrs,25-34,Low,0,College,55,High Risk,2.0
E00962,40,Male,Divorced,Sales,Manager,4,Life Sciences,Travel_Rarely,8,8162.0,20,0,No,8,2,1,0,0,0,4,4,1,1,3,2022-07-01,No,2-3 yrs,35-44,High,0,Master,15,Low Risk,30.0
E00963,36,Male,Married,Marketing,Marketing Executive,2,Medical,Travel_Rarely,29,4330.0,18,0,No,4,1,1,1,3,0,4,3,1,4,2,2023-09-01,Yes,0-1 yrs,35-44,Low,1,College,55,High Risk,16.0
E00964,44,Male,Married,Sales,Sales Representative,4,Technical Degree,Non-Travel,1,3761.73,22,1,No,10,2,2,1,1,4,3,3,3,4,4,2022-01-01,No,2-3 yrs,35-44,Low,0,Master,15,Low Risk,36.0
E00965,37,Male,Married,Finance,Financial Analyst,4,Marketing,Non-Travel,9,7774.0,15,1,No,6,5,5,1,2,4,3,4,3,3,3,2019-09-01,No,4-5 yrs,35-44,High,0,Master,0,Low Risk,64.0
E00966,41,Male,Married,Research & Development,Manufacturing Director,4,Life Sciences,Travel_Rarely,1,6303.0,13,1,No,10,4,1,3,2,4,4,2,3,4,3,2020-03-01,No,4-5 yrs,35-44,Mid-Low,0,Master,0,Low Risk,58.0
E00967,34,Male,Married,Research & Development,Research Scientist,1,Technical Degree,Travel_Rarely,1,6479.0,12,1,No,6,0,0,0,6,0,2,2,3,2,3,2024-02-01,No,0-1 yrs,25-34,Mid-Low,0,Below College,35,Medium Risk,11.0
E00968,36,Male,Married,Sales,Sales Executive,3,Medical,Non-Travel,1,6324.0,15,3,No,0,0,0,0,6,4,1,1,4,2,4,2024-06-01,Yes,0-1 yrs,35-44,Mid-Low,1,Bachelor,35,Medium Risk,7.0
E00969,49,Male,Married,Sales,Manager,4,Medical,Travel_Rarely,11,6085.0,19,0,No,10,7,2,0,2,1,1,4,4,3,2,2017-10-01,No,6-10 yrs,45-54,Mid-Low,0,Master,20,Low Risk,87.0
E00970,44,Male,Single,Human Resources,HR Executive,3,Other,Travel_Rarely,7,4074.0,17,1,No,4,1,1,0,2,0,3,4,3,3,2,2023-01-01,No,0-1 yrs,35-44,Low,0,Bachelor,30,Medium Risk,24.0
E00971,27,Male,Married,Sales,Sales Representative,3,Technical Degree,Travel_Rarely,6,7866.0,15,0,No,9,9,5,2,1,6,4,3,2,4,3,2015-09-01,No,6-10 yrs,25-34,High,0,Bachelor,0,Low Risk,112.0
E00972,19,Female,Divorced,Research & Development,Research Scientist,1,Marketing,Travel_Rarely,2,6101.0,20,0,No,1,1,1,1,0,4,3,4,2,4,3,2023-01-01,Yes,0-1 yrs,18-24,Mid-Low,1,Below College,15,Low Risk,24.0
E00973,24,Male,Divorced,IT,IT Support,3,Medical,Travel_Frequently,13,6822.0,20,1,No,0,0,0,0,3,0,2,3,3,2,3,2024-09-01,No,0-1 yrs,18-24,Mid-High,0,Bachelor,35,Medium Risk,4.0
E00974,45,Male,Single,Finance,Accountant,1,Medical,Travel_Frequently,8,6392.0,16,1,Yes,0,0,0,0,3,2,4,3,2,3,4,2024-03-01,Yes,0-1 yrs,45-54,Mid-Low,1,Below College,40,Medium Risk,10.0
E00975,35,Male,Divorced,Sales,Sales Executive,2,Life Sciences,Non-Travel,9,5597.0,14,0,No,4,3,2,3,5,3,4,3,3,2,3,2021-01-01,No,2-3 yrs,35-44,Low,0,College,15,Low Risk,48.0
E00976,35,Male,Single,Research & Development,Research Director,2,Marketing,Travel_Rarely,1,6718.0,18,1,No,4,1,0,1,3,0,4,3,1,3,2,2023-04-01,Yes,0-1 yrs,35-44,Mid-High,1,College,30,Medium Risk,21.0
E00977,27,Male,Divorced,Finance,Accountant,4,Marketing,Travel_Rarely,5,7411.0,18,0,No,7,6,2,2,3,2,3,3,1,3,3,2018-06-01,No,6-10 yrs,25-34,High,0,Master,15,Low Risk,79.0
E00978,30,Female,Divorced,Finance,Finance Manager,4,Human Resources,Travel_Frequently,1,8300.0,16,0,No,12,12,2,1,9,2,3,4,2,2,3,2012-09-01,No,10+ yrs,25-34,High,0,Master,0,Low Risk,148.0
E00979,38,Female,Single,Finance,Accountant,2,Human Resources,Travel_Rarely,2,6637.0,12,0,No,4,4,4,1,6,1,2,2,2,3,3,2020-01-01,No,4-5 yrs,35-44,Mid-High,0,College,20,Low Risk,60.0
E00980,38,Male,Married,Finance,Finance Manager,4,Human Resources,Travel_Rarely,6,4996.0,19,0,No,10,5,0,0,1,4,2,4,3,3,4,2019-01-01,No,4-5 yrs,35-44,Low,0,Master,35,Medium Risk,72.0
E00981,39,Male,Single,Sales,Manager,3,Business,Travel_Rarely,1,7146.0,11,0,No,19,11,0,0,0,1,4,1,3,3,3,2013-09-01,No,10+ yrs,35-44,Mid-High,0,Bachelor,0,Low Risk,136.0
E00982,45,Male,Married,Sales,Sales Representative,2,Human Resources,Travel_Rarely,5,4678.0,19,1,No,8,3,3,0,3,2,3,3,2,1,1,2021-03-01,No,2-3 yrs,45-54,Low,0,College,15,Low Risk,46.0
E00983,43,Male,Divorced,Sales,Sales Representative,4,Medical,Non-Travel,7,8090.0,11,1,No,11,11,0,4,2,6,3,4,1,3,2,2013-01-01,No,10+ yrs,35-44,High,0,Master,15,Low Risk,144.0
E00984,46,Male,Single,Sales,Sales Executive,2,Marketing,Non-Travel,4,6402.0,13,2,No,7,7,0,0,1,5,4,3,4,3,2,2017-06-01,Yes,6-10 yrs,45-54,Mid-Low,1,College,0,Low Risk,91.0
E00985,45,Female,Married,Sales,Manager,4,Other,Travel_Rarely,10,5378.0,15,0,No,5,3,0,3,1,0,4,4,3,2,4,2021-02-01,No,2-3 yrs,45-54,Low,0,Master,15,Low Risk,46.9
E00986,42,Female,Married,Marketing,Manager,4,Marketing,Travel_Rarely,7,10136.03,16,2,No,24,24,0,0,2,5,3,1,4,4,4,2005-05-01,No,10+ yrs,35-44,High,0,Master,0,Low Risk,236.0
E00987,31,Male,Single,Finance,Financial Analyst,3,Life Sciences,Travel_Rarely,11,5925.0,11,0,No,4,2,2,0,5,6,4,3,4,2,2,2022-07-01,Yes,2-3 yrs,25-34,Mid-Low,1,Bachelor,0,Low Risk,30.0
E00988,39,Male,Divorced,Finance,Financial Analyst,3,Business,Non-Travel,1,5310.0,22,0,No,5,0,0,0,7,5,3,1,2,2,3,2024-09-01,Yes,0-1 yrs,35-44,Low,1,Bachelor,30,Medium Risk,4.0
E00989,41,Female,Married,Research & Development,Research Director,4,Life Sciences,Non-Travel,3,8092.0,18,0,No,9,7,0,2,2,1,3,2,3,3,2,2017-10-01,No,6-10 yrs,35-44,High,0,Master,0,Low Risk,87.0
E00990,25,Female,Married,Sales,Sales Representative,3,Medical,Non-Travel,18,5258.0,21,0,Yes,7,6,1,5,4,0,2,1,2,4,3,2018-04-01,No,6-10 yrs,25-34,Low,0,Bachelor,60,High Risk,81.0
E00991,45,Male,Married,Sales,Sales Representative,3,Human Resources,Travel_Rarely,6,6412.0,12,0,Yes,2,2,2,2,0,4,3,2,3,4,2,2022-03-01,No,2-3 yrs,45-54,Mid-Low,0,Bachelor,25,Medium Risk,34.0
E00992,35,Male,Single,Finance,Financial Analyst,3,Business,Travel_Frequently,29,4838.0,11,0,No,6,1,0,0,2,4,1,4,2,1,3,2023-08-01,No,0-1 yrs,35-44,Low,0,Bachelor,60,High Risk,17.0
E00993,29,Male,Married,Research & Development,Research Scientist,2,Marketing,Travel_Frequently,8,5339.0,12,0,Yes,2,2,1,2,0,5,3,3,3,2,3,2022-06-01,No,2-3 yrs,25-34,Low,0,College,40,Medium Risk,31.0
E00994,52,Female,Married,Research & Development,Manufacturing Director,3,Life Sciences,Non-Travel,25,4903.0,18,0,No,5,3,1,3,2,3,3,3,1,3,3,2021-08-01,No,2-3 yrs,45-54,Low,0,Bachelor,40,Medium Risk,41.0
E00995,30,Female,Single,Research & Development,Research Scientist,3,Business,Non-Travel,3,4920.0,20,1,No,12,2,2,0,7,4,4,4,2,4,3,2022-03-01,No,2-3 yrs,25-34,Low,0,Bachelor,15,Low Risk,34.0
E00996,33,Male,Married,Marketing,Marketing Analyst,3,Marketing,Travel_Frequently,6,5552.0,18,1,No,8,6,6,0,4,2,3,4,2,2,3,2018-01-01,No,6-10 yrs,25-34,Low,0,Bachelor,15,Low Risk,84.0
E00997,35,Female,Married,Sales,Manager,2,Business,Travel_Frequently,1,8369.0,15,0,Yes,17,15,1,1,1,4,4,3,3,3,3,2009-09-01,Yes,10+ yrs,35-44,High,1,College,25,Medium Risk,184.0
E00998,48,Male,Divorced,Sales,Sales Representative,4,Other,Travel_Rarely,3,7066.0,11,1,Yes,4,2,0,2,3,2,3,1,2,2,3,2022-02-01,No,2-3 yrs,45-54,Mid-High,0,Master,25,Medium Risk,35.0
E00999,23,Male,Married,Research & Development,Manufacturing Director,4,Human Resources,Travel_Rarely,2,5552.0,16,1,No,3,2,0,1,1,0,4,3,2,2,2,2022-02-01,No,2-3 yrs,18-24,Low,0,Master,15,Low Risk,35.0
E01000,26,Male,Divorced,Sales,Sales Executive,4,Marketing,Travel_Frequently,7,5983.0,11,1,Yes,6,3,0,1,3,5,1,1,2,3,3,2021-03-01,Yes,2-3 yrs,25-34,Mid-Low,1,Master,45,Medium Risk,46.0
E01001,25,Male,Single,Research & Development,Research Director,4,Human Resources,Travel_Frequently,19,5404.0,11,0,No,1,1,1,0,2,3,4,1,2,2,4,2023-10-01,No,0-1 yrs,25-34,Low,0,Master,30,Medium Risk,15.0
E01002,33,Female,Single,Research & Development,Research Director,3,Other,Non-Travel,3,5415.0,20,0,Yes,6,2,1,0,7,5,3,3,3,4,3,2022-03-01,Yes,2-3 yrs,25-34,Low,1,Bachelor,40,Medium Risk,34.0
E01003,45,Male,Married,Sales,Sales Representative,2,Medical,Travel_Rarely,8,4588.0,12,2,No,5,0,0,0,4,3,1,4,2,2,3,2024-03-01,Yes,0-1 yrs,45-54,Low,1,College,50,High Risk,10.0
E01004,43,Female,Divorced,Finance,Financial Analyst,3,Medical,Travel_Rarely,18,6410.0,16,2,No,6,0,0,0,2,2,3,3,2,2,3,2024-06-01,No,0-1 yrs,35-44,Mid-Low,0,Bachelor,15,Low Risk,7.0
E01005,41,Male,Single,Sales,Manager,4,Medical,Travel_Rarely,1,5773.0,11,1,No,6,4,2,2,3,4,3,3,4,2,3,2020-08-01,No,4-5 yrs,35-44,Mid-Low,0,Master,0,Low Risk,53.0
E01006,20,Male,Single,Human Resources,HR Executive,3,Business,Travel_Rarely,12,5817.0,15,0,Yes,2,2,0,1,0,1,1,2,1,3,3,2022-10-01,Yes,2-3 yrs,18-24,Mid-Low,1,Bachelor,60,High Risk,27.0
E01007,45,Female,Married,Research & Development,Laboratory Technician,4,Medical,Non-Travel,14,6004.0,17,2,Yes,6,6,6,0,4,1,4,1,2,3,3,2018-11-01,No,6-10 yrs,45-54,Mid-Low,0,Master,25,Medium Risk,74.0
E01008,28,Male,Married,Finance,Finance Manager,5,Business,Non-Travel,13,8087.0,16,2,Yes,1,1,1,1,0,4,4,4,3,3,1,2023-05-01,No,0-1 yrs,25-34,High,0,Doctorate,40,Medium Risk,20.0
E01009,36,Male,Married,Research & Development,Research Scientist,2,Business,Travel_Rarely,1,5796.0,11,3,No,2,1,1,0,6,5,1,1,3,2,3,2023-06-01,No,0-1 yrs,35-44,Mid-Low,0,College,35,Medium Risk,19.0
E01010,28,Male,Married,Finance,Finance Manager,3,Life Sciences,Travel_Rarely,3,6448.0,16,0,No,9,8,1,2,1,1,4,2,1,2,3,2016-01-01,No,6-10 yrs,25-34,Mid-Low,0,Bachelor,15,Low Risk,108.0
E01011,35,Male,Married,Research & Development,Research Scientist,2,Business,Travel_Rarely,11,8528.0,19,1,No,13,12,5,0,0,5,3,4,3,3,4,2012-08-01,No,10+ yrs,35-44,High,0,College,0,Low Risk,149.0
E01012,44,Male,Married,Finance,Accountant,3,Human Resources,Travel_Rarely,29,8082.0,17,0,No,16,10,1,0,4,1,2,4,3,4,2,2014-04-01,No,6-10 yrs,35-44,High,0,Bachelor,30,Medium Risk,129.0
E01013,36,Female,Married,Sales,Sales Representative,3,Life Sciences,Travel_Rarely,24,5973.0,18,0,No,9,4,3,0,5,3,3,1,2,1,4,2020-10-01,No,4-5 yrs,35-44,Mid-Low,0,Bachelor,10,Low Risk,51.0
E01014,38,Female,Married,Sales,Sales Representative,4,Medical,Non-Travel,3,6079.0,11,2,No,2,1,0,1,4,1,3,3,3,2,2,2023-02-01,No,0-1 yrs,35-44,Mid-Low,0,Master,15,Low Risk,23.0
E01015,35,Male,Married,Human Resources,HR Specialist,2,Other,Travel_Frequently,3,4477.0,11,3,No,9,8,0,1,3,0,3,2,3,2,2,2016-05-01,No,6-10 yrs,35-44,Low,0,College,15,Low Risk,104.0
E01016,44,Female,Married,Sales,Sales Executive,4,Other,Travel_Frequently,1,7819.0,15,0,Yes,13,12,1,1,3,0,2,2,1,2,3,2012-05-01,Yes,10+ yrs,35-44,High,1,Master,60,High Risk,152.0
E01017,33,Female,Married,Marketing,Manager,3,Medical,Non-Travel,17,4980.0,13,1,No,8,4,1,2,3,2,1,2,3,4,3,2020-04-01,No,4-5 yrs,25-34,Low,0,Bachelor,35,Medium Risk,57.0
E01018,21,Female,Divorced,Sales,Sales Representative,4,Medical,Travel_Rarely,4,5402.0,15,0,No,2,1,1,0,2,3,3,3,3,2,3,2023-11-01,No,0-1 yrs,18-24,Low,0,Master,30,Medium Risk,14.0
E01019,33,Male,Married,Marketing,Manager,1,Life Sciences,Non-Travel,7,5195.0,21,0,No,2,2,2,2,3,4,2,4,3,2,3,2022-05-01,No,2-3 yrs,25-34,Low,0,Below College,35,Medium Risk,32.0
E01020,18,Female,Single,Finance,Finance Manager,5,Other,Travel_Rarely,1,7224.0,11,0,No,0,0,0,0,2,1,1,3,3,2,3,2024-03-01,Yes,0-1 yrs,18-24,Mid-High,1,Doctorate,35,Medium Risk,10.0
E01021,37,Female,Divorced,Research & Development,Research Scientist,3,Business,Travel_Rarely,9,7024.0,21,0,No,2,1,1,0,1,5,2,4,4,3,1,2023-04-01,No,0-1 yrs,35-44,Mid-High,0,Bachelor,35,Medium Risk,21.0
E01022,52,Female,Married,Human Resources,Manager,4,Life Sciences,Non-Travel,1,8918.0,15,1,No,31,18,1,0,4,0,4,4,3,2,2,2006-03-01,No,10+ yrs,45-54,High,0,Master,0,Low Risk,226.0
E01023,44,Female,Single,IT,Software Engineer,3,Life Sciences,Travel_Rarely,14,9618.0,20,0,Yes,14,14,2,1,1,5,2,2,4,3,3,2010-06-01,No,10+ yrs,35-44,High,0,Bachelor,45,Medium Risk,175.0
E01024,40,Male,Single,Research & Development,Manufacturing Director,3,Other,Travel_Rarely,29,6601.0,15,3,No,10,2,0,2,1,3,4,3,2,3,3,2022-06-01,No,2-3 yrs,35-44,Mid-High,0,Bachelor,10,Low Risk,31.0
E01025,38,Female,Single,Finance,Finance Manager,2,Medical,Travel_Rarely,8,5239.0,18,0,No,7,0,0,0,2,1,2,4,2,3,3,2024-07-01,No,0-1 yrs,35-44,Low,0,College,50,High Risk,6.0
E01026,18,Male,Divorced,Research & Development,Laboratory Technician,2,Other,Travel_Rarely,4,5241.0,12,2,No,0,0,0,0,3,6,4,1,3,3,3,2024-04-01,No,0-1 yrs,18-24,Low,0,College,30,Medium Risk,9.0
E01027,51,Male,Single,IT,Data Analyst,3,Technical Degree,Travel_Rarely,7,8697.0,11,0,No,3,3,3,0,1,6,3,1,1,4,3,2021-06-01,Yes,2-3 yrs,45-54,High,1,Bachelor,15,Low Risk,43.0
E01028,32,Male,Married,Finance,Finance Manager,3,Business,Travel_Rarely,1,6699.0,13,1,No,0,0,0,0,1,3,4,3,3,3,3,2024-04-01,No,0-1 yrs,25-34,Mid-High,0,Bachelor,15,Low Risk,9.0
E01029,37,Female,Single,Finance,Financial Analyst,4,Marketing,Travel_Rarely,7,5641.0,11,0,No,5,0,0,0,2,6,3,3,3,4,3,2024-04-01,Yes,0-1 yrs,35-44,Low,1,Master,30,Medium Risk,9.0
E01030,41,Male,Married,Sales,Sales Executive,2,Other,Non-Travel,23,4774.0,11,2,No,5,4,2,1,4,4,2,4,3,3,4,2020-05-01,Yes,4-5 yrs,35-44,Low,1,College,45,Medium Risk,56.0
E01031,52,Male,Divorced,Research & Development,Research Director,4,Marketing,Travel_Rarely,1,10136.03,11,1,No,22,20,4,0,2,3,3,3,2,4,3,2005-03-01,No,10+ yrs,45-54,High,0,Master,0,Low Risk,238.0
E01032,42,Male,Married,Research & Development,Manufacturing Director,4,Business,Travel_Frequently,1,6642.0,14,1,No,14,9,3,0,1,6,4,4,2,1,3,2015-10-01,No,6-10 yrs,35-44,Mid-High,0,Master,0,Low Risk,111.0
E01033,31,Female,Single,Research & Development,Research Director,2,Marketing,Travel_Frequently,5,7544.0,11,0,No,12,6,1,0,2,0,1,4,1,4,3,2018-09-01,No,6-10 yrs,25-34,High,0,College,35,Medium Risk,76.0
E01034,34,Female,Single,Sales,Sales Executive,3,Human Resources,Travel_Rarely,1,6499.0,11,1,No,3,1,0,0,2,5,3,1,3,2,1,2023-07-01,No,0-1 yrs,25-34,Mid-Low,0,Bachelor,15,Low Risk,18.0
E01035,26,Male,Divorced,IT,IT Manager,2,Other,Travel_Rarely,2,6964.0,16,0,No,8,4,0,0,1,3,3,1,4,2,3,2020-09-01,No,4-5 yrs,25-34,Mid-High,0,College,0,Low Risk,52.0
E01036,18,Male,Married,Sales,Manager,2,Business,Non-Travel,1,4818.0,18,1,No,0,0,0,0,4,2,2,3,2,4,3,2024-09-01,Yes,0-1 yrs,18-24,Low,1,College,50,High Risk,4.0
E01037,43,Female,Single,Marketing,Marketing Executive,4,Medical,Non-Travel,29,6845.0,15,0,No,3,1,0,1,3,4,3,1,3,3,3,2023-08-01,Yes,0-1 yrs,35-44,Mid-High,1,Master,25,Medium Risk,17.0
E01038,30,Male,Married,Research & Development,Research Director,4,Marketing,Travel_Rarely,1,8192.0,14,0,No,5,4,0,1,2,0,2,2,2,2,3,2020-08-01,No,4-5 yrs,25-34,High,0,Master,20,Low Risk,53.0
E01039,31,Male,Married,Finance,Finance Manager,5,Human Resources,Travel_Frequently,17,7935.0,11,0,No,5,3,1,0,2,4,3,4,3,3,3,2021-09-01,No,2-3 yrs,25-34,High,0,Doctorate,0,Low Risk,40.0
E01040,27,Male,Married,Sales,Sales Executive,4,Business,Travel_Rarely,2,7208.0,18,0,No,9,9,0,0,3,6,4,2,3,4,3,2015-07-01,No,6-10 yrs,25-34,Mid-High,0,Master,0,Low Risk,114.0
E01041,56,Male,Single,Finance,Finance Manager,4,Medical,Travel_Rarely,14,6542.0,13,0,No,0,0,0,0,3,5,4,3,2,3,3,2024-09-01,No,0-1 yrs,55+,Mid-High,0,Master,15,Low Risk,4.0
E01042,40,Male,Married,Sales,Manager,2,Life Sciences,Travel_Rarely,1,7824.0,21,0,No,12,7,1,4,3,6,3,4,3,3,3,2017-07-01,No,6-10 yrs,35-44,High,0,College,0,Low Risk,90.0
E01043,42,Male,Married,IT,IT Manager,3,Marketing,Travel_Rarely,9,6766.0,18,0,Yes,3,3,0,1,3,6,3,2,3,3,4,2021-07-01,No,2-3 yrs,35-44,Mid-High,0,Bachelor,25,Medium Risk,42.0
E01044,33,Male,Married,Finance,Finance Manager,3,Business,Travel_Rarely,25,6512.0,13,0,No,11,9,0,1,3,0,2,4,2,3,3,2015-10-01,No,6-10 yrs,25-34,Mid-Low,0,Bachelor,30,Medium Risk,111.0
E01045,48,Female,Married,Research & Development,Manufacturing Director,4,Marketing,Travel_Frequently,7,8937.0,13,1,Yes,8,4,2,0,6,4,2,1,1,3,3,2020-07-01,No,4-5 yrs,45-54,High,0,Master,60,High Risk,54.0
E01046,42,Male,Single,Sales,Sales Representative,4,Technical Degree,Travel_Frequently,2,7511.0,14,0,No,11,11,1,0,2,4,1,1,3,3,3,2013-03-01,No,10+ yrs,35-44,High,0,Master,20,Low Risk,142.0
E01047,36,Female,Married,Marketing,Manager,1,Life Sciences,Travel_Rarely,13,7632.0,11,0,No,6,5,5,2,0,2,1,3,4,2,4,2019-12-01,No,4-5 yrs,35-44,High,0,Below College,20,Low Risk,61.0
E01048,36,Female,Married,Research & Development,Research Scientist,3,Other,Travel_Rarely,12,7267.0,11,0,No,3,3,2,1,1,0,4,1,2,2,3,2021-02-01,No,2-3 yrs,35-44,Mid-High,0,Bachelor,0,Low Risk,46.9
E01049,30,Male,Single,IT,Software Engineer,3,Human Resources,Travel_Rarely,1,6780.0,11,0,No,5,4,2,0,0,5,4,3,3,2,4,2020-12-01,No,4-5 yrs,25-34,Mid-High,0,Bachelor,0,Low Risk,49.0
E01050,48,Male,Married,Finance,Finance Manager,4,Technical Degree,Travel_Rarely,13,6818.0,15,2,Yes,2,1,0,1,2,3,2,4,4,2,3,2023-09-01,No,0-1 yrs,45-54,Mid-High,0,Master,60,High Risk,16.0
E01051,49,Male,Single,Research & Development,Manufacturing Director,3,Human Resources,Travel_Rarely,5,6474.0,11,0,No,5,0,0,0,4,1,2,4,3,2,3,2024-01-01,No,0-1 yrs,45-54,Mid-Low,0,Bachelor,35,Medium Risk,12.0
E01052,59,Female,Divorced,IT,IT Support,3,Marketing,Travel_Rarely,8,7487.0,18,1,No,8,5,4,0,0,5,3,3,1,3,3,2019-12-01,No,4-5 yrs,55+,High,0,Bachelor,15,Low Risk,61.0
E01053,18,Male,Divorced,IT,IT Manager,4,Business,Travel_Rarely,6,6358.0,14,0,No,0,0,0,0,2,3,3,1,1,3,3,2024-07-01,No,0-1 yrs,18-24,Mid-Low,0,Master,30,Medium Risk,6.0
E01054,27,Female,Married,Human Resources,HR Executive,3,Technical Degree,Non-Travel,9,6245.0,11,0,No,2,2,0,2,3,0,3,1,3,2,3,2022-10-01,No,2-3 yrs,25-34,Mid-Low,0,Bachelor,0,Low Risk,27.0
E01055,32,Male,Single,Sales,Sales Executive,5,Medical,Non-Travel,6,4835.0,12,0,No,2,1,0,0,1,4,4,1,3,3,4,2023-03-01,No,0-1 yrs,25-34,Low,0,Doctorate,30,Medium Risk,22.0
E01056,32,Female,Divorced,Sales,Sales Representative,3,Medical,Travel_Frequently,1,6953.0,14,3,Yes,7,4,0,0,1,6,4,1,3,2,3,2020-08-01,No,4-5 yrs,25-34,Mid-High,0,Bachelor,25,Medium Risk,53.0
E01057,36,Female,Married,Human Resources,HR Executive,3,Technical Degree,Travel_Rarely,9,3776.0,15,2,No,5,3,1,1,4,6,2,4,1,3,2,2021-06-01,No,2-3 yrs,35-44,Low,0,Bachelor,50,High Risk,43.0
E01058,31,Male,Single,Sales,Sales Representative,3,Medical,Travel_Frequently,15,5403.0,17,0,Yes,10,9,1,0,1,3,4,4,1,1,3,2015-05-01,No,6-10 yrs,25-34,Low,0,Bachelor,55,High Risk,116.0
E01059,47,Male,Divorced,Research & Development,Laboratory Technician,3,Medical,Travel_Rarely,10,7504.0,19,1,No,5,5,5,0,4,6,2,3,3,2,3,2019-12-01,No,4-5 yrs,45-54,High,0,Bachelor,20,Low Risk,61.0
E01060,52,Male,Divorced,Sales,Sales Representative,2,Other,Travel_Frequently,3,5299.0,11,0,Yes,9,8,1,4,1,0,3,3,1,1,3,2016-02-01,No,6-10 yrs,45-54,Low,0,College,55,High Risk,107.0
E01061,56,Male,Married,Human Resources,Manager,5,Life Sciences,Non-Travel,3,7668.0,14,0,No,6,5,2,1,3,2,4,4,3,4,3,2019-06-01,No,4-5 yrs,55+,High,0,Doctorate,0,Low Risk,67.0
E01062,36,Male,Divorced,Finance,Financial Analyst,3,Technical Degree,Travel_Rarely,16,8418.0,23,1,Yes,2,2,2,2,0,6,2,1,2,4,3,2022-06-01,No,2-3 yrs,35-44,High,0,Bachelor,45,Medium Risk,31.0
E01063,28,Male,Married,Sales,Manager,4,Human Resources,Travel_Rarely,1,4592.0,11,0,No,1,1,1,1,2,2,2,2,3,3,3,2023-01-01,No,0-1 yrs,25-34,Low,0,Master,50,High Risk,24.0
E01064,49,Male,Divorced,Research & Development,Research Director,2,Business,Travel_Rarely,14,6907.0,14,2,No,1,0,0,0,1,6,4,2,2,3,3,2024-01-01,No,0-1 yrs,45-54,Mid-High,0,College,15,Low Risk,12.0
E01065,26,Male,Married,Research & Development,Research Director,3,Other,Travel_Rarely,13,5348.0,19,0,Yes,1,1,1,1,2,0,4,3,3,3,4,2023-11-01,Yes,0-1 yrs,25-34,Low,1,Bachelor,55,High Risk,14.0
E01066,38,Female,Married,Research & Development,Research Scientist,3,Human Resources,Travel_Rarely,1,8506.0,15,0,No,12,9,0,0,4,4,2,4,3,3,4,2015-05-01,No,6-10 yrs,35-44,High,0,Bachelor,20,Low Risk,116.0
E01067,38,Female,Single,Finance,Financial Analyst,1,Technical Degree,Non-Travel,10,10136.03,14,1,No,20,19,1,2,1,2,4,2,3,4,4,2005-05-01,No,10+ yrs,35-44,High,0,Below College,0,Low Risk,236.0
E01068,43,Male,Single,Marketing,Marketing Executive,3,Technical Degree,Travel_Rarely,7,5268.0,20,0,No,2,2,2,0,1,0,3,3,3,2,3,2022-09-01,No,2-3 yrs,35-44,Low,0,Bachelor,15,Low Risk,28.0
E01069,31,Female,Divorced,Sales,Manager,3,Human Resources,Travel_Rarely,6,6981.0,13,1,No,11,9,1,3,7,4,4,2,3,3,3,2015-07-01,No,6-10 yrs,25-34,Mid-High,0,Bachelor,0,Low Risk,114.0
E01070,38,Female,Divorced,Research & Development,Manufacturing Director,2,Other,Non-Travel,2,6875.0,13,2,No,8,1,1,0,2,6,2,3,4,3,3,2023-10-01,Yes,0-1 yrs,35-44,Mid-High,1,College,35,Medium Risk,15.0
E01071,36,Male,Married,Research & Development,Manufacturing Director,5,Business,Travel_Frequently,3,7912.0,19,0,No,8,1,1,1,2,5,2,4,2,2,3,2023-10-01,No,0-1 yrs,35-44,High,0,Doctorate,35,Medium Risk,15.0
E01072,52,Male,Married,Sales,Sales Representative,2,Human Resources,Travel_Frequently,14,7944.0,11,0,Yes,15,12,2,1,4,1,3,3,3,3,4,2012-04-01,No,10+ yrs,45-54,High,0,College,25,Medium Risk,153.0
E01073,47,Female,Married,IT,IT Manager,2,Business,Travel_Frequently,1,7667.0,17,1,No,5,3,0,0,5,2,4,1,1,3,4,2021-08-01,No,2-3 yrs,45-54,High,0,College,15,Low Risk,41.0
E01074,27,Female,Divorced,Human Resources,Manager,3,Other,Travel_Rarely,8,6357.0,19,0,No,2,1,0,0,5,0,4,4,1,1,4,2023-08-01,Yes,0-1 yrs,25-34,Mid-Low,1,Bachelor,30,Medium Risk,17.0
E01075,41,Male,Married,Sales,Sales Representative,3,Medical,Travel_Rarely,1,6374.0,20,1,No,6,4,4,0,2,2,4,4,3,4,3,2020-04-01,No,4-5 yrs,35-44,Mid-Low,0,Bachelor,0,Low Risk,57.0
E01076,39,Male,Married,Finance,Finance Manager,4,Other,Travel_Rarely,1,7816.0,11,0,No,17,9,4,0,2,6,3,4,2,3,3,2015-01-01,No,6-10 yrs,35-44,High,0,Master,0,Low Risk,120.0
E01077,41,Male,Single,Research & Development,Research Director,3,Life Sciences,Travel_Frequently,1,7044.0,16,0,No,1,1,1,0,1,6,4,4,3,3,3,2023-07-01,Yes,0-1 yrs,35-44,Mid-High,1,Bachelor,15,Low Risk,18.0
E01078,39,Female,Single,Research & Development,Research Scientist,4,Medical,Travel_Rarely,1,7535.0,11,1,No,12,12,1,0,1,6,4,1,3,3,3,2012-08-01,No,10+ yrs,35-44,High,0,Master,0,Low Risk,149.0
E01079,31,Male,Married,Research & Development,Research Scientist,5,Life Sciences,Travel_Frequently,17,8451.0,18,1,No,5,5,4,1,2,0,2,4,2,3,3,2019-08-01,No,4-5 yrs,25-34,High,0,Doctorate,20,Low Risk,65.0
E01080,38,Female,Married,Research & Development,Laboratory Technician,2,Other,Travel_Rarely,17,5816.0,15,2,No,2,0,0,0,4,5,3,4,3,2,2,2024-08-01,No,0-1 yrs,35-44,Mid-Low,0,College,15,Low Risk,5.0
E01081,56,Male,Married,Sales,Sales Executive,3,Technical Degree,Travel_Rarely,5,5706.0,16,0,Yes,0,0,0,0,3,2,2,1,3,3,4,2024-07-01,No,0-1 yrs,55+,Mid-Low,0,Bachelor,60,High Risk,6.0
E01082,18,Female,Divorced,Sales,Manager,4,Life Sciences,Travel_Frequently,14,5461.0,11,1,Yes,0,0,0,0,2,0,3,3,2,3,3,2024-05-01,Yes,0-1 yrs,18-24,Low,1,Master,55,High Risk,8.0
E01083,36,Male,Married,Research & Development,Research Director,4,Human Resources,Travel_Frequently,6,6125.0,18,2,No,5,4,0,0,4,3,4,1,3,3,3,2020-01-01,No,4-5 yrs,35-44,Mid-Low,0,Master,0,Low Risk,60.0
E01084,35,Male,Single,Sales,Sales Representative,4,Life Sciences,Non-Travel,3,5909.0,11,0,No,3,0,0,0,3,5,2,3,2,3,2,2024-04-01,Yes,0-1 yrs,35-44,Mid-Low,1,Master,35,Medium Risk,9.0
E01085,18,Male,Married,Marketing,Marketing Executive,2,Human Resources,Non-Travel,6,5330.0,17,0,No,0,0,0,0,0,6,4,4,1,3,4,2024-03-01,Yes,0-1 yrs,18-24,Low,1,College,45,Medium Risk,10.0
E01086,31,Male,Single,Human Resources,Manager,3,Business,Travel_Rarely,4,5019.0,19,1,Yes,8,7,6,0,4,4,4,4,4,1,3,2017-08-01,No,6-10 yrs,25-34,Low,0,Bachelor,40,Medium Risk,89.0
E01087,25,Male,Single,Research & Development,Research Scientist,2,Medical,Non-Travel,1,6848.0,25,1,Yes,2,1,0,0,5,6,4,1,3,2,3,2023-04-01,No,0-1 yrs,25-34,Mid-High,0,College,40,Medium Risk,21.0
E01088,25,Female,Divorced,Sales,Sales Executive,4,Marketing,Travel_Rarely,24,6985.0,14,1,No,7,1,1,1,5,6,4,2,3,1,3,2023-04-01,No,0-1 yrs,25-34,Mid-High,0,Master,25,Medium Risk,21.0
E01089,37,Female,Single,Sales,Sales Executive,3,Business,Travel_Rarely,2,5684.0,12,0,No,3,2,1,0,2,6,3,3,2,2,3,2022-07-01,No,2-3 yrs,35-44,Mid-Low,0,Bachelor,0,Low Risk,30.0
E01090,41,Male,Married,Research & Development,Research Scientist,3,Business,Travel_Rarely,6,7097.0,19,1,No,17,7,1,2,0,2,4,3,4,2,1,2017-04-01,No,6-10 yrs,35-44,Mid-High,0,Bachelor,0,Low Risk,93.0
E01091,32,Male,Married,Sales,Manager,3,Business,Travel_Rarely,7,6489.0,16,2,Yes,2,1,1,0,1,1,2,1,3,3,3,2023-09-01,No,0-1 yrs,25-34,Mid-Low,0,Bachelor,60,High Risk,16.0
E01092,52,Male,Single,Sales,Sales Executive,2,Medical,Travel_Rarely,14,5858.0,16,3,Yes,13,3,1,1,3,2,4,3,2,1,3,2021-12-01,Yes,2-3 yrs,45-54,Mid-Low,1,College,25,Medium Risk,37.0
E01093,21,Male,Single,Sales,Sales Representative,3,Business,Travel_Rarely,4,5617.0,18,1,Yes,3,3,0,0,3,1,1,3,3,2,3,2021-06-01,No,2-3 yrs,18-24,Low,0,Bachelor,60,High Risk,43.0
E01094,32,Male,Married,Research & Development,Research Director,4,Other,Travel_Rarely,1,6203.0,16,0,No,3,2,2,0,2,0,3,3,4,3,3,2022-01-01,No,2-3 yrs,25-34,Mid-Low,0,Master,0,Low Risk,36.0
E01095,49,Female,Married,Sales,Sales Representative,3,Medical,Travel_Rarely,3,8601.0,11,0,Yes,20,19,0,0,3,2,3,2,1,3,3,2005-06-01,No,10+ yrs,45-54,High,0,Bachelor,40,Medium Risk,235.0
E01096,46,Female,Married,Research & Development,Laboratory Technician,2,Other,Non-Travel,1,7218.0,11,0,Yes,6,5,1,5,3,3,3,1,2,3,3,2019-04-01,No,4-5 yrs,45-54,Mid-High,0,College,25,Medium Risk,69.0
E01097,27,Male,Single,Research & Development,Research Director,4,Marketing,Travel_Rarely,15,6024.0,17,1,No,6,0,0,0,6,1,3,4,4,4,4,2024-05-01,No,0-1 yrs,25-34,Mid-Low,0,Master,15,Low Risk,8.0
E01098,24,Male,Single,Finance,Financial Analyst,3,Technical Degree,Travel_Rarely,5,8093.0,17,1,No,6,6,1,1,2,2,3,4,4,4,4,2018-12-01,No,6-10 yrs,18-24,High,0,Bachelor,0,Low Risk,73.0
E01099,28,Male,Married,Research & Development,Research Director,3,Marketing,Travel_Rarely,3,8558.0,17,1,No,6,6,2,0,3,4,4,3,4,3,2,2018-04-01,No,6-10 yrs,25-34,High,0,Bachelor,0,Low Risk,81.0
E01100,35,Female,Married,Sales,Sales Representative,1,Life Sciences,Travel_Rarely,5,5294.0,16,0,No,0,0,0,0,2,1,4,1,2,2,3,2024-06-01,No,0-1 yrs,35-44,Low,0,Below College,30,Medium Risk,7.0
E01101,28,Male,Single,Research & Development,Research Director,2,Technical Degree,Non-Travel,4,4988.0,22,1,Yes,1,1,1,1,0,1,3,2,3,4,2,2023-02-01,No,0-1 yrs,25-34,Low,0,College,55,High Risk,23.0
E01102,34,Female,Single,Sales,Sales Representative,4,Marketing,Travel_Rarely,1,10136.03,11,2,No,12,12,1,0,2,0,4,3,3,3,3,2012-12-01,No,10+ yrs,25-34,High,0,Master,0,Low Risk,145.0
E01103,51,Male,Married,Finance,Accountant,1,Life Sciences,Travel_Rarely,13,5781.0,14,2,No,3,2,1,0,1,5,4,1,3,3,3,2022-03-01,No,2-3 yrs,45-54,Mid-Low,0,Below College,0,Low Risk,34.0
E01104,44,Male,Married,Finance,Finance Manager,3,Life Sciences,Travel_Rarely,12,10136.03,17,0,Yes,21,17,6,0,3,2,2,4,4,3,3,2007-05-01,No,10+ yrs,35-44,High,0,Bachelor,45,Medium Risk,212.0
E01105,29,Male,Divorced,Human Resources,HR Executive,3,Human Resources,Travel_Frequently,2,7141.0,18,0,No,3,3,0,2,4,3,4,3,3,4,3,2021-07-01,No,2-3 yrs,25-34,Mid-High,0,Bachelor,0,Low Risk,42.0
E01106,49,Male,Single,Finance,Finance Manager,3,Life Sciences,Non-Travel,1,5696.0,17,1,No,5,0,0,0,2,2,3,1,3,3,3,2024-11-01,Yes,0-1 yrs,45-54,Mid-Low,1,Bachelor,15,Low Risk,2.0
E01107,42,Male,Single,Sales,Manager,2,Marketing,Travel_Frequently,1,7694.0,11,0,Yes,18,12,2,0,5,6,2,4,3,4,3,2012-04-01,No,10+ yrs,35-44,High,0,College,45,Medium Risk,153.0
E01108,22,Female,Single,IT,IT Manager,2,Life Sciences,Travel_Rarely,1,7298.0,12,1,No,0,0,0,0,3,1,4,2,3,3,3,2024-02-01,Yes,0-1 yrs,18-24,Mid-High,1,College,15,Low Risk,11.0
E01109,31,Female,Single,Research & Development,Research Scientist,1,Other,Travel_Rarely,15,6437.0,13,1,Yes,13,2,0,1,2,4,4,4,2,4,3,2022-05-01,No,2-3 yrs,25-34,Mid-Low,0,Below College,25,Medium Risk,32.0
E01110,18,Male,Married,Sales,Manager,5,Other,Travel_Rarely,10,6723.0,16,1,Yes,0,0,0,0,3,2,4,3,4,1,4,2024-04-01,Yes,0-1 yrs,18-24,Mid-High,1,Doctorate,40,Medium Risk,9.0
E01111,49,Female,Divorced,Research & Development,Research Director,4,Business,Travel_Rarely,17,6982.0,18,1,Yes,11,8,1,0,2,1,3,4,3,1,3,2016-05-01,Yes,6-10 yrs,45-54,Mid-High,1,Master,25,Medium Risk,104.0
E01112,34,Female,Single,IT,IT Manager,5,Life Sciences,Travel_Rarely,1,8715.0,11,1,No,6,6,3,1,1,2,3,2,4,3,3,2018-04-01,No,6-10 yrs,25-34,High,0,Doctorate,0,Low Risk,81.0
E01113,42,Male,Married,Research & Development,Research Scientist,2,Technical Degree,Travel_Rarely,1,4850.0,11,0,Yes,2,0,0,0,3,5,3,1,4,1,3,2024-07-01,Yes,0-1 yrs,35-44,Low,1,College,55,High Risk,6.0
E01114,25,Female,Divorced,Human Resources,Manager,1,Other,Travel_Rarely,3,4203.0,12,1,Yes,4,3,0,2,5,1,2,4,2,2,2,2021-10-01,No,2-3 yrs,25-34,Low,0,Below College,60,High Risk,39.0
E01115,30,Female,Married,Finance,Financial Analyst,2,Marketing,Travel_Frequently,1,7980.0,15,1,No,3,3,0,1,4,2,3,3,3,3,3,2021-12-01,No,2-3 yrs,25-34,High,0,College,0,Low Risk,37.0
E01116,53,Male,Married,Research & Development,Research Scientist,4,Life Sciences,Travel_Rarely,18,6649.0,14,0,Yes,4,3,3,0,2,4,4,2,3,4,3,2021-08-01,No,2-3 yrs,45-54,Mid-High,0,Master,25,Medium Risk,41.0
E01117,48,Female,Divorced,Research & Development,Research Director,3,Life Sciences,Non-Travel,9,6550.0,14,0,Yes,8,5,4,3,3,3,4,2,3,2,3,2019-12-01,No,4-5 yrs,45-54,Mid-High,0,Bachelor,25,Medium Risk,61.0
E01118,38,Female,Married,Human Resources,Manager,2,Marketing,Travel_Frequently,1,5650.0,14,2,No,2,1,0,0,2,4,4,4,3,3,3,2023-11-01,No,0-1 yrs,35-44,Low,0,College,30,Medium Risk,14.0
E01119,40,Male,Divorced,Sales,Manager,2,Medical,Travel_Frequently,4,5266.0,19,1,Yes,1,1,1,1,2,2,1,3,3,4,4,2023-07-01,Yes,0-1 yrs,35-44,Low,1,College,75,High Risk,18.0
E01120,24,Male,Married,Human Resources,Manager,4,Technical Degree,Non-Travel,1,6331.0,15,0,No,6,6,2,1,0,6,1,3,3,2,3,2018-11-01,No,6-10 yrs,18-24,Mid-Low,0,Master,20,Low Risk,74.0
E01121,18,Male,Married,Sales,Sales Executive,4,Technical Degree,Travel_Rarely,14,4595.0,17,1,No,0,0,0,0,4,1,3,3,2,3,3,2024-12-01,No,0-1 yrs,18-24,Low,0,Master,30,Medium Risk,1.0
E01122,32,Female,Married,Finance,Finance Manager,4,Marketing,Travel_Rarely,29,6332.0,16,1,No,1,1,1,1,2,2,1,2,4,3,4,2023-03-01,Yes,0-1 yrs,25-34,Mid-Low,1,Master,45,Medium Risk,22.0
E01123,51,Male,Married,Sales,Sales Representative,3,Human Resources,Travel_Rarely,29,6666.0,15,1,No,7,3,0,3,5,3,3,4,1,2,4,2021-02-01,Yes,2-3 yrs,45-54,Mid-High,1,Bachelor,25,Medium Risk,46.9
E01124,44,Male,Married,Research & Development,Research Director,1,Business,Travel_Rarely,5,6408.0,18,0,No,8,3,0,3,5,6,1,4,3,4,4,2021-04-01,No,2-3 yrs,35-44,Mid-Low,0,Below College,20,Low Risk,45.0
E01125,29,Male,Married,IT,Data Analyst,3,Technical Degree,Travel_Rarely,2,6687.0,19,1,No,8,2,2,2,0,4,4,4,2,4,3,2022-07-01,No,2-3 yrs,25-34,Mid-High,0,Bachelor,0,Low Risk,30.0
E01126,40,Male,Divorced,Finance,Accountant,4,Business,Non-Travel,4,8521.0,16,0,No,17,14,1,0,2,1,1,4,3,4,3,2010-01-01,No,10+ yrs,35-44,High,0,Master,20,Low Risk,180.0
E01127,27,Male,Single,IT,Software Engineer,3,Human Resources,Travel_Rarely,3,6749.0,23,1,Yes,9,9,1,0,0,1,2,3,1,4,3,2015-04-01,No,6-10 yrs,25-34,Mid-High,0,Bachelor,60,High Risk,117.0
E01128,40,Male,Married,Sales,Sales Executive,4,Medical,Non-Travel,4,6709.0,17,2,Yes,7,5,2,1,2,5,3,2,3,2,4,2019-12-01,No,4-5 yrs,35-44,Mid-High,0,Master,25,Medium Risk,61.0
E01129,29,Male,Married,Sales,Sales Executive,4,Marketing,Non-Travel,11,6806.0,17,0,Yes,11,1,1,1,1,4,1,1,3,2,2,2023-10-01,Yes,0-1 yrs,25-34,Mid-High,1,Master,60,High Risk,15.0
E01130,42,Male,Divorced,Research & Development,Manufacturing Director,2,Life Sciences,Non-Travel,1,5657.0,15,2,Yes,4,1,1,1,5,5,3,2,4,3,3,2023-01-01,Yes,0-1 yrs,35-44,Low,1,College,55,High Risk,24.0
E01131,29,Female,Divorced,Sales,Sales Executive,2,Business,Travel_Rarely,3,5388.0,18,2,Yes,5,5,0,0,2,0,4,4,3,3,3,2019-07-01,Yes,4-5 yrs,25-34,Low,1,College,40,Medium Risk,66.0
E01132,37,Male,Single,Finance,Accountant,3,Marketing,Travel_Rarely,17,6261.0,11,2,Yes,5,0,0,0,2,0,4,4,4,3,2,2024-04-01,No,0-1 yrs,35-44,Mid-Low,0,Bachelor,40,Medium Risk,9.0
E01133,28,Male,Divorced,Research & Development,Laboratory Technician,3,Business,Travel_Rarely,1,6591.0,11,0,No,2,0,0,0,4,2,4,3,2,3,4,2024-01-01,Yes,0-1 yrs,25-34,Mid-High,1,Bachelor,15,Low Risk,12.0
E01134,55,Male,Single,Finance,Financial Analyst,2,Medical,Travel_Rarely,1,6990.0,14,2,Yes,15,13,0,0,3,0,3,1,3,3,3,2011-09-01,No,10+ yrs,55+,Mid-High,0,College,25,Medium Risk,160.0
E01135,33,Male,Married,Finance,Financial Analyst,3,Life Sciences,Non-Travel,1,6684.0,11,0,No,4,3,0,0,1,3,4,3,3,2,3,2021-01-01,No,2-3 yrs,25-34,Mid-High,0,Bachelor,0,Low Risk,48.0
E01136,44,Female,Married,Sales,Manager,3,Technical Degree,Travel_Frequently,5,6100.0,16,3,No,3,3,1,0,1,1,2,3,3,3,4,2021-11-01,No,2-3 yrs,35-44,Mid-Low,0,Bachelor,20,Low Risk,38.0
E01137,33,Male,Married,Marketing,Marketing Executive,3,Other,Travel_Rarely,1,6467.0,17,0,Yes,2,1,1,0,3,5,4,3,3,4,4,2023-01-01,No,0-1 yrs,25-34,Mid-Low,0,Bachelor,40,Medium Risk,24.0
E01138,18,Male,Married,Marketing,Marketing Analyst,2,Other,Travel_Frequently,20,3761.73,11,0,Yes,0,0,0,0,1,6,2,4,3,3,3,2024-06-01,Yes,0-1 yrs,18-24,Low,1,College,75,High Risk,7.0
E01139,43,Female,Single,Research & Development,Manufacturing Director,4,Other,Travel_Rarely,5,5076.0,19,1,No,0,0,0,0,1,4,4,3,3,4,3,2024-10-01,No,0-1 yrs,35-44,Low,0,Master,30,Medium Risk,3.0
E01140,39,Female,Divorced,Finance,Finance Manager,4,Other,Non-Travel,6,6948.0,18,1,No,3,0,0,0,1,4,4,1,1,2,4,2024-07-01,Yes,0-1 yrs,35-44,Mid-High,1,Master,30,Medium Risk,6.0
E01141,55,Female,Married,Finance,Financial Analyst,2,Technical Degree,Travel_Rarely,1,8037.0,13,1,Yes,14,8,3,1,4,2,2,3,3,3,2,2016-10-01,No,6-10 yrs,55+,High,0,College,45,Medium Risk,99.0
E01142,25,Male,Married,Marketing,Marketing Analyst,4,Other,Travel_Rarely,4,5332.0,13,0,Yes,2,2,0,0,1,2,4,3,3,4,3,2022-04-01,No,2-3 yrs,25-34,Low,0,Master,40,Medium Risk,33.0
E01143,27,Male,Married,Marketing,Marketing Analyst,3,Human Resources,Travel_Rarely,2,6157.0,13,0,No,2,1,0,0,0,6,4,2,3,3,3,2023-03-01,No,0-1 yrs,25-34,Mid-Low,0,Bachelor,15,Low Risk,22.0
E01144,40,Female,Single,Sales,Manager,3,Business,Travel_Rarely,7,6176.0,15,0,No,5,2,1,2,3,5,4,4,3,2,4,2022-11-01,No,2-3 yrs,35-44,Mid-Low,0,Bachelor,0,Low Risk,26.0
E01145,39,Female,Married,Research & Development,Laboratory Technician,2,Medical,Travel_Rarely,19,6165.0,15,1,No,2,1,0,1,5,4,1,1,2,2,3,2023-09-01,No,0-1 yrs,35-44,Mid-Low,0,College,35,Medium Risk,16.0
E01146,29,Male,Married,Finance,Financial Analyst,3,Technical Degree,Travel_Rarely,1,6744.0,16,1,No,8,6,3,0,0,2,4,2,3,2,3,2018-04-01,No,6-10 yrs,25-34,Mid-High,0,Bachelor,0,Low Risk,81.0
E01147,20,Male,Single,Research & Development,Research Director,4,Human Resources,Travel_Rarely,4,6823.0,16,0,No,2,2,0,2,6,0,3,3,3,4,3,2022-08-01,No,2-3 yrs,18-24,Mid-High,0,Master,0,Low Risk,29.0
E01148,42,Female,Married,IT,IT Manager,3,Business,Travel_Rarely,8,7335.0,11,3,No,10,7,0,1,0,5,4,3,4,3,3,2017-09-01,No,6-10 yrs,35-44,Mid-High,0,Bachelor,0,Low Risk,88.0
E01149,45,Male,Married,IT,IT Manager,4,Technical Degree,Non-Travel,2,7328.0,11,2,Yes,7,0,0,0,2,4,2,3,1,3,3,2024-02-01,Yes,0-1 yrs,45-54,Mid-High,1,Master,75,High Risk,11.0
E01150,36,Female,Single,IT,Data Analyst,3,Medical,Travel_Rarely,26,5724.0,15,1,No,0,0,0,0,2,6,1,2,3,3,3,2024-09-01,No,0-1 yrs,35-44,Mid-Low,0,Bachelor,45,Medium Risk,4.0
E01151,39,Male,Married,IT,IT Support,5,Marketing,Travel_Rarely,1,8486.0,11,1,No,8,5,2,0,1,1,2,4,4,2,2,2019-04-01,Yes,4-5 yrs,35-44,High,1,Doctorate,20,Low Risk,69.0
E01152,34,Female,Married,IT,IT Support,2,Medical,Travel_Frequently,25,7425.0,11,0,No,6,0,0,0,1,4,1,3,1,2,3,2024-04-01,No,0-1 yrs,25-34,High,0,College,60,High Risk,9.0
E01153,35,Female,Single,IT,IT Manager,3,Technical Degree,Travel_Rarely,1,5625.0,14,1,No,2,0,0,0,4,4,2,2,4,2,3,2024-07-01,No,0-1 yrs,35-44,Low,0,Bachelor,50,High Risk,6.0
E01154,47,Female,Divorced,Finance,Finance Manager,3,Life Sciences,Travel_Rarely,2,6895.0,17,0,No,3,2,0,0,2,0,3,3,2,2,3,2022-09-01,No,2-3 yrs,45-54,Mid-High,0,Bachelor,0,Low Risk,28.0
E01155,34,Female,Married,Sales,Sales Representative,2,Marketing,Travel_Rarely,2,5921.0,18,0,Yes,3,3,3,0,5,5,1,4,1,2,4,2021-04-01,Yes,2-3 yrs,25-34,Mid-Low,1,College,60,High Risk,45.0
E01156,25,Female,Single,Finance,Accountant,5,Business,Travel_Rarely,8,7087.0,21,2,Yes,7,6,5,2,1,2,2,1,3,4,1,2018-07-01,Yes,6-10 yrs,25-34,Mid-High,1,Doctorate,45,Medium Risk,78.0
E01157,48,Male,Single,Finance,Finance Manager,3,Life Sciences,Travel_Rarely,4,5692.0,17,0,Yes,7,3,1,2,7,2,3,2,3,2,4,2021-04-01,Yes,2-3 yrs,45-54,Mid-Low,1,Bachelor,25,Medium Risk,45.0
E01158,56,Male,Married,Sales,Sales Executive,3,Life Sciences,Travel_Rarely,1,4383.0,11,1,No,13,0,0,0,1,0,2,4,4,2,3,2024-09-01,Yes,0-1 yrs,55+,Low,1,Bachelor,50,High Risk,4.0
E01159,44,Female,Married,Research & Development,Laboratory Technician,2,Human Resources,Travel_Rarely,1,6395.0,17,0,No,7,1,0,1,4,5,4,3,2,3,3,2023-09-01,No,0-1 yrs,35-44,Mid-Low,0,College,15,Low Risk,16.0
E01160,30,Female,Married,Research & Development,Research Scientist,2,Life Sciences,Travel_Rarely,5,7162.0,15,0,Yes,6,5,1,1,4,3,2,4,1,2,2,2019-11-01,No,4-5 yrs,25-34,Mid-High,0,College,60,High Risk,62.0
E01161,32,Male,Married,Finance,Finance Manager,2,Human Resources,Travel_Rarely,4,5176.0,14,2,No,2,2,2,0,1,4,3,4,1,2,4,2022-11-01,Yes,2-3 yrs,25-34,Low,1,College,30,Medium Risk,26.0
E01162,38,Male,Married,Research & Development,Research Scientist,2,Business,Travel_Rarely,6,8090.0,24,2,Yes,16,13,0,2,3,3,2,3,3,3,2,2011-05-01,No,10+ yrs,35-44,High,0,College,45,Medium Risk,164.0
E01163,46,Male,Married,Research & Development,Research Scientist,3,Other,Travel_Rarely,1,6991.0,12,1,No,3,0,0,0,4,6,1,2,3,3,2,2024-02-01,No,0-1 yrs,45-54,Mid-High,0,Bachelor,35,Medium Risk,11.0
E01164,35,Male,Married,Sales,Manager,2,Life Sciences,Travel_Rarely,29,5428.0,22,0,No,11,2,0,0,5,0,4,4,2,3,3,2022-09-01,No,2-3 yrs,35-44,Low,0,College,25,Medium Risk,28.0
E01165,28,Female,Divorced,Human Resources,Manager,4,Technical Degree,Travel_Rarely,2,6613.0,11,0,No,3,1,0,0,1,5,4,2,3,3,3,2023-02-01,No,0-1 yrs,25-34,Mid-High,0,Master,15,Low Risk,23.0
E01166,42,Female,Married,IT,Software Engineer,2,Other,Non-Travel,5,7636.0,11,1,Yes,1,1,1,1,4,0,4,2,3,3,3,2023-11-01,No,0-1 yrs,35-44,High,0,College,40,Medium Risk,14.0
E01167,29,Male,Married,Human Resources,Manager,3,Other,Travel_Rarely,1,5158.0,13,1,No,5,5,2,5,0,6,3,3,3,3,4,2019-12-01,No,4-5 yrs,25-34,Low,0,Bachelor,15,Low Risk,61.0
E01168,54,Female,Single,IT,IT Manager,4,Human Resources,Travel_Rarely,8,10136.03,15,2,No,17,14,0,3,6,2,4,4,4,3,3,2010-01-01,No,10+ yrs,45-54,High,0,Master,0,Low Risk,180.0
E01169,29,Male,Divorced,Research & Development,Laboratory Technician,2,Life Sciences,Travel_Rarely,8,8303.0,14,2,No,11,11,2,3,4,4,3,3,3,2,3,2013-09-01,No,10+ yrs,25-34,High,0,College,0,Low Risk,136.0
E01170,33,Male,Married,Sales,Manager,4,Marketing,Travel_Frequently,1,7949.0,17,0,No,14,14,1,0,3,5,1,1,3,3,3,2010-08-01,Yes,10+ yrs,25-34,High,1,Master,20,Low Risk,173.0
E01171,28,Female,Married,Sales,Sales Representative,3,Business,Travel_Rarely,11,6933.0,12,0,No,10,10,0,4,3,6,1,2,3,4,3,2014-02-01,No,6-10 yrs,25-34,Mid-High,0,Bachelor,20,Low Risk,130.9
E01172,43,Male,Single,Human Resources,Manager,4,Medical,Non-Travel,3,7352.0,12,0,Yes,12,12,1,2,4,5,2,2,4,3,3,2012-03-01,No,10+ yrs,35-44,Mid-High,0,Master,45,Medium Risk,154.0
E01173,38,Female,Married,IT,IT Support,3,Business,Non-Travel,8,8515.0,11,1,No,16,11,3,2,2,6,4,4,3,3,3,2013-12-01,No,10+ yrs,35-44,High,0,Bachelor,0,Low Risk,133.0
E01174,35,Female,Single,Marketing,Manager,3,Human Resources,Travel_Rarely,5,6034.0,13,0,No,12,9,1,0,4,0,4,3,4,4,3,2015-12-01,No,6-10 yrs,35-44,Mid-Low,0,Bachelor,0,Low Risk,109.0
E01175,46,Female,Divorced,Research & Development,Manufacturing Director,3,Human Resources,Non-Travel,6,6797.0,12,0,Yes,10,5,0,0,2,2,4,3,3,3,3,2019-03-01,No,4-5 yrs,45-54,Mid-High,0,Bachelor,25,Medium Risk,70.0
E01176,33,Male,Single,IT,IT Support,2,Technical Degree,Travel_Rarely,6,8273.0,11,2,No,12,12,0,2,4,1,2,1,3,3,3,2012-10-01,No,10+ yrs,25-34,High,0,College,20,Low Risk,147.0
E01177,43,Male,Married,Research & Development,Laboratory Technician,5,Marketing,Non-Travel,4,6952.0,13,0,Yes,7,4,0,4,0,6,4,2,2,3,3,2020-12-01,No,4-5 yrs,35-44,Mid-High,0,Doctorate,25,Medium Risk,49.0
E01178,42,Male,Divorced,Research & Development,Manufacturing Director,5,Other,Travel_Rarely,1,7162.0,17,0,Yes,2,0,0,0,3,6,4,1,2,3,4,2024-03-01,Yes,0-1 yrs,35-44,Mid-High,1,Doctorate,40,Medium Risk,10.0
E01179,36,Male,Married,Research & Development,Research Scientist,2,Medical,Travel_Frequently,1,7797.0,13,0,No,4,0,0,0,3,3,1,2,2,3,3,2024-04-01,No,0-1 yrs,35-44,High,0,College,35,Medium Risk,9.0
E01180,38,Female,Divorced,Research & Development,Manufacturing Director,2,Medical,Travel_Rarely,3,5805.0,15,2,Yes,6,6,4,6,3,6,3,2,4,3,1,2018-01-01,No,6-10 yrs,35-44,Mid-Low,0,College,25,Medium Risk,84.0
E01181,45,Female,Single,Sales,Sales Representative,3,Life Sciences,Non-Travel,1,6736.0,11,1,Yes,9,5,1,3,5,0,2,3,3,4,1,2019-10-01,No,4-5 yrs,45-54,Mid-High,0,Bachelor,45,Medium Risk,63.0
E01182,50,Male,Married,Research & Development,Laboratory Technician,4,Life Sciences,Travel_Rarely,4,5145.0,11,0,No,1,1,1,0,2,1,2,3,2,3,3,2023-07-01,No,0-1 yrs,45-54,Low,0,Master,50,High Risk,18.0
E01183,31,Male,Single,Research & Development,Research Scientist,5,Medical,Non-Travel,20,7395.0,20,0,Yes,1,1,1,1,2,4,1,3,4,4,3,2023-05-01,No,0-1 yrs,25-34,High,0,Doctorate,60,High Risk,20.0
E01184,28,Female,Married,Sales,Manager,4,Other,Travel_Rarely,5,5059.0,12,0,No,10,3,0,1,1,3,2,3,3,2,2,2021-04-01,No,2-3 yrs,25-34,Low,0,Master,35,Medium Risk,45.0
E01185,53,Male,Married,Finance,Financial Analyst,4,Human Resources,Travel_Rarely,3,7429.0,14,0,No,8,3,0,0,3,4,2,3,2,4,4,2021-09-01,No,2-3 yrs,45-54,High,0,Master,20,Low Risk,40.0
E01186,27,Male,Married,Human Resources,Manager,3,Business,Travel_Rarely,5,6781.0,19,1,No,6,5,1,1,2,2,1,2,2,1,3,2019-09-01,No,4-5 yrs,25-34,Mid-High,0,Bachelor,20,Low Risk,64.0
E01187,21,Male,Married,Sales,Sales Representative,3,Other,Travel_Frequently,16,6856.0,18,1,No,3,2,2,2,0,5,4,3,3,3,3,2022-10-01,No,2-3 yrs,18-24,Mid-High,0,Bachelor,0,Low Risk,27.0
E01188,43,Female,Divorced,Human Resources,Manager,2,Human Resources,Travel_Rarely,10,6960.0,17,1,No,8,8,3,1,3,0,4,4,3,4,4,2016-03-01,No,6-10 yrs,35-44,Mid-High,0,College,0,Low Risk,106.0
E01189,47,Male,Single,Sales,Sales Executive,4,Business,Non-Travel,3,9770.0,11,1,Yes,13,9,1,0,1,1,4,3,2,3,4,2015-12-01,No,6-10 yrs,45-54,High,0,Master,25,Medium Risk,109.0
E01190,42,Female,Single,Research & Development,Manufacturing Director,3,Other,Travel_Frequently,7,6969.0,14,1,No,2,1,0,1,1,3,1,4,4,3,3,2023-09-01,No,0-1 yrs,35-44,Mid-High,0,Bachelor,35,Medium Risk,16.0
E01191,45,Female,Divorced,Research & Development,Laboratory Technician,4,Life Sciences,Travel_Rarely,1,7562.0,14,2,No,9,2,1,0,0,0,4,3,3,2,3,2022-07-01,No,2-3 yrs,45-54,High,0,Master,0,Low Risk,30.0
E01192,36,Male,Single,Finance,Finance Manager,3,Other,Travel_Rarely,8,7625.0,16,0,No,18,3,1,3,2,1,3,4,4,1,2,2021-09-01,No,2-3 yrs,35-44,High,0,Bachelor,0,Low Risk,40.0
E01193,40,Male,Married,Sales,Sales Executive,4,Business,Non-Travel,1,7607.0,15,2,Yes,7,7,2,6,0,1,4,2,3,2,3,2017-07-01,No,6-10 yrs,35-44,High,0,Master,25,Medium Risk,90.0
E01194,41,Male,Divorced,Sales,Sales Representative,4,Human Resources,Non-Travel,20,6123.0,14,2,No,3,1,0,0,2,6,3,1,3,4,3,2023-03-01,No,0-1 yrs,35-44,Mid-Low,0,Master,15,Low Risk,22.0
E01195,52,Male,Married,Sales,Sales Representative,3,Business,Travel_Rarely,21,8230.0,20,2,Yes,3,3,2,0,3,1,2,1,2,3,4,2021-10-01,No,2-3 yrs,45-54,High,0,Bachelor,55,High Risk,39.0
E01196,36,Male,Single,Research & Development,Research Scientist,1,Medical,Non-Travel,1,6022.0,11,1,No,2,0,0,0,7,3,3,2,2,3,3,2024-01-01,No,0-1 yrs,35-44,Mid-Low,0,Below College,15,Low Risk,12.0
E01197,51,Male,Single,Sales,Sales Representative,3,Marketing,Travel_Frequently,17,8216.0,12,0,No,17,12,0,0,3,5,1,3,3,3,3,2012-10-01,No,10+ yrs,45-54,High,0,Bachelor,20,Low Risk,147.0
E01198,38,Male,Married,Research & Development,Research Scientist,4,Other,Non-Travel,3,6275.0,18,0,No,1,0,0,0,2,1,3,3,3,2,3,2024-01-01,Yes,0-1 yrs,35-44,Mid-Low,1,Master,15,Low Risk,12.0
E01199,21,Female,Married,Research & Development,Research Scientist,3,Medical,Non-Travel,1,5584.0,16,0,No,3,3,1,1,4,0,4,2,3,3,4,2021-11-01,Yes,2-3 yrs,18-24,Low,1,Bachelor,15,Low Risk,38.0
E01200,31,Female,Single,Sales,Sales Executive,3,Technical Degree,Travel_Rarely,8,7664.0,14,1,No,10,10,2,0,3,1,4,3,2,2,4,2014-08-01,No,6-10 yrs,25-34,High,0,Bachelor,0,Low Risk,125.0
E01201,32,Female,Single,Sales,Sales Representative,4,Marketing,Non-Travel,1,6810.0,19,0,No,2,1,0,0,4,4,4,4,2,1,2,2023-10-01,No,0-1 yrs,25-34,Mid-High,0,Master,15,Low Risk,15.0
E01202,42,Male,Single,Research & Development,Laboratory Technician,3,Medical,Travel_Rarely,7,5897.0,21,2,Yes,5,4,0,0,2,0,4,1,4,4,2,2020-07-01,Yes,4-5 yrs,35-44,Mid-Low,1,Bachelor,25,Medium Risk,54.0
E01203,39,Female,Married,IT,Software Engineer,3,Technical Degree,Travel_Frequently,17,8496.0,11,3,No,16,6,0,0,3,4,2,2,2,1,4,2018-03-01,No,6-10 yrs,35-44,High,0,Bachelor,20,Low Risk,82.0
E01204,31,Male,Married,Sales,Manager,3,Marketing,Non-Travel,3,4659.0,11,2,No,1,0,0,0,3,5,4,4,4,4,3,2024-11-01,No,0-1 yrs,25-34,Low,0,Bachelor,30,Medium Risk,2.0
E01205,43,Female,Divorced,Research & Development,Research Scientist,2,Medical,Travel_Frequently,1,6115.0,13,0,No,8,4,1,1,2,1,3,4,4,3,4,2020-03-01,No,4-5 yrs,35-44,Mid-Low,0,College,0,Low Risk,58.0
E01206,39,Female,Divorced,Human Resources,HR Specialist,4,Life Sciences,Non-Travel,17,4265.0,16,0,No,1,0,0,0,1,6,3,3,3,3,4,2024-10-01,No,0-1 yrs,35-44,Low,0,Master,30,Medium Risk,3.0
E01207,32,Male,Divorced,Sales,Sales Representative,4,Marketing,Travel_Frequently,1,5339.0,13,1,No,3,3,3,1,1,3,1,4,1,3,3,2021-07-01,No,2-3 yrs,25-34,Low,0,Master,50,High Risk,42.0
E01208,36,Female,Married,IT,Data Analyst,3,Human Resources,Travel_Rarely,1,8133.0,18,1,No,16,6,1,1,4,1,4,1,3,4,3,2018-01-01,No,6-10 yrs,35-44,High,0,Bachelor,0,Low Risk,84.0
E01209,48,Male,Single,Finance,Accountant,5,Marketing,Travel_Rarely,15,6491.0,11,0,No,5,1,0,1,2,2,3,2,3,2,3,2023-04-01,No,0-1 yrs,45-54,Mid-Low,0,Doctorate,15,Low Risk,21.0
E01210,37,Male,Divorced,Research & Development,Laboratory Technician,2,Human Resources,Travel_Frequently,15,6791.0,18,0,Yes,7,5,2,1,1,5,1,4,3,3,3,2019-03-01,No,4-5 yrs,35-44,Mid-High,0,College,45,Medium Risk,70.0
E01211,40,Male,Single,Research & Development,Research Scientist,2,Human Resources,Non-Travel,6,4635.0,13,0,No,3,3,1,0,2,2,3,4,4,4,4,2021-07-01,No,2-3 yrs,35-44,Low,0,College,15,Low Risk,42.0
E01212,41,Male,Divorced,Research & Development,Manufacturing Director,5,Business,Travel_Rarely,1,6402.0,11,0,No,3,3,0,1,1,3,4,1,1,4,2,2021-02-01,No,2-3 yrs,35-44,Mid-Low,0,Doctorate,15,Low Risk,46.9
E01213,32,Male,Single,Human Resources,Manager,4,Medical,Non-Travel,2,6123.0,24,1,No,7,3,2,1,0,1,3,4,3,3,3,2021-04-01,No,2-3 yrs,25-34,Mid-Low,0,Master,0,Low Risk,45.0
E01214,53,Male,Married,Finance,Financial Analyst,3,Business,Non-Travel,3,8184.0,13,0,No,2,2,2,0,3,4,3,2,3,3,3,2022-06-01,No,2-3 yrs,45-54,High,0,Bachelor,0,Low Risk,31.0
E01215,19,Male,Married,Research & Development,Research Director,3,Marketing,Non-Travel,2,6320.0,25,1,No,1,1,0,1,2,6,4,4,4,3,3,2023-03-01,No,0-1 yrs,18-24,Mid-Low,0,Bachelor,15,Low Risk,22.0
E01216,36,Female,Married,Research & Development,Laboratory Technician,4,Life Sciences,Travel_Rarely,4,8464.0,19,0,Yes,13,11,3,0,4,3,2,2,3,3,3,2013-11-01,No,10+ yrs,35-44,High,0,Master,45,Medium Risk,134.0
E01217,35,Male,Divorced,Research & Development,Laboratory Technician,3,Technical Degree,Travel_Rarely,3,7347.0,20,1,No,2,1,1,1,0,5,2,3,3,1,3,2023-01-01,No,0-1 yrs,35-44,Mid-High,0,Bachelor,35,Medium Risk,24.0
E01218,27,Male,Married,Sales,Sales Executive,3,Marketing,Travel_Rarely,10,6433.0,11,0,Yes,9,5,0,1,0,2,4,1,4,3,2,2019-08-01,No,4-5 yrs,25-34,Mid-Low,0,Bachelor,25,Medium Risk,65.0
E01219,24,Male,Single,Sales,Manager,4,Human Resources,Travel_Frequently,8,6171.0,11,1,Yes,6,3,0,1,1,1,4,1,3,3,2,2021-11-01,No,2-3 yrs,18-24,Mid-Low,0,Master,25,Medium Risk,38.0
E01220,44,Female,Single,Research & Development,Laboratory Technician,2,Other,Travel_Rarely,4,5616.0,11,1,No,0,0,0,0,0,1,4,4,3,3,4,2024-08-01,No,0-1 yrs,35-44,Low,0,College,30,Medium Risk,5.0
E01221,39,Male,Married,Research & Development,Laboratory Technician,3,Medical,Travel_Rarely,1,5418.0,17,0,No,0,0,0,0,1,0,1,3,1,1,3,2024-11-01,Yes,0-1 yrs,35-44,Low,1,Bachelor,65,High Risk,2.0
E01222,48,Male,Single,Sales,Manager,4,Medical,Travel_Rarely,24,6904.0,16,2,No,7,2,1,2,4,2,3,2,4,2,3,2022-03-01,No,2-3 yrs,45-54,Mid-High,0,Master,10,Low Risk,34.0
E01223,36,Female,Married,Sales,Sales Representative,3,Medical,Non-Travel,23,5884.0,21,0,No,4,1,1,1,3,0,4,2,3,4,3,2023-07-01,No,0-1 yrs,35-44,Mid-Low,0,Bachelor,25,Medium Risk,18.0
E01224,41,Male,Married,Sales,Manager,2,Marketing,Non-Travel,13,5619.0,13,0,Yes,4,4,0,1,4,2,2,4,2,3,3,2020-12-01,No,4-5 yrs,35-44,Low,0,College,60,High Risk,49.0
E01225,33,Male,Single,Sales,Manager,3,Human Resources,Non-Travel,7,6803.0,15,1,No,1,0,0,0,3,4,2,1,4,3,2,2024-01-01,No,0-1 yrs,25-34,Mid-High,0,Bachelor,35,Medium Risk,12.0
E01226,18,Male,Married,Sales,Sales Executive,4,Other,Travel_Rarely,1,4911.0,15,0,No,0,0,0,0,4,3,4,3,4,2,3,2024-06-01,No,0-1 yrs,18-24,Low,0,Master,30,Medium Risk,7.0
E01227,40,Female,Single,Research & Development,Laboratory Technician,3,Human Resources,Non-Travel,1,7638.0,17,2,No,9,6,0,0,3,5,4,4,3,2,3,2018-07-01,No,6-10 yrs,35-44,High,0,Bachelor,0,Low Risk,78.0
E01228,52,Male,Married,Sales,Sales Representative,5,Human Resources,Travel_Rarely,21,7314.0,11,1,No,9,7,0,2,4,0,1,4,4,3,3,2017-06-01,No,6-10 yrs,45-54,Mid-High,0,Doctorate,30,Medium Risk,91.0
E01229,18,Female,Married,Research & Development,Laboratory Technician,2,Business,Non-Travel,9,6373.0,11,2,Yes,0,0,0,0,3,4,1,3,2,4,1,2024-05-01,No,0-1 yrs,18-24,Mid-Low,0,College,60,High Risk,8.0
E01230,40,Male,Married,Research & Development,Laboratory Technician,3,Technical Degree,Travel_Rarely,6,5107.0,19,0,No,1,1,0,1,3,2,4,1,3,3,3,2023-11-01,No,0-1 yrs,35-44,Low,0,Bachelor,30,Medium Risk,14.0
E01231,34,Female,Married,Sales,Manager,3,Medical,Non-Travel,3,5903.0,14,1,No,9,0,0,0,0,2,4,2,2,3,3,2024-10-01,No,0-1 yrs,25-34,Mid-Low,0,Bachelor,15,Low Risk,3.0
E01232,37,Male,Married,Research & Development,Laboratory Technician,2,Other,Travel_Rarely,1,7227.0,12,1,No,7,6,1,0,2,6,2,1,3,1,3,2018-11-01,No,6-10 yrs,35-44,Mid-High,0,College,20,Low Risk,74.0
E01233,24,Female,Single,Sales,Sales Representative,3,Marketing,Travel_Frequently,2,5912.0,12,1,No,2,2,2,0,3,3,3,4,2,3,3,2022-04-01,Yes,2-3 yrs,18-24,Mid-Low,1,Bachelor,0,Low Risk,33.0
E01234,25,Male,Married,Sales,Sales Representative,4,Human Resources,Travel_Frequently,2,5747.0,14,0,No,2,2,2,2,2,2,4,1,4,4,4,2022-01-01,No,2-3 yrs,25-34,Mid-Low,0,Master,0,Low Risk,36.0
E01235,27,Female,Divorced,Research & Development,Laboratory Technician,3,Other,Travel_Frequently,15,6912.0,15,0,No,3,3,1,2,0,2,2,2,3,2,2,2021-04-01,No,2-3 yrs,25-34,Mid-High,0,Bachelor,20,Low Risk,45.0
E01236,26,Male,Divorced,Finance,Accountant,3,Life Sciences,Travel_Rarely,3,6926.0,22,2,Yes,8,8,0,2,5,1,3,4,4,1,2,2016-04-01,No,6-10 yrs,25-34,Mid-High,0,Bachelor,25,Medium Risk,105.0
E01237,47,Male,Single,Finance,Finance Manager,4,Human Resources,Travel_Rarely,6,6895.0,23,0,No,7,3,0,1,1,3,2,3,2,3,3,2021-07-01,No,2-3 yrs,45-54,Mid-High,0,Master,20,Low Risk,42.0
E01238,32,Female,Divorced,Sales,Sales Representative,2,Technical Degree,Travel_Frequently,7,3761.73,11,1,Yes,3,2,2,0,4,4,3,4,1,3,3,2022-08-01,No,2-3 yrs,25-34,Low,0,College,55,High Risk,29.0
E01239,45,Male,Divorced,Human Resources,HR Specialist,4,Business,Travel_Rarely,12,4811.0,15,0,No,2,2,0,0,1,0,2,1,4,4,3,2022-02-01,Yes,2-3 yrs,45-54,Low,1,Master,35,Medium Risk,35.0
E01240,33,Female,Single,Sales,Sales Executive,4,Human Resources,Travel_Rarely,3,7270.0,20,0,No,15,15,0,2,0,3,4,1,2,4,3,2009-07-01,Yes,10+ yrs,25-34,Mid-High,1,Master,0,Low Risk,186.0
E01241,21,Female,Married,Sales,Sales Representative,5,Marketing,Travel_Rarely,15,6847.0,11,1,No,0,0,0,0,2,6,3,3,3,3,3,2024-04-01,No,0-1 yrs,18-24,Mid-High,0,Doctorate,15,Low Risk,9.0
E01242,33,Female,Divorced,Marketing,Marketing Executive,3,Business,Non-Travel,1,6221.0,11,1,No,6,1,1,0,0,1,3,2,4,2,3,2023-04-01,Yes,0-1 yrs,25-34,Mid-Low,1,Bachelor,15,Low Risk,21.0
E01243,32,Male,Divorced,Human Resources,HR Executive,2,Technical Degree,Travel_Rarely,9,5496.0,19,0,No,9,3,0,2,2,0,2,4,3,2,3,2021-08-01,No,2-3 yrs,25-34,Low,0,College,35,Medium Risk,41.0
E01244,26,Male,Single,Sales,Manager,3,Other,Non-Travel,1,6407.0,17,0,No,8,4,1,3,7,1,1,2,3,3,3,2020-03-01,No,4-5 yrs,25-34,Mid-Low,0,Bachelor,20,Low Risk,58.0
E01245,41,Female,Single,Finance,Accountant,4,Other,Travel_Frequently,16,5650.0,11,2,No,0,0,0,0,1,6,3,4,4,4,4,2024-07-01,No,0-1 yrs,35-44,Low,0,Master,30,Medium Risk,6.0
E01246,47,Male,Married,Sales,Sales Executive,5,Technical Degree,Travel_Rarely,1,7630.0,12,3,No,13,13,0,1,2,4,3,3,2,3,3,2011-12-01,No,10+ yrs,45-54,High,0,Doctorate,0,Low Risk,157.0
E01247,40,Female,Divorced,IT,Data Analyst,3,Business,Non-Travel,2,7601.0,19,1,No,6,4,1,2,1,1,3,3,4,4,4,2020-12-01,No,4-5 yrs,35-44,High,0,Bachelor,0,Low Risk,49.0
E01248,46,Male,Divorced,IT,Data Analyst,4,Human Resources,Travel_Frequently,1,8675.0,11,1,No,11,4,4,0,4,4,4,3,3,2,3,2020-07-01,No,4-5 yrs,45-54,High,0,Master,0,Low Risk,54.0
E01249,34,Male,Married,Sales,Sales Executive,2,Medical,Travel_Frequently,2,4551.0,17,0,No,9,0,0,0,4,3,4,1,1,3,4,2024-12-01,Yes,0-1 yrs,25-34,Low,1,College,45,Medium Risk,1.0
E01250,29,Female,Divorced,Sales,Manager,2,Life Sciences,Travel_Rarely,3,5899.0,11,1,No,5,5,0,0,4,1,4,1,1,3,1,2019-02-01,No,4-5 yrs,25-34,Mid-Low,0,College,15,Low Risk,71.0
E01251,41,Male,Divorced,Research & Development,Manufacturing Director,4,Marketing,Non-Travel,12,6054.0,11,0,No,1,0,0,0,3,6,1,3,4,4,1,2024-10-01,No,0-1 yrs,35-44,Mid-Low,0,Master,35,Medium Risk,3.0
E01252,35,Female,Married,Research & Development,Research Director,1,Technical Degree,Travel_Frequently,1,6279.0,20,0,No,4,3,1,0,4,4,3,2,4,2,3,2021-08-01,Yes,2-3 yrs,35-44,Mid-Low,1,Below College,0,Low Risk,41.0
E01253,18,Female,Married,Research & Development,Research Scientist,3,Other,Travel_Rarely,1,5857.0,13,0,No,0,0,0,0,3,3,3,2,2,3,3,2024-10-01,No,0-1 yrs,18-24,Mid-Low,0,Bachelor,15,Low Risk,3.0
E01254,31,Male,Divorced,Finance,Accountant,4,Other,Travel_Rarely,3,6858.0,13,1,No,3,0,0,0,0,3,1,3,3,2,3,2024-03-01,No,0-1 yrs,25-34,Mid-High,0,Master,35,Medium Risk,10.0
E01255,36,Female,Single,Sales,Manager,2,Marketing,Non-Travel,1,3761.73,12,1,Yes,0,0,0,0,5,2,3,2,2,4,3,2024-05-01,Yes,0-1 yrs,35-44,Low,1,College,55,High Risk,8.0
E01256,29,Female,Divorced,Research & Development,Research Scientist,5,Business,Travel_Rarely,1,8253.0,16,0,Yes,11,8,1,1,4,5,4,4,2,2,4,2016-03-01,No,6-10 yrs,25-34,High,0,Doctorate,25,Medium Risk,106.0
E01257,44,Female,Single,Sales,Sales Representative,4,Other,Travel_Rarely,6,7547.0,11,0,Yes,15,14,6,0,2,5,2,2,3,3,3,2010-09-01,Yes,10+ yrs,35-44,High,1,Master,45,Medium Risk,172.0
E01258,18,Female,Married,IT,Software Engineer,3,Business,Travel_Rarely,3,6813.0,11,0,No,0,0,0,0,1,6,4,1,3,3,3,2024-02-01,No,0-1 yrs,18-24,Mid-High,0,Bachelor,15,Low Risk,11.0
E01259,33,Male,Married,Sales,Manager,3,Business,Travel_Rarely,5,7071.0,13,2,No,6,4,0,2,1,4,3,4,2,3,4,2020-01-01,No,4-5 yrs,25-34,Mid-High,0,Bachelor,0,Low Risk,60.0
E01260,34,Female,Divorced,Human Resources,HR Executive,3,Other,Travel_Rarely,4,4986.0,17,0,No,9,6,1,2,2,5,3,1,2,3,3,2018-11-01,No,6-10 yrs,25-34,Low,0,Bachelor,15,Low Risk,74.0
E01261,36,Male,Single,Sales,Manager,4,Medical,Travel_Rarely,4,7717.0,14,3,No,8,7,4,4,2,2,3,4,3,3,4,2017-10-01,No,6-10 yrs,35-44,High,0,Master,0,Low Risk,87.0
E01262,32,Male,Married,Research & Development,Research Scientist,4,Technical Degree,Non-Travel,18,7018.0,15,0,No,3,2,0,0,3,2,3,1,3,3,4,2022-08-01,No,2-3 yrs,25-34,Mid-High,0,Master,0,Low Risk,29.0
E01263,32,Male,Married,Research & Development,Laboratory Technician,3,Technical Degree,Travel_Rarely,1,6683.0,14,0,No,6,6,1,1,1,5,4,2,3,3,3,2018-01-01,No,6-10 yrs,25-34,Mid-High,0,Bachelor,0,Low Risk,84.0
E01264,24,Male,Divorced,Human Resources,HR Specialist,2,Life Sciences,Travel_Frequently,29,3761.73,12,2,No,1,1,0,0,4,4,4,4,2,3,1,2023-03-01,No,0-1 yrs,18-24,Low,0,College,40,Medium Risk,22.0
E01265,22,Male,Single,Human Resources,Manager,4,Marketing,Travel_Rarely,11,5096.0,11,0,Yes,4,1,1,0,2,5,4,2,4,3,3,2023-01-01,No,0-1 yrs,18-24,Low,0,Master,55,High Risk,24.0
E01266,30,Male,Single,Sales,Sales Representative,3,Marketing,Non-Travel,4,6818.0,13,0,No,12,10,1,8,4,4,1,3,2,3,2,2014-01-01,Yes,6-10 yrs,25-34,Mid-High,1,Bachelor,20,Low Risk,132.0
E01267,34,Female,Single,Human Resources,HR Executive,3,Marketing,Travel_Frequently,10,5414.0,16,1,Yes,5,5,5,0,4,5,1,4,3,2,4,2019-01-01,Yes,4-5 yrs,25-34,Low,1,Bachelor,60,High Risk,72.0
E01268,41,Male,Married,Research & Development,Manufacturing Director,4,Other,Non-Travel,7,7533.0,11,2,No,14,9,1,1,3,3,2,2,2,2,3,2015-08-01,No,6-10 yrs,35-44,High,0,Master,20,Low Risk,113.0
E01269,27,Female,Single,Research & Development,Laboratory Technician,4,Life Sciences,Travel_Rarely,1,6774.0,16,1,No,3,2,0,0,1,2,4,1,4,4,3,2022-06-01,No,2-3 yrs,25-34,Mid-High,0,Master,0,Low Risk,31.0
E01270,29,Female,Single,Research & Development,Research Director,2,Other,Travel_Rarely,4,8383.0,18,1,No,5,5,4,4,1,4,4,4,3,3,3,2019-08-01,Yes,4-5 yrs,25-34,High,1,College,0,Low Risk,65.0
E01271,38,Female,Single,Finance,Finance Manager,3,Life Sciences,Travel_Rarely,14,7651.0,14,1,No,5,5,1,0,0,6,4,1,1,2,2,2019-09-01,No,4-5 yrs,35-44,High,0,Bachelor,15,Low Risk,64.0
E01272,31,Male,Single,Human Resources,HR Specialist,2,Technical Degree,Non-Travel,2,5509.0,15,1,No,13,13,3,1,4,0,1,3,4,4,1,2011-03-01,No,10+ yrs,25-34,Low,0,College,35,Medium Risk,166.0
E01273,25,Male,Married,Sales,Sales Executive,1,Technical Degree,Travel_Rarely,6,4799.0,11,0,No,2,1,1,0,0,3,4,3,1,3,3,2023-04-01,No,0-1 yrs,25-34,Low,0,Below College,45,Medium Risk,21.0
E01274,40,Male,Married,Research & Development,Research Scientist,1,Human Resources,Non-Travel,12,5725.0,17,2,Yes,2,0,0,0,2,6,1,4,2,3,3,2024-09-01,No,0-1 yrs,35-44,Mid-Low,0,Below College,60,High Risk,4.0
E01275,26,Male,Married,Sales,Sales Representative,4,Medical,Non-Travel,23,8069.0,11,1,No,8,7,4,0,2,5,3,4,3,4,3,2017-08-01,No,6-10 yrs,25-34,High,0,Master,10,Low Risk,89.0
E01276,42,Male,Married,Research & Development,Manufacturing Director,3,Other,Non-Travel,29,10011.0,14,1,No,24,24,1,2,2,5,3,3,3,4,4,2005-02-01,No,10+ yrs,35-44,High,0,Bachelor,10,Low Risk,238.9
E01277,33,Male,Married,Research & Development,Research Scientist,4,Other,Travel_Rarely,2,8464.0,21,1,Yes,5,2,1,2,3,0,3,3,2,3,2,2022-02-01,No,2-3 yrs,25-34,High,0,Master,25,Medium Risk,35.0
E01278,54,Male,Married,Research & Development,Research Director,4,Other,Travel_Frequently,23,7244.0,15,1,No,3,2,2,0,4,1,4,2,3,4,3,2022-05-01,No,2-3 yrs,45-54,Mid-High,0,Master,10,Low Risk,32.0
E01279,43,Female,Single,Human Resources,HR Specialist,4,Marketing,Travel_Rarely,4,6604.0,17,0,No,6,3,1,0,1,2,1,2,4,2,3,2021-06-01,No,2-3 yrs,35-44,Mid-High,0,Master,20,Low Risk,43.0
E01280,30,Male,Married,Sales,Sales Executive,4,Medical,Travel_Rarely,21,8163.0,11,0,No,0,0,0,0,0,5,1,3,2,1,4,2024-10-01,No,0-1 yrs,25-34,High,0,Master,45,Medium Risk,3.0
E01281,45,Male,Single,Sales,Manager,4,Other,Non-Travel,8,6209.0,14,1,Yes,7,7,0,1,2,4,2,3,3,3,3,2017-07-01,Yes,6-10 yrs,45-54,Mid-Low,1,Master,45,Medium Risk,90.0
E01282,43,Female,Married,Research & Development,Laboratory Technician,3,Human Resources,Travel_Frequently,27,4595.0,11,1,No,5,1,0,0,2,5,2,3,3,3,3,2023-11-01,No,0-1 yrs,35-44,Low,0,Bachelor,60,High Risk,14.0
E01283,35,Female,Married,IT,Data Analyst,4,Business,Travel_Rarely,3,7474.0,14,0,Yes,2,1,1,1,6,2,3,3,3,2,3,2023-11-01,No,0-1 yrs,35-44,High,0,Master,40,Medium Risk,14.0
E01284,29,Male,Married,Human Resources,HR Specialist,3,Medical,Travel_Rarely,3,4534.0,11,2,No,3,3,0,2,3,4,2,3,1,3,2,2021-06-01,Yes,2-3 yrs,25-34,Low,1,Bachelor,50,High Risk,43.0
E01285,40,Female,Single,Research & Development,Research Director,2,Medical,Travel_Frequently,2,7374.0,18,0,Yes,11,9,1,0,1,2,2,1,2,3,3,2015-02-01,Yes,6-10 yrs,35-44,Mid-High,1,College,45,Medium Risk,119.0
E01286,36,Male,Married,Sales,Sales Representative,3,Human Resources,Travel_Rarely,19,4894.0,17,0,Yes,4,0,0,0,5,6,3,2,4,4,3,2024-08-01,Yes,0-1 yrs,35-44,Low,1,Bachelor,55,High Risk,5.0
E01287,38,Male,Married,Human Resources,Manager,4,Medical,Travel_Rarely,7,7684.0,11,0,Yes,7,7,0,0,3,2,4,3,3,3,3,2017-10-01,No,6-10 yrs,35-44,High,0,Master,25,Medium Risk,87.0
E01288,39,Female,Single,Human Resources,HR Executive,2,Human Resources,Travel_Frequently,6,4039.0,12,1,No,1,0,0,0,2,5,1,3,2,3,1,2024-01-01,No,0-1 yrs,35-44,Low,0,College,50,High Risk,12.0
E01289,35,Male,Divorced,Sales,Sales Representative,3,Life Sciences,Non-Travel,1,6768.0,21,0,Yes,4,0,0,0,3,1,2,4,2,2,3,2024-11-01,Yes,0-1 yrs,35-44,Mid-High,1,Bachelor,60,High Risk,2.0
E01290,34,Female,Married,Research & Development,Research Director,3,Medical,Travel_Rarely,29,7873.0,16,0,No,1,0,0,0,0,1,4,3,2,2,3,2024-01-01,Yes,0-1 yrs,25-34,High,1,Bachelor,25,Medium Risk,12.0
E01291,27,Male,Married,Sales,Manager,3,Medical,Travel_Rarely,1,5823.0,17,0,No,5,1,1,0,1,4,4,3,4,3,3,2023-07-01,Yes,0-1 yrs,25-34,Mid-Low,1,Bachelor,15,Low Risk,18.0
E01292,25,Male,Divorced,IT,IT Manager,5,Human Resources,Travel_Rarely,1,7328.0,11,0,No,2,2,2,0,4,4,2,2,1,3,3,2022-12-01,Yes,2-3 yrs,25-34,Mid-High,1,Doctorate,35,Medium Risk,25.0
E01293,19,Male,Married,Research & Development,Research Director,3,Technical Degree,Travel_Frequently,10,7258.0,25,0,No,1,1,0,0,2,0,4,4,4,3,4,2023-08-01,Yes,0-1 yrs,18-24,Mid-High,1,Bachelor,15,Low Risk,17.0
E01294,42,Female,Divorced,Sales,Sales Representative,2,Other,Travel_Rarely,2,7916.0,15,0,No,12,11,1,0,1,5,2,4,3,3,3,2013-03-01,No,10+ yrs,35-44,High,0,College,20,Low Risk,142.0
E01295,35,Male,Married,Sales,Sales Executive,2,Marketing,Non-Travel,15,4824.0,13,0,Yes,3,3,0,1,2,1,3,4,4,2,3,2021-09-01,No,2-3 yrs,35-44,Low,0,College,40,Medium Risk,40.0
E01296,39,Male,Single,Sales,Sales Executive,3,Other,Travel_Frequently,13,6019.0,11,1,No,10,10,0,0,1,4,3,3,3,3,3,2014-10-01,No,6-10 yrs,35-44,Mid-Low,0,Bachelor,0,Low Risk,123.0
E01297,35,Male,Single,Sales,Sales Executive,1,Marketing,Travel_Frequently,5,5321.0,18,0,No,3,1,1,1,1,0,4,3,4,3,3,2023-12-01,No,0-1 yrs,35-44,Low,0,Below College,30,Medium Risk,13.0
E01298,33,Female,Divorced,IT,Data Analyst,3,Life Sciences,Travel_Frequently,9,6622.0,20,1,No,1,1,1,1,0,4,2,3,3,2,4,2023-11-01,Yes,0-1 yrs,25-34,Mid-High,1,Bachelor,35,Medium Risk,14.0
E01299,45,Male,Divorced,Research & Development,Research Director,4,Medical,Travel_Frequently,3,6478.0,14,3,No,12,4,1,0,2,1,1,3,3,2,4,2020-05-01,No,4-5 yrs,45-54,Mid-Low,0,Master,20,Low Risk,56.0
E01300,46,Female,Married,Research & Development,Research Director,1,Marketing,Travel_Rarely,7,8151.0,13,1,No,6,6,1,0,5,4,4,1,3,1,4,2018-05-01,No,6-10 yrs,45-54,High,0,Below College,0,Low Risk,80.0
E01301,50,Female,Married,Research & Development,Laboratory Technician,5,Marketing,Travel_Rarely,7,6018.0,16,0,Yes,4,3,3,0,2,3,2,3,3,3,3,2021-09-01,No,2-3 yrs,45-54,Mid-Low,0,Doctorate,45,Medium Risk,40.0
E01302,27,Male,Single,Sales,Manager,5,Business,Travel_Rarely,4,7619.0,15,0,No,9,9,0,0,2,0,2,3,4,3,3,2015-06-01,No,6-10 yrs,25-34,High,0,Doctorate,20,Low Risk,115.0
E01303,31,Female,Married,IT,Data Analyst,2,Business,Travel_Rarely,29,7204.0,11,2,No,1,1,1,0,1,3,4,1,1,3,3,2023-04-01,Yes,0-1 yrs,25-34,Mid-High,1,College,40,Medium Risk,21.0
E01304,45,Male,Married,IT,IT Support,3,Business,Travel_Rarely,24,6148.0,14,1,Yes,9,4,0,0,2,1,2,3,3,3,3,2020-10-01,No,4-5 yrs,45-54,Mid-Low,0,Bachelor,55,High Risk,51.0
E01305,31,Male,Single,IT,IT Support,3,Life Sciences,Travel_Rarely,10,7381.0,15,0,Yes,13,2,0,0,5,2,2,3,4,3,3,2022-05-01,No,2-3 yrs,25-34,Mid-High,0,Bachelor,45,Medium Risk,32.0
E01306,38,Female,Single,IT,IT Support,4,Other,Non-Travel,2,6629.0,17,0,No,3,1,1,1,3,0,3,3,2,4,3,2023-05-01,Yes,0-1 yrs,35-44,Mid-High,1,Master,15,Low Risk,20.0
E01307,21,Male,Married,Sales,Manager,4,Medical,Travel_Rarely,6,7338.0,17,2,No,3,3,3,0,6,5,1,3,2,3,3,2021-06-01,Yes,2-3 yrs,18-24,Mid-High,1,Master,20,Low Risk,43.0
E01308,37,Male,Married,IT,Software Engineer,3,Technical Degree,Travel_Frequently,3,9256.0,19,3,No,14,14,4,4,2,4,4,3,4,2,4,2010-01-01,No,10+ yrs,35-44,High,0,Bachelor,0,Low Risk,180.0
E01309,39,Female,Married,Research & Development,Laboratory Technician,2,Human Resources,Non-Travel,17,4585.0,20,1,Yes,0,0,0,0,3,0,3,4,2,3,3,2024-12-01,No,0-1 yrs,35-44,Low,0,College,55,High Risk,1.0
E01310,26,Female,Single,Sales,Sales Executive,2,Marketing,Travel_Frequently,5,6257.0,13,1,No,8,8,0,0,1,6,1,4,4,3,2,2016-11-01,No,6-10 yrs,25-34,Mid-Low,0,College,20,Low Risk,98.0
E01311,22,Male,Single,Sales,Manager,3,Business,Travel_Rarely,7,5527.0,11,0,Yes,4,4,1,0,2,2,4,2,2,3,3,2020-04-01,Yes,4-5 yrs,18-24,Low,1,Bachelor,40,Medium Risk,57.0
E01312,35,Male,Married,Sales,Sales Representative,2,Technical Degree,Travel_Rarely,29,5408.0,13,0,No,3,1,1,0,2,4,4,3,3,2,3,2023-10-01,No,0-1 yrs,35-44,Low,0,College,40,Medium Risk,15.0
E01313,44,Female,Married,Research & Development,Research Scientist,3,Business,Travel_Rarely,2,6161.0,16,0,No,5,3,3,1,2,0,3,1,1,2,3,2021-10-01,No,2-3 yrs,35-44,Mid-Low,0,Bachelor,15,Low Risk,39.0
E01314,48,Male,Single,Research & Development,Manufacturing Director,4,Life Sciences,Travel_Rarely,26,5336.0,13,1,Yes,3,0,0,0,2,0,4,1,3,4,3,2024-11-01,No,0-1 yrs,45-54,Low,0,Master,65,High Risk,2.0
E01315,25,Female,Married,Sales,Manager,3,Medical,Travel_Frequently,3,6534.0,11,0,No,7,7,2,1,1,5,3,4,3,2,2,2017-02-01,No,6-10 yrs,25-34,Mid-High,0,Bachelor,0,Low Risk,94.9
E01316,29,Male,Single,Sales,Manager,4,Other,Travel_Rarely,13,6138.0,16,0,No,3,3,0,1,1,5,4,2,2,2,4,2021-06-01,No,2-3 yrs,25-34,Mid-Low,0,Master,0,Low Risk,43.0
E01317,23,Male,Married,Research & Development,Laboratory Technician,4,Life Sciences,Travel_Rarely,5,6499.0,14,0,No,1,0,0,0,1,3,4,4,3,2,4,2024-10-01,Yes,0-1 yrs,18-24,Mid-Low,1,Master,15,Low Risk,3.0
E01318,42,Male,Single,Sales,Manager,3,Business,Travel_Rarely,1,4365.0,15,1,No,1,0,0,0,4,6,4,3,3,2,2,2024-11-01,No,0-1 yrs,35-44,Low,0,Bachelor,30,Medium Risk,2.0
E01319,32,Male,Divorced,Sales,Sales Executive,5,Life Sciences,Non-Travel,10,9272.0,13,1,Yes,14,14,6,0,4,3,3,3,1,3,1,2010-09-01,Yes,10+ yrs,25-34,High,1,Doctorate,40,Medium Risk,172.0
E01320,25,Female,Single,Research & Development,Research Scientist,4,Medical,Travel_Rarely,2,6543.0,11,1,No,7,3,3,0,5,2,4,2,3,2,4,2021-09-01,No,2-3 yrs,25-34,Mid-High,0,Master,0,Low Risk,40.0
E01321,28,Female,Married,Research & Development,Laboratory Technician,5,Human Resources,Travel_Rarely,4,7837.0,16,0,No,3,2,0,2,3,3,4,2,3,3,3,2022-05-01,No,2-3 yrs,25-34,High,0,Doctorate,0,Low Risk,32.0
E01322,52,Female,Married,Finance,Financial Analyst,1,Other,Travel_Rarely,1,6766.0,16,0,No,2,0,0,0,0,5,3,1,3,3,1,2024-06-01,No,0-1 yrs,45-54,Mid-High,0,Below College,15,Low Risk,7.0
E01323,41,Female,Married,Research & Development,Laboratory Technician,3,Business,Travel_Rarely,2,7187.0,11,1,Yes,8,4,0,4,1,4,3,3,2,2,3,2020-08-01,Yes,4-5 yrs,35-44,Mid-High,1,Bachelor,25,Medium Risk,53.0
E01324,29,Female,Married,Research & Development,Research Scientist,3,Marketing,Non-Travel,1,7718.0,12,0,No,6,2,2,1,3,2,2,3,3,1,3,2022-12-01,No,2-3 yrs,25-34,High,0,Bachelor,20,Low Risk,25.0
E01325,24,Female,Married,Human Resources,HR Specialist,3,Technical Degree,Travel_Rarely,7,6467.0,14,2,Yes,6,2,2,1,0,1,2,1,3,4,3,2022-04-01,Yes,2-3 yrs,18-24,Mid-Low,1,Bachelor,45,Medium Risk,33.0
E01326,44,Male,Single,Research & Development,Research Director,4,Medical,Travel_Rarely,17,5359.0,18,0,Yes,4,1,0,1,2,3,2,4,3,3,1,2023-02-01,Yes,0-1 yrs,35-44,Low,1,Master,75,High Risk,23.0
E01327,23,Female,Married,Sales,Manager,4,Human Resources,Non-Travel,22,5372.0,11,1,No,5,2,0,0,1,0,4,3,2,4,3,2022-01-01,No,2-3 yrs,18-24,Low,0,Master,25,Medium Risk,36.0
E01328,27,Male,Single,Marketing,Manager,2,Business,Travel_Rarely,3,5633.0,23,1,Yes,0,0,0,0,2,4,1,4,1,3,3,2024-12-01,Yes,0-1 yrs,25-34,Low,1,College,90,High Risk,1.0
E01329,30,Male,Married,Sales,Manager,3,Business,Travel_Rarely,11,7223.0,17,0,No,10,1,0,1,5,3,4,4,4,2,4,2023-10-01,No,0-1 yrs,25-34,Mid-High,0,Bachelor,15,Low Risk,15.0
E01330,41,Male,Married,Research & Development,Research Director,2,Technical Degree,Travel_Rarely,11,6397.0,13,0,No,3,1,1,0,4,5,1,2,3,3,3,2023-11-01,No,0-1 yrs,35-44,Mid-Low,0,College,35,Medium Risk,14.0
E01331,39,Male,Married,Finance,Financial Analyst,2,Medical,Travel_Rarely,16,7272.0,16,2,Yes,6,3,0,1,5,3,3,2,2,4,2,2021-11-01,No,2-3 yrs,35-44,Mid-High,0,College,25,Medium Risk,38.0
E01332,54,Male,Married,Finance,Accountant,1,Marketing,Travel_Rarely,3,5385.0,12,0,Yes,4,3,0,0,4,6,1,1,4,4,4,2021-06-01,No,2-3 yrs,45-54,Low,0,Below College,60,High Risk,43.0
E01333,28,Male,Married,Research & Development,Laboratory Technician,3,Technical Degree,Non-Travel,12,6277.0,13,1,No,10,10,2,0,0,1,2,4,3,3,3,2014-01-01,No,6-10 yrs,25-34,Mid-Low,0,Bachelor,20,Low Risk,132.0
E01334,24,Female,Married,Research & Development,Research Director,4,Human Resources,Non-Travel,2,7851.0,14,0,No,6,6,6,1,3,0,3,3,2,4,3,2018-10-01,No,6-10 yrs,18-24,High,0,Master,0,Low Risk,75.0
E01335,36,Male,Married,Human Resources,Manager,4,Medical,Travel_Rarely,2,5444.0,21,0,No,9,2,2,1,5,1,1,3,3,3,3,2022-09-01,No,2-3 yrs,35-44,Low,0,Master,35,Medium Risk,28.0
E01336,43,Male,Single,IT,IT Manager,3,Life Sciences,Travel_Frequently,1,8109.0,11,2,No,5,4,2,1,1,1,3,4,3,2,2,2020-11-01,No,4-5 yrs,35-44,High,0,Bachelor,0,Low Risk,50.0
E01337,46,Male,Married,IT,IT Support,4,Medical,Travel_Frequently,10,7328.0,15,1,No,2,0,0,0,2,3,2,2,1,2,3,2024-11-01,Yes,0-1 yrs,45-54,Mid-High,1,Master,50,High Risk,2.0
E01338,43,Female,Married,Sales,Sales Representative,2,Life Sciences,Travel_Rarely,3,6743.0,12,2,No,11,9,9,0,0,6,4,1,3,2,4,2015-11-01,No,6-10 yrs,35-44,Mid-High,0,College,0,Low Risk,110.0
E01339,37,Male,Divorced,Sales,Manager,1,Human Resources,Non-Travel,15,4373.0,12,1,Yes,1,1,1,0,2,1,2,3,3,4,3,2023-08-01,No,0-1 yrs,35-44,Low,0,Below College,75,High Risk,17.0
E01340,34,Male,Married,Human Resources,Manager,5,Human Resources,Travel_Frequently,18,5610.0,24,2,No,4,4,2,2,3,6,3,4,4,3,3,2020-08-01,No,4-5 yrs,25-34,Low,0,Doctorate,15,Low Risk,53.0
E01341,34,Female,Married,Sales,Sales Executive,4,Business,Travel_Rarely,1,5423.0,12,0,Yes,12,3,3,0,2,2,3,4,4,2,3,2021-04-01,No,2-3 yrs,25-34,Low,0,Master,40,Medium Risk,45.0
E01342,18,Male,Single,Sales,Sales Executive,4,Technical Degree,Travel_Rarely,3,5100.0,13,0,No,0,0,0,0,1,6,3,2,1,4,3,2024-12-01,No,0-1 yrs,18-24,Low,0,Master,45,Medium Risk,1.0
E01343,45,Female,Married,Sales,Sales Executive,4,Business,Travel_Rarely,2,5874.0,21,0,No,2,0,0,0,1,1,4,2,4,3,4,2024-03-01,No,0-1 yrs,45-54,Mid-Low,0,Master,15,Low Risk,10.0
E01344,21,Female,Divorced,IT,Software Engineer,3,Technical Degree,Travel_Rarely,3,6463.0,14,1,No,3,3,0,0,1,5,3,3,4,3,3,2021-09-01,No,2-3 yrs,18-24,Mid-Low,0,Bachelor,0,Low Risk,40.0
E01345,31,Female,Married,Research & Development,Research Scientist,4,Other,Non-Travel,3,5897.0,15,2,No,1,0,0,0,0,6,3,3,3,4,3,2024-02-01,No,0-1 yrs,25-34,Mid-Low,0,Master,15,Low Risk,11.0
E01346,47,Male,Married,Research & Development,Research Scientist,3,Technical Degree,Travel_Rarely,3,8698.0,12,1,No,8,5,2,0,0,3,3,1,3,3,3,2019-10-01,No,4-5 yrs,45-54,High,0,Bachelor,0,Low Risk,63.0
E01347,27,Male,Divorced,Finance,Financial Analyst,3,Technical Degree,Travel_Rarely,10,7595.0,11,2,No,9,7,3,0,5,6,3,1,3,3,3,2017-08-01,Yes,6-10 yrs,25-34,High,1,Bachelor,0,Low Risk,89.0
E01348,42,Male,Married,Human Resources,Manager,4,Technical Degree,Travel_Rarely,14,6988.0,15,1,No,10,9,2,0,3,3,2,1,3,2,3,2015-10-01,No,6-10 yrs,35-44,Mid-High,0,Master,20,Low Risk,111.0
E01349,53,Female,Single,Human Resources,HR Executive,4,Marketing,Travel_Rarely,3,4671.0,18,1,No,2,0,0,0,3,0,1,4,3,3,3,2024-04-01,No,0-1 yrs,45-54,Low,0,Master,50,High Risk,9.0
E01350,32,Female,Single,Sales,Sales Executive,3,Medical,Travel_Rarely,1,5738.0,19,0,No,13,4,0,1,2,2,4,4,3,2,4,2020-02-01,No,4-5 yrs,25-34,Mid-Low,0,Bachelor,0,Low Risk,59.0
E01351,37,Male,Single,Finance,Finance Manager,3,Marketing,Travel_Frequently,2,7538.0,11,1,Yes,3,3,3,0,4,6,3,3,2,4,3,2021-08-01,No,2-3 yrs,35-44,High,0,Bachelor,25,Medium Risk,41.0
E01352,38,Female,Divorced,IT,Data Analyst,3,Marketing,Travel_Frequently,4,8327.0,13,1,No,13,5,2,0,6,2,3,3,2,1,3,2019-01-01,No,4-5 yrs,35-44,High,0,Bachelor,0,Low Risk,72.0
E01353,44,Male,Single,Sales,Manager,4,Technical Degree,Non-Travel,12,8103.0,11,1,No,9,7,1,0,2,5,3,4,3,3,3,2017-02-01,No,6-10 yrs,35-44,High,0,Master,0,Low Risk,94.9
E01354,29,Female,Divorced,Research & Development,Laboratory Technician,5,Other,Travel_Frequently,20,7139.0,20,0,Yes,8,4,2,0,1,3,4,1,3,3,3,2020-04-01,No,4-5 yrs,25-34,Mid-High,0,Doctorate,25,Medium Risk,57.0
E01355,34,Female,Married,Sales,Sales Executive,4,Human Resources,Travel_Rarely,10,7975.0,20,0,No,16,16,0,0,3,6,4,4,1,3,3,2008-08-01,No,10+ yrs,25-34,High,0,Master,15,Low Risk,197.0
E01356,60,Male,Single,Marketing,Manager,5,Human Resources,Travel_Rarely,1,7542.0,16,2,No,12,6,1,0,0,1,4,4,2,3,2,2018-03-01,No,6-10 yrs,55+,High,0,Doctorate,0,Low Risk,82.0
E01357,32,Male,Divorced,Research & Development,Manufacturing Director,3,Technical Degree,Travel_Rarely,11,7164.0,23,1,No,4,0,0,0,4,0,4,4,3,4,3,2024-07-01,No,0-1 yrs,25-34,Mid-High,0,Bachelor,15,Low Risk,6.0
E01358,33,Male,Married,Sales,Manager,2,Other,Travel_Rarely,3,7074.0,12,0,Yes,15,10,8,0,2,0,3,4,4,3,3,2014-04-01,No,6-10 yrs,25-34,Mid-High,0,College,25,Medium Risk,129.0
E01359,44,Female,Married,Sales,Sales Representative,2,Marketing,Travel_Rarely,26,4628.0,14,1,Yes,1,0,0,0,2,2,2,2,4,4,3,2024-12-01,Yes,0-1 yrs,35-44,Low,1,College,85,High Risk,1.0
E01360,26,Male,Married,Research & Development,Research Director,4,Marketing,Travel_Rarely,1,7031.0,15,0,Yes,4,4,4,3,3,4,3,4,2,4,4,2020-03-01,No,4-5 yrs,25-34,Mid-High,0,Master,25,Medium Risk,58.0
E01361,50,Female,Married,Marketing,Manager,3,Marketing,Travel_Rarely,1,5742.0,16,0,No,11,1,1,0,3,5,4,4,2,3,3,2023-06-01,No,0-1 yrs,45-54,Mid-Low,0,Bachelor,15,Low Risk,19.0
E01362,41,Male,Married,Sales,Sales Executive,3,Technical Degree,Non-Travel,1,5663.0,11,0,No,7,7,0,0,2,6,2,4,3,3,3,2017-07-01,No,6-10 yrs,35-44,Low,0,Bachelor,35,Medium Risk,90.0
E01363,23,Female,Married,Sales,Manager,3,Other,Travel_Frequently,27,7379.0,11,0,Yes,5,5,0,1,6,0,3,1,2,3,3,2019-12-01,No,4-5 yrs,18-24,Mid-High,0,Bachelor,35,Medium Risk,61.0
E01364,32,Male,Divorced,Research & Development,Manufacturing Director,4,Other,Travel_Rarely,3,6934.0,11,1,Yes,10,4,2,3,2,1,4,2,3,1,3,2020-12-01,No,4-5 yrs,25-34,Mid-High,0,Master,25,Medium Risk,49.0
E01365,35,Male,Married,Sales,Sales Representative,3,Human Resources,Travel_Rarely,3,4810.0,16,0,No,4,1,1,1,3,4,3,4,2,2,3,2023-10-01,Yes,0-1 yrs,35-44,Low,1,Bachelor,30,Medium Risk,15.0
E01366,46,Female,Single,Human Resources,Manager,3,Technical Degree,Travel_Frequently,2,6348.0,16,1,No,5,3,0,0,4,4,3,2,1,2,4,2021-11-01,No,2-3 yrs,45-54,Mid-Low,0,Bachelor,15,Low Risk,38.0
E01367,29,Male,Single,Sales,Manager,3,Life Sciences,Travel_Rarely,1,5864.0,16,0,Yes,2,1,0,0,4,6,2,1,4,3,2,2023-03-01,No,0-1 yrs,25-34,Mid-Low,0,Bachelor,60,High Risk,22.0
E01368,18,Female,Single,IT,Data Analyst,2,Life Sciences,Travel_Rarely,10,4259.0,18,1,Yes,0,0,0,0,3,4,1,3,3,2,4,2024-09-01,No,0-1 yrs,18-24,Low,0,College,75,High Risk,4.0
E01369,41,Male,Single,Research & Development,Manufacturing Director,2,Business,Travel_Rarely,3,4984.0,21,1,No,0,0,0,0,0,3,4,3,3,2,2,2024-12-01,No,0-1 yrs,35-44,Low,0,College,30,Medium Risk,1.0
E01370,33,Female,Single,Research & Development,Research Director,4,Business,Travel_Rarely,25,8372.0,17,0,Yes,14,12,0,1,7,6,4,4,3,4,3,2012-04-01,No,10+ yrs,25-34,High,0,Master,35,Medium Risk,153.0
E01371,32,Female,Married,Research & Development,Research Scientist,3,Technical Degree,Travel_Rarely,5,5080.0,16,2,Yes,3,0,0,0,1,2,3,2,3,3,3,2024-02-01,No,0-1 yrs,25-34,Low,0,Bachelor,55,High Risk,11.0
E01372,52,Male,Married,Human Resources,HR Executive,4,Human Resources,Travel_Rarely,4,6130.0,11,0,No,6,5,0,0,3,0,2,4,3,3,2,2019-06-01,No,4-5 yrs,45-54,Mid-Low,0,Master,20,Low Risk,67.0
E01373,23,Female,Divorced,IT,IT Manager,3,Business,Travel_Rarely,1,6653.0,11,0,No,4,3,1,1,1,5,1,1,4,2,3,2021-03-01,No,2-3 yrs,18-24,Mid-High,0,Bachelor,20,Low Risk,46.0
E01374,37,Male,Single,Marketing,Marketing Analyst,3,Life Sciences,Non-Travel,1,6158.0,18,0,Yes,5,5,2,0,6,1,3,4,3,2,2,2019-07-01,No,4-5 yrs,35-44,Mid-Low,0,Bachelor,25,Medium Risk,66.0
E01375,43,Male,Single,Finance,Accountant,2,Marketing,Travel_Rarely,3,8064.0,12,0,Yes,5,5,4,0,1,3,2,2,4,2,3,2019-07-01,Yes,4-5 yrs,35-44,High,1,College,45,Medium Risk,66.0
E01376,37,Male,Married,Research & Development,Research Scientist,2,Life Sciences,Travel_Frequently,1,8243.0,17,1,No,16,8,2,0,1,1,2,4,3,2,3,2016-06-01,No,6-10 yrs,35-44,High,0,College,20,Low Risk,103.0
E01377,44,Male,Married,Research & Development,Research Scientist,2,Marketing,Non-Travel,15,7421.0,18,1,No,12,11,1,0,2,5,4,3,3,3,3,2013-11-01,No,10+ yrs,35-44,High,0,College,0,Low Risk,134.0
E01378,47,Female,Married,IT,IT Support,4,Life Sciences,Non-Travel,10,6018.0,13,3,No,2,0,0,0,3,4,4,1,3,4,2,2024-02-01,No,0-1 yrs,45-54,Mid-Low,0,Master,15,Low Risk,11.0
E01379,36,Female,Married,Research & Development,Laboratory Technician,4,Life Sciences,Travel_Rarely,13,6460.0,13,0,No,5,0,0,0,3,0,3,4,3,2,3,2024-09-01,No,0-1 yrs,35-44,Mid-Low,0,Master,15,Low Risk,4.0
E01380,41,Male,Single,Research & Development,Laboratory Technician,1,Life Sciences,Travel_Rarely,8,6605.0,13,3,No,5,5,3,0,5,1,3,2,2,2,4,2019-01-01,No,4-5 yrs,35-44,Mid-High,0,Below College,0,Low Risk,72.0
E01381,25,Female,Divorced,Sales,Manager,3,Business,Travel_Rarely,1,7231.0,11,0,No,6,4,1,0,0,5,1,2,1,2,4,2020-09-01,No,4-5 yrs,25-34,Mid-High,0,Bachelor,35,Medium Risk,52.0
E01382,48,Male,Married,Sales,Sales Executive,3,Business,Travel_Rarely,3,7714.0,14,2,Yes,11,6,1,1,7,5,3,3,4,3,4,2018-08-01,No,6-10 yrs,45-54,High,0,Bachelor,25,Medium Risk,77.0
E01383,30,Male,Divorced,Research & Development,Research Scientist,3,Medical,Travel_Frequently,18,6595.0,11,1,No,12,2,1,2,4,6,4,2,4,4,3,2022-12-01,No,2-3 yrs,25-34,Mid-High,0,Bachelor,0,Low Risk,25.0
E01384,40,Male,Married,Sales,Manager,3,Business,Travel_Frequently,2,7675.0,12,1,No,5,4,0,4,1,3,2,4,2,2,3,2020-12-01,No,4-5 yrs,35-44,High,0,Bachelor,20,Low Risk,49.0
E01385,52,Female,Married,Marketing,Manager,3,Business,Travel_Rarely,1,5408.0,11,0,Yes,2,1,0,1,1,2,1,3,1,1,3,2023-04-01,Yes,0-1 yrs,45-54,Low,1,Bachelor,90,High Risk,21.0
E01386,30,Female,Single,IT,Data Analyst,4,Business,Travel_Frequently,1,8167.0,19,1,No,0,0,0,0,1,1,4,3,2,2,2,2024-11-01,No,0-1 yrs,25-34,High,0,Master,15,Low Risk,2.0
E01387,28,Female,Married,Sales,Sales Representative,4,Technical Degree,Travel_Rarely,3,7666.0,13,1,No,1,1,1,0,3,1,3,2,3,4,3,2023-02-01,No,0-1 yrs,25-34,High,0,Master,15,Low Risk,23.0
E01388,48,Male,Single,Finance,Financial Analyst,3,Life Sciences,Travel_Rarely,12,6218.0,11,0,No,3,3,0,3,2,0,2,3,3,2,3,2021-05-01,No,2-3 yrs,45-54,Mid-Low,0,Bachelor,20,Low Risk,44.0
E01389,35,Female,Married,Research & Development,Research Director,5,Medical,Travel_Rarely,4,6834.0,18,0,No,4,0,0,0,5,4,4,2,3,3,3,2024-04-01,No,0-1 yrs,35-44,Mid-High,0,Doctorate,15,Low Risk,9.0
E01390,25,Male,Single,Finance,Financial Analyst,2,Other,Travel_Rarely,5,5945.0,14,2,Yes,7,0,0,0,1,4,3,4,2,4,3,2024-12-01,Yes,0-1 yrs,25-34,Mid-Low,1,College,40,Medium Risk,1.0
E01391,32,Male,Divorced,Sales,Manager,4,Other,Travel_Rarely,11,7754.0,22,0,No,6,6,1,2,4,4,3,2,1,3,2,2018-02-01,Yes,6-10 yrs,25-34,High,1,Master,15,Low Risk,83.0
E01392,48,Male,Single,Finance,Finance Manager,2,Life Sciences,Travel_Frequently,5,6535.0,14,0,No,2,0,0,0,1,0,1,4,2,3,3,2024-03-01,No,0-1 yrs,45-54,Mid-High,0,College,35,Medium Risk,10.0
E01393,39,Female,Married,Finance,Finance Manager,2,Other,Non-Travel,5,5960.0,14,1,No,8,0,0,0,2,1,3,2,3,3,3,2024-09-01,Yes,0-1 yrs,35-44,Mid-Low,1,College,15,Low Risk,4.0
E01394,46,Female,Married,Research & Development,Manufacturing Director,3,Other,Travel_Frequently,24,7929.0,25,1,Yes,7,6,0,2,5,6,3,4,3,3,3,2018-03-01,No,6-10 yrs,45-54,High,0,Bachelor,35,Medium Risk,82.0
E01395,36,Male,Married,Human Resources,HR Executive,3,Human Resources,Travel_Rarely,1,6585.0,17,1,No,1,0,0,0,3,1,4,2,1,2,3,2024-02-01,No,0-1 yrs,35-44,Mid-High,0,Bachelor,30,Medium Risk,11.0
E01396,37,Female,Single,Human Resources,HR Executive,4,Life Sciences,Travel_Frequently,1,6707.0,15,1,Yes,5,4,4,0,0,0,1,3,3,3,3,2020-12-01,No,4-5 yrs,35-44,Mid-High,0,Master,45,Medium Risk,49.0
E01397,30,Male,Divorced,Finance,Accountant,3,Technical Degree,Travel_Rarely,29,6770.0,17,0,No,12,8,8,0,0,1,3,3,3,4,2,2016-03-01,No,6-10 yrs,25-34,Mid-High,0,Bachelor,10,Low Risk,106.0
E01398,55,Male,Married,Sales,Sales Executive,2,Medical,Travel_Rarely,29,6364.0,11,2,No,3,3,3,0,3,1,3,4,4,2,4,2021-09-01,No,2-3 yrs,55+,Mid-Low,0,College,10,Low Risk,40.0
E01399,41,Male,Divorced,Research & Development,Research Scientist,4,Marketing,Travel_Rarely,1,8090.0,18,3,No,12,6,1,4,2,4,4,2,1,2,3,2018-02-01,No,6-10 yrs,35-44,High,0,Master,15,Low Risk,83.0
E01400,35,Male,Married,Sales,Sales Representative,3,Medical,Travel_Frequently,2,7956.0,11,0,Yes,13,7,1,4,4,5,3,2,4,1,3,2017-11-01,No,6-10 yrs,35-44,High,0,Bachelor,25,Medium Risk,86.0
E01401,44,Female,Married,Research & Development,Research Scientist,4,Medical,Travel_Rarely,4,4967.0,11,0,No,0,0,0,0,2,1,4,2,1,3,3,2024-11-01,No,0-1 yrs,35-44,Low,0,Master,45,Medium Risk,2.0
E01402,48,Male,Divorced,Sales,Sales Representative,2,Business,Non-Travel,6,5643.0,19,1,No,2,0,0,0,2,2,1,1,1,2,3,2024-09-01,No,0-1 yrs,45-54,Low,0,College,65,High Risk,4.0
E01403,50,Male,Single,Finance,Financial Analyst,2,Technical Degree,Non-Travel,16,6128.0,18,1,No,0,0,0,0,3,1,1,3,4,4,3,2024-01-01,Yes,0-1 yrs,45-54,Mid-Low,1,College,35,Medium Risk,12.0
E01404,40,Male,Married,Human Resources,HR Specialist,3,Life Sciences,Non-Travel,4,5061.0,22,0,No,5,4,1,0,1,2,4,3,3,2,3,2020-12-01,No,4-5 yrs,35-44,Low,0,Bachelor,15,Low Risk,49.0
E01405,22,Male,Married,Finance,Financial Analyst,2,Medical,Travel_Rarely,5,6134.0,14,3,Yes,4,0,0,0,5,0,4,3,3,2,4,2024-05-01,Yes,0-1 yrs,18-24,Mid-Low,1,College,40,Medium Risk,8.0
E01406,33,Male,Married,IT,IT Manager,3,Marketing,Travel_Rarely,1,5765.0,16,1,No,9,1,1,1,2,6,2,4,4,3,3,2023-08-01,No,0-1 yrs,25-34,Mid-Low,0,Bachelor,35,Medium Risk,17.0
E01407,39,Male,Single,Sales,Manager,5,Marketing,Travel_Rarely,7,8332.0,11,2,No,17,13,7,0,2,2,4,3,4,3,3,2011-04-01,No,10+ yrs,35-44,High,0,Doctorate,0,Low Risk,165.0
E01408,34,Male,Single,Research & Development,Research Scientist,3,Other,Non-Travel,20,6387.0,20,1,Yes,2,2,2,2,1,6,2,1,2,2,3,2022-07-01,Yes,2-3 yrs,25-34,Mid-Low,1,Bachelor,45,Medium Risk,30.0
E01409,52,Male,Married,Finance,Finance Manager,4,Life Sciences,Travel_Rarely,13,5907.0,11,1,Yes,4,3,0,0,1,6,3,3,4,4,3,2021-12-01,Yes,2-3 yrs,45-54,Mid-Low,1,Master,25,Medium Risk,37.0
E01410,38,Male,Single,Research & Development,Manufacturing Director,4,Life Sciences,Travel_Rarely,1,6412.0,16,0,No,4,4,0,0,1,4,3,3,2,2,3,2020-12-01,No,4-5 yrs,35-44,Mid-Low,0,Master,0,Low Risk,49.0
E01411,54,Female,Divorced,IT,IT Support,2,Business,Travel_Frequently,15,9164.0,18,1,No,24,21,2,4,2,2,3,4,4,3,1,2005-04-01,No,10+ yrs,45-54,High,0,College,0,Low Risk,237.0
E01412,36,Male,Married,Research & Development,Manufacturing Director,2,Life Sciences,Travel_Rarely,3,5942.0,17,1,Yes,5,2,2,2,4,0,4,2,2,3,3,2022-10-01,No,2-3 yrs,35-44,Mid-Low,0,College,25,Medium Risk,27.0
E01413,37,Male,Single,Sales,Sales Executive,5,Technical Degree,Non-Travel,5,6083.0,11,2,No,2,2,2,0,2,0,1,3,2,3,4,2022-05-01,No,2-3 yrs,35-44,Mid-Low,0,Doctorate,20,Low Risk,32.0
E01414,35,Male,Divorced,Sales,Manager,2,Human Resources,Travel_Rarely,4,6820.0,12,1,No,5,4,0,0,6,0,3,2,1,2,3,2020-03-01,No,4-5 yrs,35-44,Mid-High,0,College,15,Low Risk,58.0
E01415,43,Male,Single,Human Resources,HR Executive,5,Medical,Travel_Rarely,2,5792.0,12,1,No,2,1,1,0,2,0,4,2,1,3,2,2023-10-01,No,0-1 yrs,35-44,Mid-Low,0,Doctorate,30,Medium Risk,15.0
E01416,43,Male,Divorced,Sales,Sales Representative,4,Technical Degree,Travel_Rarely,3,5264.0,25,0,No,3,3,3,0,2,2,4,2,3,3,2,2021-06-01,No,2-3 yrs,35-44,Low,0,Master,15,Low Risk,43.0
E01417,51,Female,Married,Research & Development,Manufacturing Director,2,Life Sciences,Travel_Rarely,1,6192.0,12,1,No,11,4,0,1,0,3,2,4,4,2,1,2020-04-01,No,4-5 yrs,45-54,Mid-Low,0,College,20,Low Risk,57.0
E01418,51,Female,Single,Finance,Accountant,3,Marketing,Travel_Frequently,2,5502.0,17,0,No,1,1,0,0,2,2,4,4,3,2,3,2023-07-01,No,0-1 yrs,45-54,Low,0,Bachelor,30,Medium Risk,18.0
E01419,43,Male,Married,Human Resources,HR Executive,5,Human Resources,Travel_Rarely,26,6867.0,17,1,No,9,9,5,2,4,1,3,2,3,4,3,2015-02-01,No,6-10 yrs,35-44,Mid-High,0,Doctorate,10,Low Risk,119.0
E01420,35,Female,Single,Sales,Sales Representative,2,Marketing,Travel_Rarely,3,4383.0,22,0,No,5,3,1,2,2,0,2,4,2,2,3,2021-07-01,Yes,2-3 yrs,35-44,Low,1,College,35,Medium Risk,42.0
E01421,44,Male,Married,Sales,Manager,4,Business,Travel_Frequently,7,4932.0,14,2,No,6,2,0,0,3,2,3,2,3,3,3,2022-02-01,No,2-3 yrs,35-44,Low,0,Master,15,Low Risk,35.0
E01422,42,Female,Married,Research & Development,Manufacturing Director,3,Human Resources,Travel_Rarely,1,7637.0,11,0,No,3,3,0,0,1,1,2,2,3,2,1,2021-03-01,No,2-3 yrs,35-44,High,0,Bachelor,20,Low Risk,46.0
E01423,46,Male,Single,Sales,Manager,2,Business,Travel_Rarely,1,6100.0,19,1,No,1,0,0,0,4,1,3,4,3,3,3,2024-08-01,No,0-1 yrs,45-54,Mid-Low,0,College,15,Low Risk,5.0
E01424,31,Male,Single,Sales,Sales Representative,2,Technical Degree,Travel_Frequently,29,5645.0,22,0,No,8,8,1,0,1,0,1,3,2,3,3,2016-12-01,No,6-10 yrs,25-34,Low,0,College,45,Medium Risk,97.0
E01425,20,Female,Married,Human Resources,HR Executive,2,Human Resources,Travel_Rarely,7,4451.0,11,0,No,2,2,1,2,2,1,3,4,3,2,3,2022-12-01,No,2-3 yrs,18-24,Low,0,College,15,Low Risk,25.0
E01426,38,Female,Single,IT,Data Analyst,3,Technical Degree,Travel_Frequently,3,5885.0,17,0,No,2,0,0,0,3,2,4,4,3,4,3,2024-09-01,No,0-1 yrs,35-44,Mid-Low,0,Bachelor,15,Low Risk,4.0
E01427,35,Male,Married,Finance,Accountant,3,Technical Degree,Travel_Rarely,1,5386.0,11,3,No,0,0,0,0,4,4,4,3,3,2,3,2024-06-01,No,0-1 yrs,35-44,Low,0,Bachelor,30,Medium Risk,7.0
E01428,23,Male,Married,Research & Development,Manufacturing Director,2,Life Sciences,Travel_Rarely,9,5619.0,17,0,No,4,0,0,0,1,1,4,3,3,2,3,2024-10-01,Yes,0-1 yrs,18-24,Low,1,College,30,Medium Risk,3.0
E01429,40,Male,Single,IT,Software Engineer,4,Life Sciences,Travel_Rarely,18,7126.0,14,0,No,6,3,2,3,3,1,4,3,3,3,2,2021-10-01,No,2-3 yrs,35-44,Mid-High,0,Master,0,Low Risk,39.0
E01430,42,Female,Divorced,Sales,Sales Representative,2,Technical Degree,Non-Travel,2,5675.0,14,0,Yes,1,1,1,0,3,3,2,3,4,2,3,2023-01-01,No,0-1 yrs,35-44,Mid-Low,0,College,60,High Risk,24.0
E01431,39,Male,Single,Sales,Manager,3,Business,Travel_Rarely,5,7174.0,17,0,Yes,13,13,7,1,3,6,2,4,1,4,3,2011-11-01,No,10+ yrs,35-44,Mid-High,0,Bachelor,60,High Risk,158.0
E01432,37,Male,Single,Sales,Manager,3,Medical,Travel_Rarely,4,6780.0,14,1,No,9,6,1,0,3,3,4,4,3,3,3,2018-02-01,No,6-10 yrs,35-44,Mid-High,0,Bachelor,0,Low Risk,83.0
E01433,46,Male,Divorced,Sales,Sales Executive,2,Technical Degree,Travel_Rarely,1,5978.0,11,0,No,1,0,0,0,2,0,3,2,4,2,3,2024-08-01,No,0-1 yrs,45-54,Mid-Low,0,College,15,Low Risk,5.0
E01434,32,Male,Married,Sales,Sales Executive,4,Marketing,Travel_Rarely,5,3887.0,11,1,No,4,4,1,0,2,5,4,2,4,2,3,2020-02-01,No,4-5 yrs,25-34,Low,0,Master,15,Low Risk,59.0
E01435,43,Female,Married,Sales,Sales Representative,2,Other,Travel_Rarely,15,5220.0,13,1,No,4,2,2,2,2,5,3,2,3,2,3,2022-11-01,No,2-3 yrs,35-44,Low,0,College,15,Low Risk,26.0
E01436,29,Male,Single,Research & Development,Research Director,3,Other,Travel_Frequently,7,7697.0,12,0,No,8,7,3,3,4,6,2,3,2,4,1,2017-02-01,No,6-10 yrs,25-34,High,0,Bachelor,20,Low Risk,94.9
E01437,43,Male,Married,Sales,Manager,3,Marketing,Non-Travel,1,7532.0,20,1,No,10,10,6,1,3,5,2,3,1,4,3,2014-06-01,No,6-10 yrs,35-44,High,0,Bachelor,35,Medium Risk,127.0
E01438,47,Male,Married,Research & Development,Research Scientist,3,Technical Degree,Travel_Rarely,4,8996.0,11,2,No,16,13,0,0,4,6,2,4,2,3,3,2011-04-01,No,10+ yrs,45-54,High,0,Bachelor,20,Low Risk,165.0
E01439,47,Male,Single,Research & Development,Manufacturing Director,3,Other,Non-Travel,1,5658.0,19,2,No,8,0,0,0,0,2,3,4,2,2,2,2024-01-01,No,0-1 yrs,45-54,Low,0,Bachelor,30,Medium Risk,12.0
E01440,41,Male,Single,Human Resources,HR Executive,4,Human Resources,Non-Travel,5,6783.0,19,0,No,7,5,0,0,6,4,4,2,3,2,2,2019-08-01,No,4-5 yrs,35-44,Mid-High,0,Master,0,Low Risk,65.0
E01441,47,Female,Married,Sales,Sales Executive,2,Life Sciences,Non-Travel,11,7299.0,17,1,Yes,15,13,0,2,1,3,4,4,3,4,3,2011-09-01,No,10+ yrs,45-54,Mid-High,0,College,25,Medium Risk,160.0
E01442,35,Male,Married,Finance,Finance Manager,3,Medical,Travel_Rarely,6,5380.0,15,1,No,1,1,1,1,5,0,4,2,2,3,4,2023-03-01,No,0-1 yrs,35-44,Low,0,Bachelor,30,Medium Risk,22.0
E01443,20,Female,Married,Research & Development,Research Director,2,Medical,Travel_Rarely,6,6113.0,12,0,No,1,1,1,1,1,6,4,4,3,2,3,2023-06-01,No,0-1 yrs,18-24,Mid-Low,0,College,15,Low Risk,19.0
E01444,34,Female,Married,Research & Development,Research Scientist,2,Marketing,Non-Travel,1,5214.0,11,1,No,8,7,6,0,2,4,4,4,3,2,3,2017-03-01,No,6-10 yrs,25-34,Low,0,College,15,Low Risk,94.0
E01445,21,Female,Divorced,Research & Development,Research Director,3,Medical,Travel_Rarely,7,8099.0,20,1,No,3,3,0,0,1,2,1,1,3,2,2,2021-07-01,Yes,2-3 yrs,18-24,High,1,Bachelor,20,Low Risk,42.0
E01446,18,Female,Single,IT,IT Manager,4,Life Sciences,Non-Travel,12,7140.0,12,2,No,0,0,0,0,4,4,3,4,3,2,3,2024-09-01,No,0-1 yrs,18-24,Mid-High,0,Master,15,Low Risk,4.0
E01447,52,Male,Married,Sales,Sales Executive,2,Marketing,Travel_Rarely,20,5577.0,14,0,No,4,3,0,0,2,2,3,2,1,3,4,2021-11-01,No,2-3 yrs,45-54,Low,0,College,30,Medium Risk,38.0
E01448,39,Female,Divorced,Research & Development,Research Scientist,5,Marketing,Travel_Frequently,2,6137.0,13,2,No,1,1,0,0,5,5,2,4,2,3,3,2023-07-01,No,0-1 yrs,35-44,Mid-Low,0,Doctorate,35,Medium Risk,18.0
E01449,46,Female,Divorced,Marketing,Manager,3,Business,Travel_Rarely,2,6310.0,14,1,Yes,6,5,0,0,4,3,4,4,2,2,3,2019-01-01,No,4-5 yrs,45-54,Mid-Low,0,Bachelor,25,Medium Risk,72.0
E01450,28,Male,Single,Finance,Accountant,3,Human Resources,Travel_Rarely,13,4240.0,16,1,No,2,2,2,0,1,4,3,2,2,4,4,2022-11-01,No,2-3 yrs,25-34,Low,0,Bachelor,15,Low Risk,26.0
E01451,29,Male,Divorced,Research & Development,Manufacturing Director,5,Human Resources,Travel_Rarely,6,7387.0,12,2,No,8,5,2,1,4,6,1,1,1,3,3,2019-03-01,No,4-5 yrs,25-34,High,0,Doctorate,35,Medium Risk,70.0
E01452,34,Male,Single,Marketing,Manager,3,Human Resources,Travel_Frequently,3,7449.0,19,0,No,12,12,4,1,0,6,4,3,2,2,3,2012-04-01,No,10+ yrs,25-34,High,0,Bachelor,0,Low Risk,153.0
E01453,38,Female,Single,Research & Development,Research Scientist,3,Business,Travel_Rarely,1,7223.0,11,1,No,3,1,0,0,1,6,3,4,3,4,2,2023-11-01,No,0-1 yrs,35-44,Mid-High,0,Bachelor,15,Low Risk,14.0
E01454,24,Female,Single,Research & Development,Research Scientist,1,Marketing,Travel_Rarely,2,6928.0,12,0,Yes,3,3,2,0,5,3,4,3,3,2,4,2021-01-01,No,2-3 yrs,18-24,Mid-High,0,Below College,25,Medium Risk,48.0
E01455,35,Male,Single,Research & Development,Research Scientist,5,Business,Travel_Rarely,6,7328.0,17,1,No,2,0,0,0,2,5,2,2,1,4,3,2024-11-01,Yes,0-1 yrs,35-44,Mid-High,1,Doctorate,50,High Risk,2.0
E01456,35,Female,Single,IT,Data Analyst,2,Other,Travel_Rarely,6,4665.0,11,1,No,1,1,1,1,4,3,4,1,4,2,3,2023-11-01,No,0-1 yrs,35-44,Low,0,College,30,Medium Risk,14.0
E01457,51,Female,Single,Finance,Financial Analyst,2,Marketing,Travel_Rarely,3,8446.0,11,1,No,14,8,1,0,3,4,2,3,2,2,2,2016-04-01,Yes,6-10 yrs,45-54,High,1,College,20,Low Risk,105.0
E01458,39,Female,Married,Sales,Sales Representative,4,Medical,Travel_Rarely,28,5643.0,19,0,No,8,7,7,2,5,5,4,4,2,3,3,2017-11-01,No,6-10 yrs,35-44,Low,0,Master,25,Medium Risk,86.0
E01459,41,Male,Married,Human Resources,HR Specialist,3,Marketing,Travel_Frequently,4,4028.0,14,1,No,3,0,0,0,4,5,4,2,3,3,2,2024-11-01,No,0-1 yrs,35-44,Low,0,Bachelor,30,Medium Risk,2.0
E01460,33,Male,Married,Research & Development,Manufacturing Director,2,Human Resources,Travel_Frequently,16,8738.0,17,3,No,9,8,6,1,2,4,4,1,3,4,4,2016-02-01,No,6-10 yrs,25-34,High,0,College,0,Low Risk,107.0
E01461,24,Female,Divorced,Marketing,Manager,4,Medical,Travel_Frequently,6,5256.0,11,1,No,1,1,1,0,4,2,4,4,3,4,3,2023-09-01,Yes,0-1 yrs,18-24,Low,1,Master,30,Medium Risk,16.0
E01462,27,Male,Divorced,Research & Development,Laboratory Technician,2,Business,Travel_Rarely,2,5867.0,19,2,Yes,9,8,3,0,1,6,2,1,3,3,2,2016-03-01,Yes,6-10 yrs,25-34,Mid-Low,1,College,45,Medium Risk,106.0
E01463,37,Male,Single,Sales,Sales Executive,5,Medical,Travel_Rarely,4,7375.0,11,0,No,5,1,0,0,3,3,2,1,4,2,4,2023-01-01,No,0-1 yrs,35-44,Mid-High,0,Doctorate,35,Medium Risk,24.0
E01464,55,Male,Single,Sales,Sales Executive,2,Medical,Travel_Rarely,4,5639.0,17,3,No,7,5,3,4,1,6,4,4,3,1,3,2019-03-01,No,4-5 yrs,55+,Low,0,College,15,Low Risk,70.0
E01465,19,Male,Single,Finance,Finance Manager,3,Human Resources,Travel_Rarely,2,6895.0,11,1,No,1,1,1,0,2,5,2,1,2,1,3,2023-11-01,Yes,0-1 yrs,18-24,Mid-High,1,Bachelor,35,Medium Risk,14.0
E01466,37,Female,Divorced,Sales,Sales Executive,4,Human Resources,Travel_Rarely,14,5506.0,12,0,Yes,5,0,0,0,2,2,4,1,3,2,4,2024-05-01,No,0-1 yrs,35-44,Low,0,Master,55,High Risk,8.0
E01467,27,Male,Single,Research & Development,Research Scientist,3,Other,Travel_Rarely,1,6145.0,12,1,Yes,5,5,1,1,4,1,4,3,3,2,3,2019-04-01,No,4-5 yrs,25-34,Mid-Low,0,Bachelor,25,Medium Risk,69.0
E01468,46,Male,Single,Marketing,Marketing Analyst,3,Life Sciences,Travel_Frequently,22,5622.0,14,3,No,1,1,0,0,6,1,1,1,1,3,4,2023-12-01,Yes,0-1 yrs,45-54,Low,1,Bachelor,75,High Risk,13.0
E01469,27,Male,Married,Sales,Manager,2,Marketing,Non-Travel,6,6054.0,14,2,No,6,2,0,1,1,6,4,3,3,3,3,2022-09-01,No,2-3 yrs,25-34,Mid-Low,0,College,0,Low Risk,28.0
E01470,36,Male,Single,Sales,Sales Executive,5,Human Resources,Travel_Rarely,5,5738.0,12,2,Yes,15,1,0,1,3,1,3,2,4,4,4,2023-10-01,No,0-1 yrs,35-44,Mid-Low,0,Doctorate,40,Medium Risk,15.0
E01471,27,Female,Married,Research & Development,Research Director,4,Life Sciences,Non-Travel,12,5827.0,20,1,No,1,0,0,0,4,5,3,4,3,3,3,2024-02-01,No,0-1 yrs,25-34,Mid-Low,0,Master,15,Low Risk,11.0
E01472,35,Female,Divorced,Research & Development,Manufacturing Director,3,Human Resources,Travel_Frequently,12,7175.0,15,1,Yes,2,2,0,0,0,3,3,2,3,2,3,2022-10-01,No,2-3 yrs,35-44,Mid-High,0,Bachelor,25,Medium Risk,27.0
E01473,38,Male,Married,Research & Development,Research Director,1,Business,Travel_Rarely,1,5258.0,16,0,Yes,1,0,0,0,1,6,4,2,2,4,3,2024-10-01,No,0-1 yrs,35-44,Low,0,Below College,55,High Risk,3.0
E01474,38,Female,Married,Sales,Sales Representative,4,Business,Non-Travel,2,6176.0,14,0,No,3,3,0,3,4,4,2,3,3,2,3,2021-03-01,No,2-3 yrs,35-44,Mid-Low,0,Master,20,Low Risk,46.0
E01475,26,Female,Married,Human Resources,HR Specialist,1,Technical Degree,Travel_Frequently,8,5458.0,16,0,No,8,7,0,0,6,0,4,4,3,2,3,2017-06-01,No,6-10 yrs,25-34,Low,0,Below College,15,Low Risk,91.0
E01476,26,Male,Married,Sales,Sales Executive,4,Human Resources,Travel_Frequently,14,6100.0,11,1,Yes,5,5,5,0,3,0,3,1,3,3,1,2019-04-01,No,4-5 yrs,25-34,Mid-Low,0,Master,25,Medium Risk,69.0
E01477,25,Male,Single,Research & Development,Laboratory Technician,3,Business,Travel_Rarely,9,6528.0,15,0,Yes,7,7,3,0,4,0,4,4,1,3,3,2017-08-01,Yes,6-10 yrs,25-34,Mid-High,1,Bachelor,40,Medium Risk,89.0
E01478,30,Female,Single,Research & Development,Manufacturing Director,3,Life Sciences,Travel_Rarely,6,5665.0,16,0,No,6,2,1,0,1,4,4,1,3,3,3,2022-07-01,No,2-3 yrs,25-34,Mid-Low,0,Bachelor,0,Low Risk,30.0
E01479,34,Male,Married,IT,Software Engineer,4,Human Resources,Travel_Rarely,5,4673.0,15,0,Yes,1,1,1,1,7,4,2,2,2,3,3,2023-08-01,Yes,0-1 yrs,25-34,Low,1,Master,75,High Risk,17.0
E01480,36,Male,Married,Sales,Sales Executive,5,Technical Degree,Travel_Rarely,13,8077.0,14,1,Yes,3,3,1,0,6,6,4,3,3,3,4,2021-03-01,No,2-3 yrs,35-44,High,0,Doctorate,25,Medium Risk,46.0
E01481,43,Female,Single,Sales,Sales Executive,4,Medical,Travel_Frequently,3,7328.0,13,1,No,19,14,0,6,3,0,3,1,4,3,3,2010-09-01,Yes,10+ yrs,35-44,Mid-High,1,Master,0,Low Risk,172.0
E01482,35,Male,Single,Research & Development,Research Scientist,3,Technical Degree,Travel_Frequently,5,6439.0,18,2,No,4,3,3,0,1,6,4,2,2,3,3,2021-06-01,Yes,2-3 yrs,35-44,Mid-Low,1,Bachelor,0,Low Risk,43.0
E01483,42,Female,Single,Research & Development,Manufacturing Director,4,Life Sciences,Travel_Rarely,1,6863.0,11,0,Yes,11,9,1,0,1,5,2,4,1,4,4,2015-10-01,Yes,6-10 yrs,35-44,Mid-High,1,Master,60,High Risk,111.0
E01484,25,Male,Divorced,Finance,Accountant,3,Marketing,Travel_Rarely,4,8235.0,18,0,No,7,3,3,1,3,6,3,3,2,2,2,2021-06-01,No,2-3 yrs,25-34,High,0,Bachelor,0,Low Risk,43.0
E01485,22,Male,Single,Sales,Sales Representative,2,Medical,Travel_Rarely,1,5895.0,13,3,No,3,3,0,0,3,2,2,3,3,3,3,2021-03-01,No,2-3 yrs,18-24,Mid-Low,0,College,20,Low Risk,46.0
E01486,45,Male,Married,Finance,Accountant,2,Life Sciences,Travel_Rarely,1,6676.0,11,0,Yes,3,2,0,1,2,1,3,2,2,3,3,2022-04-01,No,2-3 yrs,45-54,Mid-High,0,College,25,Medium Risk,33.0
E01487,40,Male,Single,Research & Development,Research Scientist,5,Technical Degree,Travel_Rarely,11,7664.0,15,0,Yes,3,2,0,1,2,1,2,3,4,3,4,2022-04-01,Yes,2-3 yrs,35-44,High,1,Doctorate,45,Medium Risk,33.0
E01488,45,Male,Divorced,Marketing,Marketing Executive,2,Life Sciences,Travel_Rarely,3,7500.0,16,1,Yes,9,8,4,1,6,4,3,1,3,2,2,2016-06-01,No,6-10 yrs,45-54,High,0,College,25,Medium Risk,103.0
E01489,38,Male,Married,Marketing,Marketing Analyst,4,Technical Degree,Travel_Rarely,13,7394.0,14,1,No,6,6,2,2,3,5,1,1,2,3,3,2018-05-01,No,6-10 yrs,35-44,High,0,Master,20,Low Risk,80.0
E01490,47,Female,Married,Human Resources,HR Executive,4,Life Sciences,Travel_Frequently,29,7590.0,16,1,No,19,17,4,1,0,0,4,3,2,3,3,2007-05-01,No,10+ yrs,45-54,High,0,Master,10,Low Risk,212.0
E01491,32,Female,Married,Sales,Sales Representative,3,Business,Travel_Frequently,21,8751.0,11,3,No,14,14,1,0,2,5,2,3,2,3,4,2010-11-01,No,10+ yrs,25-34,High,0,Bachelor,30,Medium Risk,170.0
E01492,39,Male,Married,IT,Software Engineer,3,Technical Degree,Travel_Rarely,6,5632.0,11,1,No,1,0,0,0,2,5,4,1,2,2,3,2024-03-01,No,0-1 yrs,35-44,Low,0,Bachelor,30,Medium Risk,10.0
E01493,52,Male,Single,IT,IT Manager,2,Business,Travel_Frequently,29,7535.0,11,0,No,9,6,0,1,0,4,3,4,1,2,4,2018-05-01,Yes,6-10 yrs,45-54,High,1,College,25,Medium Risk,80.0
E01494,45,Male,Single,Sales,Manager,5,Human Resources,Travel_Rarely,5,7731.0,14,0,Yes,12,9,2,0,2,4,2,4,3,3,4,2015-10-01,No,6-10 yrs,45-54,High,0,Doctorate,45,Medium Risk,111.0
E01495,35,Female,Single,Marketing,Manager,4,Medical,Travel_Frequently,3,4874.0,16,3,No,9,2,2,2,1,2,4,4,2,4,3,2022-05-01,No,2-3 yrs,35-44,Low,0,Master,15,Low Risk,32.0
E01496,42,Female,Married,Research & Development,Manufacturing Director,4,Marketing,Travel_Frequently,1,7710.0,11,0,No,4,2,2,0,5,4,2,3,1,3,3,2022-11-01,No,2-3 yrs,35-44,High,0,Master,35,Medium Risk,26.0
E01497,29,Female,Single,Human Resources,HR Executive,2,Human Resources,Travel_Frequently,4,5076.0,15,0,No,4,1,0,1,3,1,4,2,3,2,4,2023-06-01,Yes,0-1 yrs,25-34,Low,1,College,30,Medium Risk,19.0
E01498,38,Male,Married,Marketing,Marketing Executive,3,Other,Travel_Frequently,29,5342.0,11,1,No,8,2,2,2,3,0,3,4,4,1,3,2022-02-01,No,2-3 yrs,35-44,Low,0,Bachelor,25,Medium Risk,35.0
E01499,45,Male,Married,Sales,Manager,2,Human Resources,Non-Travel,2,5787.0,14,0,No,4,1,0,1,3,3,3,3,3,3,3,2023-12-01,No,0-1 yrs,45-54,Mid-Low,0,College,15,Low Risk,13.0
E01500,34,Male,Single,Sales,Sales Representative,3,Business,Travel_Rarely,10,6784.0,11,3,Yes,3,3,3,2,0,0,4,1,3,3,3,2021-04-01,No,2-3 yrs,25-34,Mid-High,0,Bachelor,25,Medium Risk,45.0
